2025-05-27 11:35:00,719 [INFO] Activator:176 - 


2025-05-27 11:35:00,725 [INFO] Activator:177 - !SESSION log4j initialized
2025-05-27 11:35:09,836 [INFO] LogOutputStream:77 - [STDOUT_REDIRECT] 
2025-05-27 11:35:12,877 [INFO] ApplicationProperties:184 - Using Application install path: C:\ST\STM32CubeIDE_1.17.0\STM32CubeIDE\plugins\com.st.stm32cube.common.mx_6.13.0.202411220809
2025-05-27 11:35:12,909 [INFO] DbMcusXml:78 - Set database path to: C:\ST\STM32CubeIDE_1.17.0\STM32CubeIDE\plugins\com.st.stm32cube.common.mx_6.13.0.202411220809\\db\/mcu/
2025-05-27 11:35:12,910 [INFO] ApiDb:274 - Set plugin database path to: C:\ST\STM32CubeIDE_1.17.0\STM32CubeIDE\plugins\com.st.stm32cube.common.mx_6.13.0.202411220809\\db\/plugins/boardmanager/
2025-05-27 11:35:12,911 [WARN] ApiDb:259 - Overriding images path with different value:  => C:\ST\STM32CubeIDE_1.17.0\STM32CubeIDE\plugins\com.st.stm32cube.common.mx_6.13.0.202411220809\\db\/plugins/mcufinder/images/
2025-05-27 11:35:12,938 [INFO] ApiDb:250 - Set database path to: C:\Users\thepd\.stmcufinder\plugins\mcufinder//mcu/
2025-05-27 11:35:12,939 [INFO] DbMcusAds:125 - Set database path to: C:\Users\thepd\.stmcufinder\plugins\mcufinder//mcu/
2025-05-27 11:35:12,943 [INFO] CrossReferenceDbSqlite:203 - Set database path to: C:\Users\thepd\.stmcufinder\plugins\mcufinder//mcu/cs/
2025-05-27 11:35:13,164 [INFO] RulesReader:64 - Compatibility file has been processed (297 Rules)
2025-05-27 11:35:13,374 [INFO] DbMcusXml:78 - Set database path to: C:\ST\STM32CubeIDE_1.17.0\STM32CubeIDE\plugins\com.st.stm32cube.common.mx_6.13.0.202411220809\\db\/mcu/
2025-05-27 11:35:13,374 [INFO] ApiDb:274 - Set plugin database path to: C:\ST\STM32CubeIDE_1.17.0\STM32CubeIDE\plugins\com.st.stm32cube.common.mx_6.13.0.202411220809\\db\/plugins/boardmanager/
2025-05-27 11:35:13,374 [INFO] ApiDb:261 - Set plugin images path to: C:\ST\STM32CubeIDE_1.17.0\STM32CubeIDE\plugins\com.st.stm32cube.common.mx_6.13.0.202411220809\\db\/plugins/mcufinder/images/
2025-05-27 11:35:13,375 [WARN] DbFile:41 - Overriding database path with different value: C:\Users\thepd\.stmcufinder\plugins\mcufinder/ => C:\Users\thepd\.stmcufinder\plugins\mcufinder
2025-05-27 11:35:13,375 [INFO] ApiDb:250 - Set database path to: C:\Users\thepd\.stmcufinder\plugins\mcufinder//mcu/
2025-05-27 11:35:13,375 [WARN] DbFile:41 - Overriding database path with different value: C:\Users\thepd\.stmcufinder\plugins\mcufinder/ => C:\Users\thepd\.stmcufinder\plugins\mcufinder
2025-05-27 11:35:13,375 [INFO] DbMcusAds:125 - Set database path to: C:\Users\thepd\.stmcufinder\plugins\mcufinder//mcu/
2025-05-27 11:35:13,375 [WARN] DbFile:41 - Overriding database path with different value: C:\Users\thepd\.stmcufinder\plugins\mcufinder/ => C:\Users\thepd\.stmcufinder\plugins\mcufinder
2025-05-27 11:35:13,375 [WARN] DbFile:41 - Overriding database path with different value: C:\Users\thepd\.stmcufinder\plugins\mcufinder/ => C:\Users\thepd\.stmcufinder\plugins\mcufinder
2025-05-27 11:35:13,375 [INFO] CrossReferenceDbSqlite:203 - Set database path to: C:\Users\thepd\.stmcufinder\plugins\mcufinder//mcu/cs/
2025-05-27 11:35:13,496 [INFO] MainPanel:272 - HeapMemory: 268435456
2025-05-27 11:35:13,704 [INFO] DbMcusXml:78 - Set database path to: C:\ST\STM32CubeIDE_1.17.0\STM32CubeIDE\plugins\com.st.stm32cube.common.mx_6.13.0.202411220809\\db\/mcu/
2025-05-27 11:35:13,706 [INFO] ApiDb:274 - Set plugin database path to: C:\ST\STM32CubeIDE_1.17.0\STM32CubeIDE\plugins\com.st.stm32cube.common.mx_6.13.0.202411220809\\db\/plugins/boardmanager/
2025-05-27 11:35:13,706 [INFO] ApiDb:261 - Set plugin images path to: C:\ST\STM32CubeIDE_1.17.0\STM32CubeIDE\plugins\com.st.stm32cube.common.mx_6.13.0.202411220809\\db\/plugins/mcufinder/images/
2025-05-27 11:35:13,706 [WARN] DbFile:41 - Overriding database path with different value: C:\Users\thepd\.stmcufinder\plugins\mcufinder/ => C:\Users\thepd\.stmcufinder\plugins\mcufinder
2025-05-27 11:35:13,706 [INFO] ApiDb:250 - Set database path to: C:\Users\thepd\.stmcufinder\plugins\mcufinder//mcu/
2025-05-27 11:35:13,707 [WARN] DbFile:41 - Overriding database path with different value: C:\Users\thepd\.stmcufinder\plugins\mcufinder/ => C:\Users\thepd\.stmcufinder\plugins\mcufinder
2025-05-27 11:35:13,707 [INFO] DbMcusAds:125 - Set database path to: C:\Users\thepd\.stmcufinder\plugins\mcufinder//mcu/
2025-05-27 11:35:13,707 [WARN] DbFile:41 - Overriding database path with different value: C:\Users\thepd\.stmcufinder\plugins\mcufinder/ => C:\Users\thepd\.stmcufinder\plugins\mcufinder
2025-05-27 11:35:13,707 [WARN] DbFile:41 - Overriding database path with different value: C:\Users\thepd\.stmcufinder\plugins\mcufinder/ => C:\Users\thepd\.stmcufinder\plugins\mcufinder
2025-05-27 11:35:13,707 [INFO] CrossReferenceDbSqlite:203 - Set database path to: C:\Users\thepd\.stmcufinder\plugins\mcufinder//mcu/cs/
2025-05-27 11:35:13,739 [INFO] ApplicationProperties:184 - Using Application install path: C:\ST\STM32CubeIDE_1.17.0\STM32CubeIDE\plugins\com.st.stm32cube.common.mx_6.13.0.202411220809
2025-05-27 11:35:13,740 [INFO] PluginManage:196 - Search for loadable plugins [exclusion list=, ]
2025-05-27 11:35:13,743 [INFO] PluginManage:310 - Check plugin analytics
2025-05-27 11:35:14,131 [INFO] AnalyticsPlugin:253 - Accepted Software Licenses: STM32CubeMX.6.4.0,STM32CubeMX.6.14.0
2025-05-27 11:35:14,131 [INFO] AnalyticsPlugin:255 - Accepted CMSIS Pack Licenses: 
2025-05-27 11:35:14,132 [INFO] AnalyticsPlugin:257 - Accepted Firmware Licenses: FW.G4.1.6.0,FW.G4.1.5.0,FW.F4.1.28.0
2025-05-27 11:35:14,139 [INFO] PluginManage:359 - Loaded plugin analytics (category:tool,tabindex:-1)
2025-05-27 11:35:14,139 [INFO] PluginManage:310 - Check plugin cadmodel
2025-05-27 11:35:14,168 [INFO] CADModel:105 - Init CAD model plugin
2025-05-27 11:35:14,168 [INFO] PluginManage:359 - Loaded plugin cadmodel (category:power,tabindex:5)
2025-05-27 11:35:14,169 [INFO] PluginManage:310 - Check plugin clock
2025-05-27 11:35:14,202 [INFO] PluginManage:359 - Loaded plugin clock (category:base,tabindex:2)
2025-05-27 11:35:14,202 [INFO] PluginManage:310 - Check plugin ddr
2025-05-27 11:35:14,206 [INFO] PluginManage:359 - Loaded plugin ddr (category:tool,tabindex:6)
2025-05-27 11:35:14,206 [INFO] PluginManage:310 - Check plugin filemanager
2025-05-27 11:35:14,460 [INFO] PluginManage:359 - Loaded plugin filemanager (category:base,tabindex:10)
2025-05-27 11:35:14,461 [INFO] PluginManage:310 - Check plugin ipmanager
2025-05-27 11:35:14,471 [INFO] PluginManage:359 - Loaded plugin ipmanager (category:base,tabindex:5)
2025-05-27 11:35:14,471 [INFO] PluginManage:310 - Check plugin lpbam
2025-05-27 11:35:14,500 [INFO] PluginManage:359 - Loaded plugin lpbam (category:base,tabindex:0)
2025-05-27 11:35:14,500 [INFO] PluginManage:310 - Check plugin memorymap
2025-05-27 11:35:14,542 [INFO] PluginManage:359 - Loaded plugin memorymap (category:base,tabindex:4)
2025-05-27 11:35:14,542 [INFO] PluginManage:310 - Check plugin pinoutandconfiguration
2025-05-27 11:35:14,570 [INFO] PluginManage:359 - Loaded plugin pinoutandconfiguration (category:base,tabindex:1)
2025-05-27 11:35:14,571 [INFO] PluginManage:310 - Check plugin pinoutconfig
2025-05-27 11:35:14,777 [WARN] SupportedApi:132 - Cannot load RTOS API schema: s4s-elt-must-match.1: The content of 'definitions' must match (annotation?, (simpleType | complexType)?, (unique | key | keyref)*)). A problem was found starting at: attribute.
2025-05-27 11:35:15,047 [INFO] PluginManage:359 - Loaded plugin pinoutconfig (category:base,tabindex:0)
2025-05-27 11:35:15,049 [INFO] PluginManage:310 - Check plugin power
2025-05-27 11:35:15,082 [INFO] PluginManage:359 - Loaded plugin power (category:power,tabindex:4)
2025-05-27 11:35:15,082 [INFO] PluginManage:310 - Check plugin projectmanager
2025-05-27 11:35:15,111 [INFO] PluginManage:359 - Loaded plugin projectmanager (category:projectmanager,tabindex:4)
2025-05-27 11:35:15,112 [INFO] PluginManage:310 - Check plugin rif
2025-05-27 11:35:15,142 [INFO] PluginManage:359 - Loaded plugin rif (category:base,tabindex:3)
2025-05-27 11:35:15,142 [INFO] PluginManage:310 - Check plugin thirdparty
2025-05-27 11:35:15,636 [WARN] IntegrityCheckThread:84 - waiting for thirdparty lock release [integrity check]
2025-05-27 11:35:15,636 [INFO] PluginManage:359 - Loaded plugin thirdparty (category:base,tabindex:-1)
2025-05-27 11:35:15,636 [INFO] IntegrityCheckThread:86 - entering critical section [integrity check]
2025-05-27 11:35:15,636 [INFO] PluginManage:310 - Check plugin tools
2025-05-27 11:35:15,637 [INFO] ThirdPartyUpdaterWithRetryManager:70 - Updater plugin not ready yet. [1/15]
2025-05-27 11:35:15,693 [INFO] PluginManage:359 - Loaded plugin tools (category:base,tabindex:7)
2025-05-27 11:35:15,693 [INFO] PluginManage:310 - Check plugin tutovideos
2025-05-27 11:35:15,986 [INFO] PluginManage:359 - Loaded plugin tutovideos (category:base,tabindex:-1)
2025-05-27 11:35:15,986 [INFO] PluginManage:310 - Check plugin updater
2025-05-27 11:35:16,015 [INFO] PluginManage:359 - Loaded plugin updater (category:base,tabindex:12)
2025-05-27 11:35:16,015 [INFO] PluginManage:310 - Check plugin userauth
2025-05-27 11:35:16,037 [INFO] UserAuth:118 - Init User Auth plugin
2025-05-27 11:35:16,038 [INFO] PluginManage:359 - Loaded plugin userauth (category:base,tabindex:14)
2025-05-27 11:35:16,039 [INFO] PluginManage:283 - PluginManage : Loaded plugins [18]
2025-05-27 11:35:16,360 [INFO] PinOutPanel:1589 - setPackage(No Configuration,No Configuration)
2025-05-27 11:35:16,478 [INFO] CADModel:165 - CPN selected for project level
2025-05-27 11:35:16,478 [INFO] CADModel:114 - Register for checkConnection events
2025-05-27 11:35:16,518 [INFO] IPUIPlugin:80 - create IPUIPlugin
2025-05-27 11:35:16,519 [INFO] PluginManager:220 - loadIPPluginJar : add adc
2025-05-27 11:35:16,578 [INFO] IPUIPlugin:80 - create IPUIPlugin
2025-05-27 11:35:16,578 [INFO] PluginManager:220 - loadIPPluginJar : add aes
2025-05-27 11:35:16,642 [INFO] IPUIPlugin:80 - create IPUIPlugin
2025-05-27 11:35:16,642 [INFO] PluginManager:220 - loadIPPluginJar : add can
2025-05-27 11:35:16,678 [INFO] IPUIPlugin:80 - create IPUIPlugin
2025-05-27 11:35:16,678 [INFO] PluginManager:220 - loadIPPluginJar : add comp
2025-05-27 11:35:16,728 [INFO] IPUIPlugin:80 - create IPUIPlugin
2025-05-27 11:35:16,728 [INFO] PluginManager:220 - loadIPPluginJar : add cryp
2025-05-27 11:35:16,745 [INFO] IPUIPlugin:80 - create IPUIPlugin
2025-05-27 11:35:16,745 [INFO] PluginManager:220 - loadIPPluginJar : add ddr_ctrl_phy
2025-05-27 11:35:16,788 [INFO] IPUIPlugin:80 - create IPUIPlugin
2025-05-27 11:35:16,788 [INFO] PluginManager:220 - loadIPPluginJar : add dfsdm
2025-05-27 11:35:16,811 [INFO] IPUIPlugin:80 - create IPUIPlugin
2025-05-27 11:35:16,811 [INFO] PluginManager:220 - loadIPPluginJar : add dma
2025-05-27 11:35:16,882 [INFO] IPUIPlugin:80 - create IPUIPlugin
2025-05-27 11:35:16,882 [INFO] PluginManager:220 - loadIPPluginJar : add dma3
2025-05-27 11:35:16,950 [INFO] IPUIPlugin:80 - create IPUIPlugin
2025-05-27 11:35:16,950 [INFO] PluginManager:220 - loadIPPluginJar : add extmemmanager
2025-05-27 11:35:16,984 [INFO] IPUIPlugin:80 - create IPUIPlugin
2025-05-27 11:35:16,984 [INFO] PluginManager:220 - loadIPPluginJar : add fatfs
2025-05-27 11:35:17,053 [INFO] IPUIPlugin:80 - create IPUIPlugin
2025-05-27 11:35:17,053 [INFO] PluginManager:220 - loadIPPluginJar : add fmc
2025-05-27 11:35:17,075 [INFO] IPUIPlugin:80 - create IPUIPlugin
2025-05-27 11:35:17,075 [INFO] PluginManager:220 - loadIPPluginJar : add freertos
2025-05-27 11:35:17,105 [INFO] IPUIPlugin:80 - create IPUIPlugin
2025-05-27 11:35:17,106 [INFO] PluginManager:220 - loadIPPluginJar : add genericplugin
2025-05-27 11:35:17,249 [INFO] IPUIPlugin:80 - create IPUIPlugin
2025-05-27 11:35:17,250 [INFO] PluginManager:220 - loadIPPluginJar : add gfxmmu
2025-05-27 11:35:17,445 [INFO] IPUIPlugin:80 - create IPUIPlugin
2025-05-27 11:35:17,445 [INFO] PluginManager:220 - loadIPPluginJar : add gic
2025-05-27 11:35:17,465 [INFO] IPUIPlugin:80 - create IPUIPlugin
2025-05-27 11:35:17,465 [INFO] PluginManager:220 - loadIPPluginJar : add gpio
2025-05-27 11:35:17,596 [INFO] IPUIPlugin:80 - create IPUIPlugin
2025-05-27 11:35:17,596 [INFO] PluginManager:220 - loadIPPluginJar : add gtzc
2025-05-27 11:35:17,650 [INFO] IPUIPlugin:80 - create IPUIPlugin
2025-05-27 11:35:17,650 [INFO] PluginManager:220 - loadIPPluginJar : add hash
2025-05-27 11:35:17,732 [INFO] IPUIPlugin:80 - create IPUIPlugin
2025-05-27 11:35:17,732 [INFO] PluginManager:220 - loadIPPluginJar : add i2c
2025-05-27 11:35:17,794 [INFO] IPUIPlugin:80 - create IPUIPlugin
2025-05-27 11:35:17,794 [INFO] PluginManager:220 - loadIPPluginJar : add i2s
2025-05-27 11:35:17,857 [INFO] IPUIPlugin:80 - create IPUIPlugin
2025-05-27 11:35:17,858 [INFO] PluginManager:220 - loadIPPluginJar : add i3c
2025-05-27 11:35:17,999 [INFO] IPUIPlugin:80 - create IPUIPlugin
2025-05-27 11:35:17,999 [INFO] PluginManager:220 - loadIPPluginJar : add ipddr
2025-05-27 11:35:18,143 [INFO] IPUIPlugin:80 - create IPUIPlugin
2025-05-27 11:35:18,143 [INFO] PluginManager:220 - loadIPPluginJar : add linkedlist
2025-05-27 11:35:18,199 [INFO] IPUIPlugin:80 - create IPUIPlugin
2025-05-27 11:35:18,199 [INFO] PluginManager:220 - loadIPPluginJar : add lorawan
2025-05-27 11:35:18,256 [INFO] IPUIPlugin:80 - create IPUIPlugin
2025-05-27 11:35:18,258 [INFO] PluginManager:220 - loadIPPluginJar : add ltdc
2025-05-27 11:35:18,276 [INFO] IPUIPlugin:80 - create IPUIPlugin
2025-05-27 11:35:18,276 [INFO] PluginManager:220 - loadIPPluginJar : add mdma
2025-05-27 11:35:18,294 [INFO] IPUIPlugin:80 - create IPUIPlugin
2025-05-27 11:35:18,294 [INFO] PluginManager:220 - loadIPPluginJar : add nvic
2025-05-27 11:35:18,351 [INFO] IPUIPlugin:80 - create IPUIPlugin
2025-05-27 11:35:18,351 [INFO] PluginManager:220 - loadIPPluginJar : add opamp
2025-05-27 11:35:18,451 [INFO] IPUIPlugin:80 - create IPUIPlugin
2025-05-27 11:35:18,451 [INFO] PluginManager:220 - loadIPPluginJar : add openamp
2025-05-27 11:35:18,517 [INFO] IPUIPlugin:80 - create IPUIPlugin
2025-05-27 11:35:18,517 [INFO] PluginManager:220 - loadIPPluginJar : add pdm2pcm
2025-05-27 11:35:18,535 [INFO] IPUIPlugin:80 - create IPUIPlugin
2025-05-27 11:35:18,539 [INFO] PluginManager:220 - loadIPPluginJar : add plateformsettings
2025-05-27 11:35:18,573 [INFO] IPUIPlugin:80 - create IPUIPlugin
2025-05-27 11:35:18,573 [INFO] PluginManager:220 - loadIPPluginJar : add quadspi
2025-05-27 11:35:18,613 [INFO] IPUIPlugin:80 - create IPUIPlugin
2025-05-27 11:35:18,614 [INFO] PluginManager:220 - loadIPPluginJar : add radio
2025-05-27 11:35:18,634 [INFO] IPUIPlugin:80 - create IPUIPlugin
2025-05-27 11:35:18,636 [INFO] PluginManager:220 - loadIPPluginJar : add resmgrutility
2025-05-27 11:35:18,640 [INFO] ThirdPartyUpdaterWithRetryManager:70 - Updater plugin not ready yet. [2/15]
2025-05-27 11:35:18,704 [INFO] IPUIPlugin:80 - create IPUIPlugin
2025-05-27 11:35:18,704 [INFO] PluginManager:220 - loadIPPluginJar : add sai
2025-05-27 11:35:18,762 [INFO] IPUIPlugin:80 - create IPUIPlugin
2025-05-27 11:35:18,762 [INFO] PluginManager:220 - loadIPPluginJar : add spi
2025-05-27 11:35:18,862 [INFO] IPUIPlugin:80 - create IPUIPlugin
2025-05-27 11:35:18,862 [INFO] PluginManager:220 - loadIPPluginJar : add stm32_wpan
2025-05-27 11:35:18,898 [INFO] IPUIPlugin:80 - create IPUIPlugin
2025-05-27 11:35:18,898 [INFO] PluginManager:220 - loadIPPluginJar : add tim
2025-05-27 11:35:18,987 [INFO] IPUIPlugin:80 - create IPUIPlugin
2025-05-27 11:35:18,987 [INFO] PluginManager:220 - loadIPPluginJar : add touchsensing
2025-05-27 11:35:19,024 [INFO] IPUIPlugin:80 - create IPUIPlugin
2025-05-27 11:35:19,024 [INFO] PluginManager:220 - loadIPPluginJar : add tracer_emb
2025-05-27 11:35:19,061 [INFO] IPUIPlugin:80 - create IPUIPlugin
2025-05-27 11:35:19,061 [INFO] PluginManager:220 - loadIPPluginJar : add ts
2025-05-27 11:35:19,095 [INFO] IPUIPlugin:80 - create IPUIPlugin
2025-05-27 11:35:19,095 [INFO] PluginManager:220 - loadIPPluginJar : add tsc
2025-05-27 11:35:19,129 [INFO] IPUIPlugin:80 - create IPUIPlugin
2025-05-27 11:35:19,129 [INFO] PluginManager:220 - loadIPPluginJar : add ucpd
2025-05-27 11:35:19,193 [INFO] IPUIPlugin:80 - create IPUIPlugin
2025-05-27 11:35:19,194 [INFO] PluginManager:220 - loadIPPluginJar : add usart
2025-05-27 11:35:19,260 [INFO] IPUIPlugin:80 - create IPUIPlugin
2025-05-27 11:35:19,260 [INFO] PluginManager:220 - loadIPPluginJar : add usbx
2025-05-27 11:35:19,402 [FATAL] Updater:351 - Updater called before beeing initialized
2025-05-27 11:35:19,438 [INFO] RulesReader:64 - Compatibility file has been processed (297 Rules)
2025-05-27 11:35:19,452 [INFO] RulesReader:64 - Compatibility file has been processed (297 Rules)
2025-05-27 11:35:19,482 [INFO] CADModel:165 - CPN selected for project level
2025-05-27 11:35:19,482 [INFO] CADModel:114 - Register for checkConnection events
2025-05-27 11:35:19,482 [FATAL] Updater:351 - Updater called before beeing initialized
2025-05-27 11:35:19,482 [ERROR] CADModel:125 - Updater not yet initialized, retry later 
2025-05-27 11:35:19,757 [FATAL] Updater:351 - Updater called before beeing initialized
2025-05-27 11:35:19,760 [INFO] CADModel:165 - CPN selected for project level
2025-05-27 11:35:19,760 [INFO] CADModel:114 - Register for checkConnection events
2025-05-27 11:35:19,760 [FATAL] Updater:351 - Updater called before beeing initialized
2025-05-27 11:35:19,760 [ERROR] CADModel:125 - Updater not yet initialized, retry later 
2025-05-27 11:35:19,766 [FATAL] Updater:351 - Updater called before beeing initialized
2025-05-27 11:35:19,923 [FATAL] Updater:351 - Updater called before beeing initialized
2025-05-27 11:35:19,935 [INFO] DbMcusAds:53 - JSON generation date=Thu Mar 06 15:54:21 GMT+01:00 2025 (1741272861825)
2025-05-27 11:35:19,935 [FATAL] Updater:351 - Updater called before beeing initialized
2025-05-27 11:35:19,980 [WARN] DetailPanel:346 - Failed to get advertising image, set to default
2025-05-27 11:35:20,226 [FATAL] Updater:351 - Updater called before beeing initialized
2025-05-27 11:35:20,229 [FATAL] Updater:351 - Updater called before beeing initialized
2025-05-27 11:35:20,229 [FATAL] Updater:351 - Updater called before beeing initialized
2025-05-27 11:35:20,229 [WARN] DetailPanel:346 - Failed to get advertising image, set to default
2025-05-27 11:35:20,230 [FATAL] Updater:351 - Updater called before beeing initialized
2025-05-27 11:35:20,313 [ERROR] Updater:1198 - MainUpdater not yet initialized. External WinMGr cannot be set.
2025-05-27 11:35:20,331 [INFO] Updater:1134 - Updater Version found : 6.13.0
2025-05-27 11:35:20,355 [INFO] ApplicationProperties:184 - Using Application install path: C:\ST\STM32CubeIDE_1.17.0\STM32CubeIDE\plugins\com.st.stm32cube.common.mx_6.13.0.202411220809
2025-05-27 11:35:20,982 [INFO] MainUpdater:2872 - connection check result : 10
2025-05-27 11:35:20,983 [INFO] MainUpdater:289 - Updater Check For Update Now.
2025-05-27 11:35:20,983 [INFO] MicroXplorer:498 - Change Database Version : DB.6.0.130
2025-05-27 11:35:21,009 [INFO] McuFinderGlobals:63 - Set McuFinder mode to 2 (CubeIDE integrated)
2025-05-27 11:35:21,023 [INFO] UserAuth:486 - Internet connection configuration mode: 1
2025-05-27 11:35:21,075 [INFO] JxBrowserEngine:152 - Initiate JxBrowser Engine with user profile folder
2025-05-27 11:35:21,245 [INFO] CheckServerUpdateThread:120 - End of CheckServer Thread
2025-05-27 11:35:22,089 [WARN] PackLoader:240 - Cannot read IP mode file for STMicroelectronics.FP-SNS-MOTENVWB1.1.4.0
2025-05-27 11:35:22,119 [WARN] PackLoader:240 - Cannot read IP mode file for STMicroelectronics.FP-ATR-ASTRA1.2.0.2
2025-05-27 11:35:22,145 [WARN] PackLoader:240 - Cannot read IP mode file for STMicroelectronics.FP-ATR-ASTRA1.2.0.1
2025-05-27 11:35:22,180 [WARN] PackLoader:240 - Cannot read IP mode file for STMicroelectronics.X-CUBE-SMBUS.2.1.0
2025-05-27 11:35:22,210 [WARN] PackLoader:240 - Cannot read IP mode file for STMicroelectronics.X-CUBE-WB05N.1.1.0
2025-05-27 11:35:22,238 [WARN] PackLoader:240 - Cannot read IP mode file for STMicroelectronics.X-CUBE-ST60.1.0.0
2025-05-27 11:35:22,333 [WARN] PackLoader:240 - Cannot read IP mode file for STMicroelectronics.X-CUBE-AZRTOS-F7.1.1.0
2025-05-27 11:35:22,370 [WARN] PackLoader:240 - Cannot read IP mode file for STMicroelectronics.FP-SNS-FLIGHT1.5.0.2
2025-05-27 11:35:22,431 [WARN] PackLoader:240 - Cannot read IP mode file for Infineon.AIROC-Wi-Fi-Bluetooth-STM32.1.7.0
2025-05-27 11:35:22,466 [WARN] PackLoader:240 - Cannot read IP mode file for STMicroelectronics.X-CUBE-DISPLAY.3.0.0
2025-05-27 11:35:22,496 [WARN] PackLoader:240 - Cannot read IP mode file for STMicroelectronics.X-CUBE-BLE1.7.0.0
2025-05-27 11:35:22,528 [WARN] PackLoader:240 - Cannot read IP mode file for STMicroelectronics.X-CUBE-NFC10.1.0.0
2025-05-27 11:35:22,560 [WARN] PackLoader:240 - Cannot read IP mode file for STMicroelectronics.X-CUBE-BLEMGR.4.0.0
2025-05-27 11:35:22,589 [WARN] PackLoader:240 - Cannot read IP mode file for emotas.I-CUBE-CANOPEN.1.3.0
2025-05-27 11:35:22,609 [WARN] PackLoader:240 - Cannot read IP mode file for STMicroelectronics.X-CUBE-AI.10.0.0
2025-05-27 11:35:22,629 [WARN] PackLoader:240 - Cannot read IP mode file for STMicroelectronics.FP-SNS-SMARTAG2.1.2.0
2025-05-27 11:35:22,644 [INFO] WebApp:168 - Instantiating new browser for Auth
2025-05-27 11:35:22,648 [WARN] PackLoader:240 - Cannot read IP mode file for STMicroelectronics.FP-SNS-FLIGHT1.5.1.0
2025-05-27 11:35:22,792 [WARN] PackLoader:240 - Cannot read IP mode file for STMicroelectronics.X-CUBE-MEMS1.11.1.0
2025-05-27 11:35:23,409 [INFO] LogOutputStream:77 - [STDOUT_REDIRECT] 1 : Invalid condition id : UX_CORESTACK_Condition cause : null
2025-05-27 11:35:23,410 [INFO] LogOutputStream:77 - [STDOUT_REDIRECT] 1 : Invalid condition id : UX_CORESTACK_Condition cause : null
2025-05-27 11:35:23,412 [INFO] LogOutputStream:77 - [STDOUT_REDIRECT] 1 : Invalid condition id : UX_CORESTACK_Condition cause : null
2025-05-27 11:35:23,413 [INFO] LogOutputStream:77 - [STDOUT_REDIRECT] 1 : Invalid condition id : UX_CORESTACK_Condition cause : null
2025-05-27 11:35:23,415 [INFO] LogOutputStream:77 - [STDOUT_REDIRECT] 1 : Invalid condition id : UX_CORESTACK_Condition cause : null
2025-05-27 11:35:23,419 [WARN] PackLoader:240 - Cannot read IP mode file for STMicroelectronics.X-CUBE-AZRTOS-WL.2.0.0
2025-05-27 11:35:23,444 [WARN] PackLoader:240 - Cannot read IP mode file for STMicroelectronics.FP-SNS-MOTENV1.5.0.0
2025-05-27 11:35:23,463 [WARN] PackLoader:240 - Cannot read IP mode file for wolfSSL.I-CUBE-wolfMQTT.1.19.0
2025-05-27 11:35:23,489 [WARN] PackLoader:240 - Cannot read IP mode file for WES.I-CUBE-Cesium.1.3.0
2025-05-27 11:35:23,511 [WARN] PackLoader:240 - Cannot read IP mode file for STMicroelectronics.X-CUBE-BLE2.3.3.0
2025-05-27 11:35:23,534 [WARN] PackLoader:240 - Cannot read IP mode file for STMicroelectronics.X-CUBE-NFC9.1.0.0
2025-05-27 11:35:23,555 [WARN] PackLoader:240 - Cannot read IP mode file for STMicroelectronics.X-CUBE-BLE1.7.1.0
2025-05-27 11:35:23,629 [WARN] PackLoader:240 - Cannot read IP mode file for STMicroelectronics.X-CUBE-MEMS1.11.2.0
2025-05-27 11:35:23,791 [WARN] PackLoader:240 - Cannot read IP mode file for STMicroelectronics.X-CUBE-AZRTOS-G0.1.1.0
2025-05-27 11:35:23,814 [WARN] PackLoader:240 - Cannot read IP mode file for STMicroelectronics.X-CUBE-SAFEA1.1.2.2
2025-05-27 11:35:23,836 [WARN] PackLoader:240 - Cannot read IP mode file for STMicroelectronics.X-CUBE-NFC4.3.0.0
2025-05-27 11:35:23,861 [WARN] PackLoader:240 - Cannot read IP mode file for EmbeddedOffice.I-CUBE-FS-RTOS.1.0.1
2025-05-27 11:35:23,885 [WARN] PackLoader:240 - Cannot read IP mode file for STMicroelectronics.X-CUBE-WB05N.2.0.0
2025-05-27 11:35:23,912 [WARN] PackLoader:240 - Cannot read IP mode file for STMicroelectronics.X-CUBE-TCPP.4.2.0
2025-05-27 11:35:23,949 [WARN] PackLoader:240 - Cannot read IP mode file for RealThread.X-CUBE-RT-Thread_Nano.4.1.1
2025-05-27 11:35:23,977 [WARN] PackLoader:240 - Cannot read IP mode file for STMicroelectronics.FP-ATR-SIGFOX1.3.2.0
2025-05-27 11:35:24,007 [WARN] ConditionMgr:438 - getConditionDescription Invalid condition id : Cortex-A Device cause : null
2025-05-27 11:35:24,049 [WARN] ConditionMgr:1044 - genDependencies : Invalid condition id : Cortex-A Device cause : null
2025-05-27 11:35:24,049 [WARN] ConditionMgr:1044 - genDependencies : Invalid condition id : Cortex-A Device cause : null
2025-05-27 11:35:24,049 [WARN] ConditionMgr:1044 - genDependencies : Invalid condition id : Cortex-A Device cause : null
2025-05-27 11:35:24,076 [WARN] PackLoader:240 - Cannot read IP mode file for STMicroelectronics.X-CUBE-EEPRMA1.5.1.0
2025-05-27 11:35:24,104 [WARN] PackLoader:240 - Cannot read IP mode file for wolfSSL.I-CUBE-wolfSSL.5.7.6
2025-05-27 11:35:24,138 [WARN] PackLoader:240 - Cannot read IP mode file for ITTIA_DB.I-CUBE-ITTIADB.8.9.0
2025-05-27 11:35:24,213 [WARN] PackLoader:240 - Cannot read IP mode file for SEGGER.I-CUBE-embOS.1.3.1
2025-05-27 11:35:24,233 [INFO] WebApp:449 - Apply proxy settings
2025-05-27 11:35:24,234 [INFO] WebApp:534 - Chromium requires no authentication
2025-05-27 11:35:24,254 [INFO] WebApp:477 - Direct internet connection detected
2025-05-27 11:35:24,278 [WARN] PackLoader:240 - Cannot read IP mode file for STMicroelectronics.X-CUBE-ALGOBUILD.1.4.0
2025-05-27 11:35:24,311 [INFO] WebApp:880 - Register for checkConnection events
2025-05-27 11:35:24,311 [INFO] WebApp:449 - Apply proxy settings
2025-05-27 11:35:24,312 [INFO] WebApp:534 - Chromium requires no authentication
2025-05-27 11:35:24,313 [INFO] WebApp:477 - Direct internet connection detected
2025-05-27 11:35:24,322 [WARN] PackLoader:240 - Cannot read IP mode file for STMicroelectronics.X-CUBE-AZRTOS-F4.1.1.0
2025-05-27 11:35:24,349 [WARN] PackLoader:240 - Cannot read IP mode file for Avnet-IotConnect.X-CUBE-IoTC-DA16k-PMOD.1.0.0
2025-05-27 11:35:24,375 [WARN] PackLoader:240 - Cannot read IP mode file for STMicroelectronics.X-CUBE-ISPU.2.1.0
2025-05-27 11:35:24,416 [WARN] PackLoader:240 - Cannot read IP mode file for STMicroelectronics.X-CUBE-AZRTOS-L5.2.0.0
2025-05-27 11:35:24,445 [WARN] PackLoader:240 - Cannot read IP mode file for STMicroelectronics.X-CUBE-NFC6.3.1.0
2025-05-27 11:35:24,471 [WARN] PackLoader:240 - Cannot read IP mode file for STMicroelectronics.X-CUBE-DPower.1.2.0
2025-05-27 11:35:24,544 [INFO] WebApp:187 - Connection restablished
2025-05-27 11:35:24,606 [WARN] PackLoader:240 - Cannot read IP mode file for STMicroelectronics.X-CUBE-FREERTOS.1.3.1
2025-05-27 11:35:24,642 [WARN] PackLoader:240 - Cannot read IP mode file for STMicroelectronics.X-CUBE-FREERTOS.1.3.0
2025-05-27 11:35:24,666 [WARN] PackLoader:240 - Cannot read IP mode file for STMicroelectronics.X-CUBE-NFC7.1.0.1
2025-05-27 11:35:24,692 [WARN] PackLoader:240 - Cannot read IP mode file for STMicroelectronics.X-CUBE-DPower.1.3.0
2025-05-27 11:35:24,737 [WARN] ConditionMgr:438 - getConditionDescription Invalid condition id : LAN8742 Phy interface Condition cause : null
2025-05-27 11:35:24,738 [WARN] PackLoader:240 - Cannot read IP mode file for STMicroelectronics.X-CUBE-AZRTOS-L4.2.0.0
2025-05-27 11:35:24,739 [WARN] ConditionMgr:1044 - genDependencies : Invalid condition id : LAN8742 Phy interface Condition cause : null
2025-05-27 11:35:24,739 [WARN] ConditionMgr:1044 - genDependencies : Invalid condition id : LAN8742 Phy interface Condition cause : null
2025-05-27 11:35:24,740 [WARN] ConditionMgr:1044 - genDependencies : Invalid condition id : LAN8742 Phy interface Condition cause : null
2025-05-27 11:35:24,743 [INFO] WebApp:221 - Starting web application
2025-05-27 11:35:24,744 [INFO] WebApp:579 - Web application path used C:\ST\STM32CubeIDE_1.17.0\STM32CubeIDE\plugins\com.st.stm32cube.common.mx_6.13.0.202411220809\db\plugins\mcufinder\reactClient1\index.html
2025-05-27 11:35:24,769 [WARN] PackLoader:240 - Cannot read IP mode file for STMicroelectronics.X-CUBE-SFXS2LP1.4.0.0
2025-05-27 11:35:24,814 [WARN] PackLoader:240 - Cannot read IP mode file for STMicroelectronics.X-CUBE-AZRTOS-H7.3.3.0
2025-05-27 11:35:24,867 [WARN] ConditionMgr:438 - getConditionDescription Invalid condition id : UX DEVICE CLASS RTOS Condition cause : null
2025-05-27 11:35:24,868 [WARN] ConditionMgr:438 - getConditionDescription Invalid condition id : UX DEVICE CLASS RTOS Condition cause : null
2025-05-27 11:35:24,869 [WARN] PackLoader:240 - Cannot read IP mode file for STMicroelectronics.X-CUBE-AZRTOS-WB.2.0.0
2025-05-27 11:35:24,870 [WARN] ConditionMgr:1044 - genDependencies : Invalid condition id : UX DEVICE CLASS RTOS Condition cause : null
2025-05-27 11:35:24,870 [WARN] ConditionMgr:1044 - genDependencies : Invalid condition id : UX DEVICE CLASS RTOS Condition cause : null
2025-05-27 11:35:24,870 [WARN] ConditionMgr:1044 - genDependencies : Invalid condition id : UX DEVICE CLASS RTOS Condition cause : null
2025-05-27 11:35:24,871 [WARN] ConditionMgr:1044 - genDependencies : Invalid condition id : UX DEVICE CLASS RTOS Condition cause : null
2025-05-27 11:35:24,871 [WARN] ConditionMgr:1044 - genDependencies : Invalid condition id : UX DEVICE CLASS RTOS Condition cause : null
2025-05-27 11:35:24,895 [WARN] PackLoader:240 - Cannot read IP mode file for STMicroelectronics.X-CUBE-GNSS1.7.0.1
2025-05-27 11:35:24,919 [WARN] PackLoader:240 - Cannot read IP mode file for STMicroelectronics.X-CUBE-TOUCHGFX.4.25.0
2025-05-27 11:35:24,948 [WARN] PackLoader:240 - Cannot read IP mode file for STMicroelectronics.FP-SNS-STBOX1.2.0.0
2025-05-27 11:35:25,006 [WARN] PackLoader:240 - Cannot read IP mode file for STMicroelectronics.X-CUBE-SUBG2.5.0.0
2025-05-27 11:35:25,084 [WARN] PackLoader:240 - Cannot read IP mode file for STMicroelectronics.X-CUBE-AZRTOS-H7RS.1.1.0
2025-05-27 11:35:25,103 [INFO] UserAuth:486 - Internet connection configuration mode: 1
2025-05-27 11:35:25,113 [WARN] PackLoader:240 - Cannot read IP mode file for Cesanta.I-CUBE-Mongoose.7.13.0
2025-05-27 11:35:25,153 [WARN] PackLoader:240 - Cannot read IP mode file for STMicroelectronics.X-CUBE-AZRTOS-G4.2.0.0
2025-05-27 11:35:25,183 [WARN] PackLoader:240 - Cannot read IP mode file for STMicroelectronics.X-CUBE-NFC7.2.0.0
2025-05-27 11:35:25,218 [WARN] PackLoader:240 - Cannot read IP mode file for STMicroelectronics.X-CUBE-IPS.3.1.0
2025-05-27 11:35:25,250 [WARN] PackLoader:240 - Cannot read IP mode file for STMicroelectronics.X-CUBE-ALS.1.0.2
2025-05-27 11:35:25,275 [WARN] PackLoader:240 - Cannot read IP mode file for STMicroelectronics.X-CUBE-TOUCHGFX.4.24.2
2025-05-27 11:35:25,301 [WARN] PackLoader:240 - Cannot read IP mode file for wolfSSL.I-CUBE-wolfTPM.3.4.0
2025-05-27 11:35:25,337 [WARN] PackLoader:240 - Cannot read IP mode file for portGmbH.I-Cube-SoM-uGOAL.1.1.0
2025-05-27 11:35:25,388 [WARN] PackLoader:240 - Cannot read IP mode file for STMicroelectronics.X-CUBE-AZRTOS-H7RS.1.0.0
2025-05-27 11:35:25,424 [WARN] PackLoader:240 - Cannot read IP mode file for STMicroelectronics.X-CUBE-TOF1.3.4.2
2025-05-27 11:35:25,462 [WARN] PackLoader:240 - Cannot read IP mode file for STMicroelectronics.X-CUBE-TOF1.3.4.3
2025-05-27 11:35:25,495 [WARN] PackLoader:240 - Cannot read IP mode file for wolfSSL.I-CUBE-wolfSSH.1.4.17
2025-05-27 11:35:25,496 [INFO] ThirdParty:978 - Integrity check success = true
2025-05-27 11:35:25,496 [INFO] IntegrityCheckThread:100 - exiting critical section [integrity check]
2025-05-27 11:35:25,496 [INFO] IntegrityCheckThread:103 - End integrity checks thread
2025-05-27 11:35:55,135 [INFO] WebApp:190 - Connection lost
2025-05-27 11:35:55,309 [INFO] WebApp:187 - Connection restablished
2025-05-27 11:40:48,872 [INFO] McuFinderGlobals:63 - Set McuFinder mode to 2 (CubeIDE integrated)
2025-05-27 11:40:48,957 [INFO] MainUpdater:2872 - connection check result : 10
2025-05-27 11:40:48,977 [INFO] MainUpdater:2872 - connection check result : 10
2025-05-27 11:40:49,396 [INFO] MicroXplorer:468 - Change Database Path : 
2025-05-27 11:40:49,397 [INFO] MicroXplorer:498 - Change Database Version : DB.6.0.130
2025-05-27 11:40:49,416 [WARN] ThirdParty:871 - waiting for thirdparty lock release [close project]
2025-05-27 11:40:49,416 [INFO] ThirdParty:873 - entering critical section [close project]
2025-05-27 11:40:49,417 [INFO] ThirdParty:883 - exiting critical section [close project]
2025-05-27 11:40:49,421 [INFO] PinOutPanel:1589 - setPackage(No Configuration,No Configuration)
2025-05-27 11:40:49,427 [INFO] UtilMem:75 - Begin LoadConfig() Used Memory: 905667344 Bytes (1073741824)
2025-05-27 11:40:49,429 [INFO] MicroXplorer:468 - Change Database Path : 
2025-05-27 11:40:49,429 [INFO] MicroXplorer:498 - Change Database Version : DB.6.0.130
2025-05-27 11:40:49,429 [INFO] OpenFileManager:332 - Change cursor
2025-05-27 11:40:49,480 [INFO] Mcu:2035 - Initializing MCU STM32G431R(6-8-B)Tx STM32G431RBTx STM32G431RBT6
2025-05-27 11:40:54,769 [INFO] Context:748 - Trying to add GPIOservice into a context  which must be forbidden
2025-05-27 11:40:55,917 [INFO] ApiDbMcu:508 - Load IP Config File for NUCLEO-G431RB
2025-05-27 11:40:56,096 [INFO] ImportTextPane:218 - (OptionalMessage_ERROR) Unable to find key (Mcu.IP11) in loaded IOC file
2025-05-27 11:40:56,096 [INFO] ImportTextPane:218 - (OptionalMessage_ERROR) Unknown IP (dummy)
2025-05-27 11:40:56,367 [INFO] RtosManager:555 - Registered RTOS mode: class=CMSIS, group=RTOS, mode=CMSIS_V1, owner=FREERTOS
2025-05-27 11:40:56,368 [INFO] RtosManager:555 - Registered RTOS mode: class=CMSIS, group=RTOS2, mode=CMSIS_V2, owner=FREERTOS
2025-05-27 11:40:56,368 [INFO] RtosManager:555 - Registered RTOS mode: class=RTOS, group=Core, mode=CMSIS_V1, owner=FREERTOS
2025-05-27 11:40:56,368 [INFO] RtosManager:555 - Registered RTOS mode: class=RTOS, group=Core, mode=CMSIS_V2, owner=FREERTOS
2025-05-27 11:40:56,368 [WARN] ModelIntegratedComponent:184 - Missing modes for component STMicroelectronics:FreeRTOS:0.0.1:STMicroelectronics:RTOS:FreeRTOS:Core:::10.2.0:
2025-05-27 11:40:56,405 [WARN] ModelIntegratedComponent:63 - No mode defined for component null
2025-05-27 11:40:56,405 [WARN] ModelIntegratedComponent:63 - No mode defined for component null
2025-05-27 11:40:56,405 [WARN] ModelIntegratedComponent:63 - No mode defined for component null
2025-05-27 11:40:56,405 [WARN] ModelIntegratedComponent:63 - No mode defined for component null
2025-05-27 11:40:56,405 [WARN] ModelIntegratedComponent:63 - No mode defined for component null
2025-05-27 11:40:56,406 [WARN] ModelIntegratedComponent:63 - No mode defined for component null
2025-05-27 11:40:56,406 [WARN] ModelIntegratedComponent:63 - No mode defined for component null
2025-05-27 11:40:56,406 [WARN] ModelIntegratedComponent:63 - No mode defined for component null
2025-05-27 11:40:56,406 [WARN] ModelIntegratedComponent:63 - No mode defined for component null
2025-05-27 11:40:56,406 [WARN] ModelIntegratedComponent:63 - No mode defined for component null
2025-05-27 11:40:56,406 [WARN] ModelIntegratedComponent:63 - No mode defined for component null
2025-05-27 11:40:56,406 [WARN] ModelIntegratedComponent:63 - No mode defined for component null
2025-05-27 11:40:56,406 [WARN] ModelIntegratedComponent:63 - No mode defined for component null
2025-05-27 11:40:56,406 [WARN] ModelIntegratedComponent:63 - No mode defined for component null
2025-05-27 11:40:56,406 [WARN] ModelIntegratedComponent:63 - No mode defined for component null
2025-05-27 11:40:56,406 [WARN] ModelIntegratedComponent:63 - No mode defined for component null
2025-05-27 11:40:56,406 [WARN] ModelIntegratedComponent:63 - No mode defined for component null
2025-05-27 11:40:56,406 [WARN] ModelIntegratedComponent:63 - No mode defined for component null
2025-05-27 11:40:56,406 [WARN] ModelIntegratedComponent:63 - No mode defined for component null
2025-05-27 11:40:56,406 [WARN] ModelIntegratedComponent:63 - No mode defined for component null
2025-05-27 11:40:56,407 [WARN] ModelIntegratedComponent:63 - No mode defined for component null
2025-05-27 11:40:56,407 [WARN] ModelIntegratedComponent:63 - No mode defined for component null
2025-05-27 11:40:56,407 [WARN] ModelIntegratedComponent:63 - No mode defined for component null
2025-05-27 11:40:56,407 [WARN] ModelIntegratedComponent:63 - No mode defined for component null
2025-05-27 11:40:56,407 [WARN] ModelIntegratedComponent:63 - No mode defined for component null
2025-05-27 11:40:56,407 [WARN] ModelIntegratedComponent:63 - No mode defined for component null
2025-05-27 11:40:56,407 [WARN] ModelIntegratedComponent:63 - No mode defined for component null
2025-05-27 11:40:56,407 [WARN] ModelIntegratedComponent:63 - No mode defined for component null
2025-05-27 11:40:56,407 [WARN] ModelIntegratedComponent:63 - No mode defined for component null
2025-05-27 11:40:56,407 [WARN] ModelIntegratedComponent:63 - No mode defined for component null
2025-05-27 11:40:56,407 [WARN] ModelIntegratedComponent:63 - No mode defined for component null
2025-05-27 11:40:56,407 [WARN] ModelIntegratedComponent:63 - No mode defined for component null
2025-05-27 11:40:56,407 [WARN] ModelIntegratedComponent:63 - No mode defined for component null
2025-05-27 11:40:56,407 [WARN] ModelIntegratedComponent:63 - No mode defined for component null
2025-05-27 11:40:56,407 [WARN] ModelIntegratedComponent:63 - No mode defined for component null
2025-05-27 11:40:56,408 [WARN] ModelPack:524 - Component already loaded: STMicroelectronics:HAL Drivers:0.0.0:STMicroelectronics:Device:STMicro_Driver:XSPI:HAL::0.0.1:HAL_XSPI
2025-05-27 11:40:56,568 [INFO] ThirdPartyModel:298 - Start build external matchings
2025-05-27 11:40:57,456 [INFO] ThirdPartyModel:316 - End build external matchings
2025-05-27 11:40:58,794 [INFO] ApiDb:581 - Connected to CubeFinder SQLite database (C:\Users\thepd\.stmcufinder\plugins\mcufinder\mcu\cube-finder-db.db)
2025-05-27 11:40:58,921 [INFO] ApiDb:668 - CubeFinder database Data Model version=2.1
2025-05-27 11:40:58,922 [INFO] ApiDb:669 - CubeFinder database Configuration version=3.0.39
2025-05-27 11:40:58,922 [INFO] ApiDb:670 - CubeFinder database generation date=2025-02-18 (1739885696)
2025-05-27 11:40:58,922 [INFO] ApiDb:671 - CubeFinder database FW Pack versions=[FP-ATR-ASTRA1_V2.0.0, FP-SNS-FLIGHT1_V5.0.2, FP-SNS-MOTENV1_V5.0.0, FP-SNS-MOTENVWB1_V1.4.0, FP-SNS-SMARTAG2_V1.2.0, FP-SNS-STBOX1_V2.0.0, STM32Cube_FW_C0_V1.4.0, STM32Cube_FW_F4_V1.28.1, STM32Cube_FW_F7_V1.17.2, STM32Cube_FW_G0_V1.6.2, STM32Cube_FW_G4_V1.6.1, STM32Cube_FW_H5_V1.5.0, STM32Cube_FW_H7RS_V1.2.0, STM32Cube_FW_H7_V1.12.1, STM32Cube_FW_L0_V1.12.2, STM32Cube_FW_L4_V1.18.1, STM32Cube_FW_L5_V1.5.1, STM32Cube_FW_N6_V1.1.0, STM32Cube_FW_U0_V1.2.0, STM32Cube_FW_U3_V1.1.0, STM32Cube_FW_U5_V1.7.0, STM32Cube_FW_WB0_V1.2.0, STM32Cube_FW_WBA_V1.6.0, STM32Cube_FW_WB_V1.22.0, STM32Cube_FW_WL3_V1.1.0, STM32Cube_FW_WL_V1.3.1, X-CUBE-ALGOBUILD_V1.4.0, X-CUBE-ALS_V1.0.2, X-CUBE-AZRTOS-F4_V1.1.0, X-CUBE-AZRTOS-F7_V1.1.0, X-CUBE-AZRTOS-G0_V1.1.0, X-CUBE-AZRTOS-G4_V2.0.0, X-CUBE-AZRTOS-H7RS_V1.0.0, X-CUBE-AZRTOS-H7_V3.3.0, X-CUBE-AZRTOS-L4_V2.0.0, X-CUBE-AZRTOS-L5_V2.0.0, X-CUBE-AZRTOS-WB_V2.0.0, X-CUBE-AZRTOS-WL_V2.0.0, X-CUBE-BLE1_V7.0.0, X-CUBE-BLE2_V3.3.0, X-CUBE-BLEMGR_V4.0.0, X-CUBE-EEPRMA1_V5.1.0, X-CUBE-FREERTOS_V1.3.0, X-CUBE-GNSS1_V6.0.0, X-CUBE-MEMS1_V11.1.0, X-CUBE-NFC4_V3.0.0, X-CUBE-NFC7_V1.0.1, X-CUBE-SFXS2LP1_V4.0.0, X-CUBE-SUBG2_V5.0.0, X-CUBE-TOF1_V3.4.2]
2025-05-27 11:40:59,126 [INFO] DbBoardsSqlite:226 - include board P-NUCLEO-WB55-NUCLEO as a kit item of type 'Nucleo-64'
2025-05-27 11:40:59,126 [INFO] DbBoardsSqlite:226 - include board P-NUCLEO-WB55-USBDONGLE as a kit item of type 'Nucleo USB Dongle'
2025-05-27 11:40:59,128 [INFO] DbBoardsSqlite:226 - include board STEVAL-IDP005V1 as a kit item of type 'Evaluation Board'
2025-05-27 11:40:59,129 [INFO] DbBoardsSqlite:226 - include board STEVAL-IDP005V2 as a kit item of type 'Evaluation Board'
2025-05-27 11:40:59,839 [INFO] ApiDb:240 - Found 858 in-development CPN: [B-G473E-ZEST1S, B-WB1M-WPAN1, B-WBA5M-WPAN, B-WL5M-SUBG1, NUCLEO-C031C6, NUCLEO-C051C8, NUCLEO-C071RB, NUCLEO-C092RC, NUCLEO-H503RB, NUCLEO-H533RE, NUCLEO-H563ZI, NUCLEO-H7S3L8, NUCLEO-N657X0-Q, NUCLEO-U031R8, NUCLEO-U083RC, NUCLEO-U385RG-Q, NUCLEO-U545RE-Q, NUCLEO-U5A5ZJ-Q, NUCLEO-WB05KZ, NUCLEO-WB07CC, NUCLEO-WB09KE, NUCLEO-WBA52CG, NUCLEO-WBA55CG, NUCLEO-WL33CC1, NUCLEO-WL33CC2, STEVAL-PROTEUS1, STEVAL-SMARTAG2, STEVAL-STWINBX1, STM320518-EVAL, STM32C0116-DK, STM32C011D6Y3TR, STM32C011D6Y6TR, STM32C011F4P3, STM32C011F4P6, STM32C011F4U3, STM32C011F4U6TR, STM32C011F6P3, STM32C011F6P6, STM32C011F6U3, STM32C011F6U6TR, STM32C011J4M3, STM32C011J4M6, STM32C011J6M3, STM32C011J6M6, STM32C0316-DK, STM32C031C4T3, STM32C031C4T6, STM32C031C4U3, STM32C031C4U6, STM32C031C6T3, STM32C031C6T6, STM32C031C6U3, STM32C031C6U6, STM32C031F4P3, STM32C031F4P6, STM32C031F6P3, STM32C031F6P6, STM32C031G4U3, STM32C031G4U6, STM32C031G6U3, STM32C031G6U6, STM32C031K4T3, STM32C031K4T6, STM32C031K4U3, STM32C031K4U6, STM32C031K6T3, STM32C031K6T6, STM32C031K6U3, STM32C031K6U6, STM32C051C6T6, STM32C051C6U6, STM32C051C8T6, STM32C051C8U6, STM32C051D8Y6TR, STM32C051F6P6, STM32C051F8P6, STM32C051G6U6, STM32C051G8U6, STM32C051K6T6, STM32C051K6U6, STM32C051K8T6, STM32C071C8T6, STM32C071C8T6N, STM32C071C8U6, STM32C071C8U6N, STM32C071CBT6, STM32C071CBT6N, STM32C071CBU6, STM32C071CBU6N, STM32C071F8P6, STM32C071F8P6N, STM32C071FBP6, STM32C071FBP6N, STM32C071FBY6TR, STM32C071G8U6, STM32C071G8U6N, STM32C071GBU6, STM32C071GBU6N, STM32C071K8T6, STM32C071K8T6N, STM32C071K8U6, STM32C071K8U6N, STM32C071KBT6, STM32C071KBT6N, STM32C071KBU6, STM32C071KBU6N, STM32C071R8T6, STM32C071R8T6N, STM32C071RBI6N, STM32C071RBT6, STM32C071RBT6N, STM32C091CBT6, STM32C091CBU6, STM32C091CCT6, STM32C091CCU6, STM32C091ECY6TR, STM32C091FBP6, STM32C091FCP6, STM32C091GBU6, STM32C091GCU6, STM32C091KBT6, STM32C091KBU6, STM32C091KCT6, STM32C091KCU6, STM32C091RBT6, STM32C091RCI6, STM32C091RCT6, STM32C092CBT6, STM32C092CBU6, STM32C092CCT6, STM32C092CCU6, STM32C092ECY6TR, STM32C092FBP6, STM32C092FCP6, STM32C092GBU6, STM32C092GCU6, STM32C092KBT6, STM32C092KBU6, STM32C092KCT6, STM32C092KCU6, STM32C092RBT6, STM32C092RCI6, STM32C092RCT6, STM32G071K8TXN, STM32G071K8UXN, STM32G081GBU6N, STM32G081KBT6N, STM32G081KBUXN, STM32G0B1CCT6N, STM32G0B1KCT6, STM32G0B1NEY6TR, STM32G0B1RCT6N, STM32G0C1CCT6, STM32G0C1CCT6N, STM32G0C1CCU6N, STM32G0C1CET6N, STM32G0C1CEU6N, STM32G0C1KCT6, STM32G0C1NEY6TR, STM32G0C1RCI6N, STM32G0C1RCT6N, STM32G0C1REI6N, STM32G0C1RET6N, STM32G0C1VCI6, STM32G0C1VEI6, STM32G411C6T3, STM32G411C6T6, STM32G411C6U3, STM32G411C6U6, STM32G411C8T3, STM32G411C8T6, STM32G411C8U3, STM32G411C8U6, STM32G411CBT3, STM32G411CBT6, STM32G411CBU3, STM32G411CBU6, STM32G411CCT3, STM32G411CCT6, STM32G411CCU3, STM32G411CCU6, STM32G411K6T3, STM32G411K6T6, STM32G411K6U3, STM32G411K6U6, STM32G411K8T3, STM32G411K8T6, STM32G411K8U3, STM32G411K8U6, STM32G411KBT3, STM32G411KBT6, STM32G411KBU3, STM32G411KBU6, STM32G411M6T3, STM32G411M6T6, STM32G411M8T3, STM32G411M8T6, STM32G411MBT3, STM32G411MBT6, STM32G411MCT3, STM32G411MCT6, STM32G411R6T3, STM32G411R6T6, STM32G411R8T3, STM32G411R8T6, STM32G411RBT3, STM32G411RBT6, STM32G411RCT3, STM32G411RCT6, STM32G414CBT3, STM32G414CBT6, STM32G414CBU3, STM32G414CBU6, STM32G414CCT3, STM32G414CCT6, STM32G414CCU3, STM32G414CCU6, STM32G414MBT3, STM32G414MBT6, STM32G414MCT3, STM32G414MCT6, STM32G414RBT3, STM32G414RBT6, STM32G414RCT3, STM32G414RCT6, STM32G414VBT3, STM32G414VBT6, STM32G414VCT3, STM32G414VCT6, STM32G431CBT3Z, STM32G431RBT3Z, STM32G471CCT6, STM32G471CCU6, STM32G471CET3, STM32G471CET6, STM32G471CEU3, STM32G471CEU6, STM32G471MCT6, STM32G471MET3, STM32G471MET6, STM32G471MEY6TR, STM32G471QCT6, STM32G471QET3, STM32G471RCT6, STM32G471RET3, STM32G471RET6, STM32G471VCH6, STM32G471VCI6, STM32G471VCT6, STM32G471VEH3, STM32G471VEH6, STM32G471VEI3, STM32G471VEI6, STM32G471VET3, STM32G471VET6, STM32G473QET3Z, STM32G473RET3Z, STM32G474CCT6, STM32G491RET3Z, STM32H503CBT6, STM32H503CBU6, STM32H503EBY6TR, STM32H503KBU6, STM32H503RBT6, STM32H523CCT6, STM32H523CCU6, STM32H523CET6, STM32H523CEU6, STM32H523HEY6TR, STM32H523RCT6, STM32H523RET6, STM32H523VCI6, STM32H523VCT6, STM32H523VEI6, STM32H523VET6, STM32H523ZCJ6, STM32H523ZCT6, STM32H523ZEJ6, STM32H523ZET6, STM32H533CET6, STM32H533CEU6, STM32H533HEY6TR, STM32H533RET6, STM32H533VEI6, STM32H533VET6, STM32H533ZEJ6, STM32H533ZET6, STM32H562AGI6, STM32H562AII6, STM32H562IGK6, STM32H562IGT6, STM32H562IIK6, STM32H562IIT6, STM32H562RGT6, STM32H562RGV6, STM32H562RIT6, STM32H562RIV6, STM32H562VGT6, STM32H562VIT6, STM32H562ZGT6, STM32H562ZIT6, STM32H563AGI6, STM32H563AII3Q, STM32H563AII6, STM32H563IGK6, STM32H563IGT6, STM32H563IIK3Q, STM32H563IIK6, STM32H563IIT3Q, STM32H563IIT6, STM32H563MIY3QTR, STM32H563RGT6, STM32H563RGV6, STM32H563RIT6, STM32H563RIV6, STM32H563VGT6, STM32H563VIT3Q, STM32H563VIT6, STM32H563ZGT6, STM32H563ZIT3Q, STM32H563ZIT6, STM32H573AII3Q, STM32H573AII6, STM32H573I-DK, STM32H573IIK3Q, STM32H573IIK6, STM32H573IIT3Q, STM32H573IIT6, STM32H573MIY3QTR, STM32H573RIT6, STM32H573RIV6, STM32H573VIT3Q, STM32H573VIT6, STM32H573ZIT3Q, STM32H573ZIT6, STM32H7R3A8I6, STM32H7R3I8K6, STM32H7R3I8T6, STM32H7R3L8H6, STM32H7R3L8H6H, STM32H7R3R8V6, STM32H7R3V8H6, STM32H7R3V8T6, STM32H7R3V8Y6TR, STM32H7R3Z8J6, STM32H7R3Z8T6, STM32H7R7A8I6, STM32H7R7I8K6, STM32H7R7I8T6, STM32H7R7L8H6, STM32H7R7L8H6H, STM32H7R7Z8J6, STM32H7S3A8I6, STM32H7S3I8K6, STM32H7S3I8T6, STM32H7S3L8H6, STM32H7S3L8H6H, STM32H7S3R8V6, STM32H7S3V8H6, STM32H7S3V8T6, STM32H7S3V8Y6TR, STM32H7S3Z8J6, STM32H7S3Z8T6, STM32H7S78-DK, STM32H7S7A8I6, STM32H7S7I8K6, STM32H7S7I8T6, STM32H7S7L8H6, STM32H7S7L8H6H, STM32H7S7Z8J6, STM32L4R5QGI6STR, STM32MP131AAE3, STM32MP131AAF3, STM32MP131AAG3, STM32MP131CAE3, STM32MP131CAF3, STM32MP131CAG3, STM32MP131DAE7, STM32MP131DAF7, STM32MP131DAG7, STM32MP131FAE7, STM32MP131FAF7, STM32MP131FAG7, STM32MP133AAE3, STM32MP133AAF3, STM32MP133AAG3, STM32MP133CAE3, STM32MP133CAF3, STM32MP133CAG3, STM32MP133DAE7, STM32MP133DAF7, STM32MP133DAG7, STM32MP133FAE7, STM32MP133FAF7, STM32MP133FAG7, STM32MP135AAE3, STM32MP135AAF3, STM32MP135AAG3, STM32MP135CAE3, STM32MP135CAF3, STM32MP135CAG3, STM32MP135DAE7, STM32MP135DAF7, STM32MP135DAG7, STM32MP135F-DK, STM32MP135FAE7, STM32MP135FAF7, STM32MP135FAF7T, STM32MP135FAF7U, STM32MP135FAG7, STM32MP231AAJ3, STM32MP231AAK3, STM32MP231AAL3, STM32MP231CAJ3, STM32MP231CAK3, STM32MP231CAL3, STM32MP231DAJ3, STM32MP231DAK3, STM32MP231DAL3, STM32MP231FAJ3, STM32MP231FAK3, STM32MP231FAL3, STM32MP233AAJ3, STM32MP233AAK3, STM32MP233AAL3, STM32MP233CAJ3, STM32MP233CAK3, STM32MP233CAL3, STM32MP233DAJ3, STM32MP233DAK3, STM32MP233DAL3, STM32MP233FAJ3, STM32MP233FAK3, STM32MP233FAL3, STM32MP235AAJ3, STM32MP235AAK3, STM32MP235AAL3, STM32MP235CAJ3, STM32MP235CAK3, STM32MP235CAL3, STM32MP235DAJ3, STM32MP235DAK3, STM32MP235DAL3, STM32MP235FAJ3, STM32MP235FAK3, STM32MP235FAL3, STM32MP251AAI3, STM32MP251AAJ3, STM32MP251AAK3, STM32MP251AAL3, STM32MP251CAI3, STM32MP251CAJ3, STM32MP251CAK3, STM32MP251CAL3, STM32MP251DAI3, STM32MP251DAJ3, STM32MP251DAK3, STM32MP251DAL3, STM32MP251FAI3, STM32MP251FAJ3, STM32MP251FAK3, STM32MP251FAL3, STM32MP253AAI3, STM32MP253AAJ3, STM32MP253AAK3, STM32MP253AAL3, STM32MP253CAI3, STM32MP253CAJ3, STM32MP253CAK3, STM32MP253CAL3, STM32MP253DAI3, STM32MP253DAJ3, STM32MP253DAK3, STM32MP253DAL3, STM32MP253FAI3, STM32MP253FAJ3, STM32MP253FAK3, STM32MP253FAL3, STM32MP255AAI3, STM32MP255AAJ3, STM32MP255AAK3, STM32MP255AAL3, STM32MP255CAI3, STM32MP255CAJ3, STM32MP255CAK3, STM32MP255CAL3, STM32MP255DAI3, STM32MP255DAJ3, STM32MP255DAK3, STM32MP255DAL3, STM32MP255FAI3, STM32MP255FAJ3, STM32MP255FAK3, STM32MP255FAL3, STM32MP257AAI3, STM32MP257AAJ3, STM32MP257AAK3, STM32MP257AAL3, STM32MP257CAI3, STM32MP257CAJ3, STM32MP257CAK3, STM32MP257CAL3, STM32MP257DAI3, STM32MP257DAJ3, STM32MP257DAK3, STM32MP257DAL3, STM32MP257F-DK, STM32MP257F-EV1, STM32MP257FAI3, STM32MP257FAJ3, STM32MP257FAK3, STM32MP257FAL3, STM32N645A0H3Q, STM32N645B0H3Q, STM32N645I0H3Q, STM32N645L0H3Q, STM32N645X0H3Q, STM32N645Z0H3Q, STM32N647A0H3Q, STM32N647B0H3Q, STM32N647I0H3Q, STM32N647L0H3Q, STM32N647X0H3Q, STM32N647Z0H3Q, STM32N655A0H3Q, STM32N655B0H3Q, STM32N655I0H3Q, STM32N655L0H3Q, STM32N655X0H3Q, STM32N655Z0H3Q, STM32N6570-DK, STM32N657A0H3Q, STM32N657B0H3Q, STM32N657I0H3Q, STM32N657L0H3Q, STM32N657X0H3Q, STM32N657Z0H3Q, STM32U031C6T6, STM32U031C6U6, STM32U031C8T6, STM32U031C8U6, STM32U031F4P6, STM32U031F6P6, STM32U031F8P6, STM32U031G6Y6TR, STM32U031G8Y6TR, STM32U031K4U6, STM32U031K6U6, STM32U031K8U6, STM32U031R6I6, STM32U031R6T6, STM32U031R8I6, STM32U031R8T6, STM32U073C8T6, STM32U073C8U6, STM32U073CBT6, STM32U073CBU6, STM32U073CCT6, STM32U073CCU6, STM32U073H8Y6TR, STM32U073HBY6TR, STM32U073HCY6TR, STM32U073K8U6, STM32U073KBU6, STM32U073KCU6, STM32U073M8I6, STM32U073M8T6, STM32U073MBI6, STM32U073MBT6, STM32U073MCI6, STM32U073MCT6, STM32U073R8I6, STM32U073R8T6, STM32U073RBI6, STM32U073RBT6, STM32U073RCI6, STM32U073RCT6, STM32U083C-DK, STM32U083CCT6, STM32U083CCU6, STM32U083HCY6TR, STM32U083KCU6, STM32U083MCI6, STM32U083MCT6, STM32U083RCI6, STM32U083RCT6, STM32U375CET6, STM32U375CET6Q, STM32U375CEU6, STM32U375CEU6Q, STM32U375CEY6QTR, STM32U375CGT6, STM32U375CGT6Q, STM32U375CGU6, STM32U375CGU6Q, STM32U375CGY6QTR, STM32U375KEU6, STM32U375KGU6, STM32U375REI6, STM32U375REI6Q, STM32U375RET6, STM32U375RET6Q, STM32U375REY6GTR, STM32U375REY6QTR, STM32U375RGI6, STM32U375RGI6Q, STM32U375RGT6, STM32U375RGT6Q, STM32U375RGY6GTR, STM32U375RGY6QTR, STM32U375VEI6, STM32U375VEI6Q, STM32U375VET6, STM32U375VET6Q, STM32U375VGI6, STM32U375VGI6Q, STM32U375VGT6, STM32U375VGT6Q, STM32U385CGT6, STM32U385CGT6Q, STM32U385CGU6, STM32U385CGU6Q, STM32U385CGY6QTR, STM32U385KGU6, STM32U385RGI6, STM32U385RGI6Q, STM32U385RGT6, STM32U385RGT6Q, STM32U385RGY6GTR, STM32U385RGY6QTR, STM32U385VGI6, STM32U385VGI6Q, STM32U385VGT6, STM32U385VGT6Q, STM32U535CBT6, STM32U535CBT6Q, STM32U535CBU6, STM32U535CBU6Q, STM32U535CCT6, STM32U535CCT6Q, STM32U535CCU6, STM32U535CCU6Q, STM32U535CET6, STM32U535CET6Q, STM32U535CEU6, STM32U535CEU6Q, STM32U535JEY6QTR, STM32U535NCY6QTR, STM32U535NEY6QTR, STM32U535RBI6, STM32U535RBI6Q, STM32U535RBT6, STM32U535RBT6Q, STM32U535RCI6, STM32U535RCI6Q, STM32U535RCT6, STM32U535RCT6Q, STM32U535REI6, STM32U535REI6Q, STM32U535RET6, STM32U535RET6Q, STM32U535VCI6, STM32U535VCI6Q, STM32U535VCT6, STM32U535VCT6Q, STM32U535VEI6, STM32U535VEI6Q, STM32U535VET6, STM32U535VET6Q, STM32U545CET6, STM32U545CET6Q, STM32U545CEU6, STM32U545CEU6Q, STM32U545JEY6QTR, STM32U545NEY6QTR, STM32U545REI6, STM32U545REI6Q, STM32U545RET6, STM32U545RET6Q, STM32U545VEI6, STM32U545VEI6Q, STM32U545VET6, STM32U545VET6Q, STM32U595AIH6, STM32U595AIH6Q, STM32U595AJH6, STM32U595AJH6Q, STM32U595QII6, STM32U595QII6Q, STM32U595QJI6, STM32U595QJI6Q, STM32U595RIT6, STM32U595RIT6Q, STM32U595RJT6, STM32U595RJT6Q, STM32U595VIT6, STM32U595VIT6Q, STM32U595VJT6, STM32U595VJT6Q, STM32U595ZIT6, STM32U595ZIT6Q, STM32U595ZIY6QTR, STM32U595ZJT6, STM32U595ZJT6Q, STM32U595ZJY6QTR, STM32U599BJY6QTR, STM32U599NIH6Q, STM32U599NJH6Q, STM32U599VIT6Q, STM32U599VJT6, STM32U599VJT6Q, STM32U599ZIT6Q, STM32U599ZIY6QTR, STM32U599ZJT6Q, STM32U599ZJY6QTR, STM32U5A5AJH6, STM32U5A5AJH6Q, STM32U5A5QII3Q , STM32U5A5QJI6, STM32U5A5QJI6Q, STM32U5A5RJT6, STM32U5A5RJT6Q, STM32U5A5VJT6, STM32U5A5VJT6Q, STM32U5A5ZJT6, STM32U5A5ZJT6Q, STM32U5A5ZJY6QTR, STM32U5A9BJY6QTR, STM32U5A9J-DK, STM32U5A9NJH6Q, STM32U5A9VJT6Q, STM32U5A9ZJT6Q, STM32U5A9ZJY6QTR, STM32U5F7VIT6, STM32U5F7VIT6Q, STM32U5F7VJT6, STM32U5F7VJT6Q, STM32U5F9BJY6QTR, STM32U5F9NJH6Q, STM32U5F9VIT6Q, STM32U5F9VJT6Q, STM32U5F9ZIJ6QTR, STM32U5F9ZIT6Q, STM32U5F9ZJJ6QTR, STM32U5F9ZJT6Q, STM32U5G7VJT6, STM32U5G7VJT6Q, STM32U5G9BJY6QTR, STM32U5G9J-DK1, STM32U5G9J-DK2, STM32U5G9NJH6Q, STM32U5G9VJT6Q, STM32U5G9ZJJ6QTR, STM32U5G9ZJT6Q, STM32WB05KZV6TR, STM32WB05KZV7TR, STM32WB05TZF6TR, STM32WB05TZF7TR, STM32WB06CCF6TR, STM32WB06CCF7TR, STM32WB06CCV6TR, STM32WB06CCV7TR, STM32WB06KCV6TR, STM32WB06KCV7TR, STM32WB07CCF6TR, STM32WB07CCF7TR, STM32WB07CCV6TR, STM32WB07CCV7TR, STM32WB07KCV6TR, STM32WB07KCV7TR, STM32WB09KEV6TR, STM32WB09KEV7TR, STM32WB09TEF6TR, STM32WB09TEF7TR, STM32WB1MMCH6, STM32WBA50KGU6, STM32WBA50KGU6TR, STM32WBA52CEU6, STM32WBA52CEU6TR, STM32WBA52CEU7, STM32WBA52CEU7TR, STM32WBA52CGU6, STM32WBA52CGU6TR, STM32WBA52CGU6U, STM32WBA52CGU7, STM32WBA52CGU7TR, STM32WBA52KEU6, STM32WBA52KEU6TR, STM32WBA52KGU6, STM32WBA52KGU6TR, STM32WBA54CEU6, STM32WBA54CEU6TR, STM32WBA54CEU7, STM32WBA54CEU7TR, STM32WBA54CGU6, STM32WBA54CGU6TR, STM32WBA54CGU7, STM32WBA54CGU7TR, STM32WBA54KEU6, STM32WBA54KEU6TR, STM32WBA54KEU7, STM32WBA54KEU7TR, STM32WBA54KGU6, STM32WBA54KGU6TR, STM32WBA54KGU7, STM32WBA54KGU7TR, STM32WBA55CEU6, STM32WBA55CEU6TR, STM32WBA55CEU7, STM32WBA55CEU7TR, STM32WBA55CGU6, STM32WBA55CGU6TR, STM32WBA55CGU6U, STM32WBA55CGU7, STM32WBA55CGU7TR, STM32WBA55G-DK1, STM32WBA55HEF6, STM32WBA55HEF7, STM32WBA55HGF6, STM32WBA55HGF7, STM32WBA55UEI6, STM32WBA55UEI6TR, STM32WBA55UEI7, STM32WBA55UEI7TR, STM32WBA55UGI6, STM32WBA55UGI6TR, STM32WBA55UGI7, STM32WBA55UGI7TR, STM32WBA5MJGH6TR, STM32WBA5MJGH6U, STM32WL33C8V6, STM32WL33C8V6TR, STM32WL33C8V7, STM32WL33C8V7TR, STM32WL33CBV6, STM32WL33CBV6TR, STM32WL33CBV7, STM32WL33CBV7TR, STM32WL33CCV6, STM32WL33CCV6TR, STM32WL33CCV7, STM32WL33CCV7A, STM32WL33CCV7ATR, STM32WL33CCV7TR, STM32WL33K8V6, STM32WL33K8V6TR, STM32WL33K8V7, STM32WL33K8V7TR, STM32WL33KBV6, STM32WL33KBV6TR, STM32WL33KBV7, STM32WL33KBV7TR, STM32WL33KCV6, STM32WL33KCV6TR, STM32WL33KCV7, STM32WL33KCV7TR, STM32WL5MOCH6, STM32WL5MOCH6TR]
2025-05-27 11:40:59,848 [INFO] ApiDb:668 - CubeFinder database Data Model version=2.1
2025-05-27 11:40:59,849 [INFO] ApiDb:669 - CubeFinder database Configuration version=3.0.39
2025-05-27 11:40:59,849 [INFO] ApiDb:670 - CubeFinder database generation date=2025-02-18 (1739885696)
2025-05-27 11:40:59,849 [INFO] ApiDb:671 - CubeFinder database FW Pack versions=[FP-ATR-ASTRA1_V2.0.0, FP-SNS-FLIGHT1_V5.0.2, FP-SNS-MOTENV1_V5.0.0, FP-SNS-MOTENVWB1_V1.4.0, FP-SNS-SMARTAG2_V1.2.0, FP-SNS-STBOX1_V2.0.0, STM32Cube_FW_C0_V1.4.0, STM32Cube_FW_F4_V1.28.1, STM32Cube_FW_F7_V1.17.2, STM32Cube_FW_G0_V1.6.2, STM32Cube_FW_G4_V1.6.1, STM32Cube_FW_H5_V1.5.0, STM32Cube_FW_H7RS_V1.2.0, STM32Cube_FW_H7_V1.12.1, STM32Cube_FW_L0_V1.12.2, STM32Cube_FW_L4_V1.18.1, STM32Cube_FW_L5_V1.5.1, STM32Cube_FW_N6_V1.1.0, STM32Cube_FW_U0_V1.2.0, STM32Cube_FW_U3_V1.1.0, STM32Cube_FW_U5_V1.7.0, STM32Cube_FW_WB0_V1.2.0, STM32Cube_FW_WBA_V1.6.0, STM32Cube_FW_WB_V1.22.0, STM32Cube_FW_WL3_V1.1.0, STM32Cube_FW_WL_V1.3.1, X-CUBE-ALGOBUILD_V1.4.0, X-CUBE-ALS_V1.0.2, X-CUBE-AZRTOS-F4_V1.1.0, X-CUBE-AZRTOS-F7_V1.1.0, X-CUBE-AZRTOS-G0_V1.1.0, X-CUBE-AZRTOS-G4_V2.0.0, X-CUBE-AZRTOS-H7RS_V1.0.0, X-CUBE-AZRTOS-H7_V3.3.0, X-CUBE-AZRTOS-L4_V2.0.0, X-CUBE-AZRTOS-L5_V2.0.0, X-CUBE-AZRTOS-WB_V2.0.0, X-CUBE-AZRTOS-WL_V2.0.0, X-CUBE-BLE1_V7.0.0, X-CUBE-BLE2_V3.3.0, X-CUBE-BLEMGR_V4.0.0, X-CUBE-EEPRMA1_V5.1.0, X-CUBE-FREERTOS_V1.3.0, X-CUBE-GNSS1_V6.0.0, X-CUBE-MEMS1_V11.1.0, X-CUBE-NFC4_V3.0.0, X-CUBE-NFC7_V1.0.1, X-CUBE-SFXS2LP1_V4.0.0, X-CUBE-SUBG2_V5.0.0, X-CUBE-TOF1_V3.4.2]
2025-05-27 11:41:03,568 [INFO] ApiDb:240 - Found 858 in-development CPN: [B-G473E-ZEST1S, B-WB1M-WPAN1, B-WBA5M-WPAN, B-WL5M-SUBG1, NUCLEO-C031C6, NUCLEO-C051C8, NUCLEO-C071RB, NUCLEO-C092RC, NUCLEO-H503RB, NUCLEO-H533RE, NUCLEO-H563ZI, NUCLEO-H7S3L8, NUCLEO-N657X0-Q, NUCLEO-U031R8, NUCLEO-U083RC, NUCLEO-U385RG-Q, NUCLEO-U545RE-Q, NUCLEO-U5A5ZJ-Q, NUCLEO-WB05KZ, NUCLEO-WB07CC, NUCLEO-WB09KE, NUCLEO-WBA52CG, NUCLEO-WBA55CG, NUCLEO-WL33CC1, NUCLEO-WL33CC2, STEVAL-PROTEUS1, STEVAL-SMARTAG2, STEVAL-STWINBX1, STM320518-EVAL, STM32C0116-DK, STM32C011D6Y3TR, STM32C011D6Y6TR, STM32C011F4P3, STM32C011F4P6, STM32C011F4U3, STM32C011F4U6TR, STM32C011F6P3, STM32C011F6P6, STM32C011F6U3, STM32C011F6U6TR, STM32C011J4M3, STM32C011J4M6, STM32C011J6M3, STM32C011J6M6, STM32C0316-DK, STM32C031C4T3, STM32C031C4T6, STM32C031C4U3, STM32C031C4U6, STM32C031C6T3, STM32C031C6T6, STM32C031C6U3, STM32C031C6U6, STM32C031F4P3, STM32C031F4P6, STM32C031F6P3, STM32C031F6P6, STM32C031G4U3, STM32C031G4U6, STM32C031G6U3, STM32C031G6U6, STM32C031K4T3, STM32C031K4T6, STM32C031K4U3, STM32C031K4U6, STM32C031K6T3, STM32C031K6T6, STM32C031K6U3, STM32C031K6U6, STM32C051C6T6, STM32C051C6U6, STM32C051C8T6, STM32C051C8U6, STM32C051D8Y6TR, STM32C051F6P6, STM32C051F8P6, STM32C051G6U6, STM32C051G8U6, STM32C051K6T6, STM32C051K6U6, STM32C051K8T6, STM32C071C8T6, STM32C071C8T6N, STM32C071C8U6, STM32C071C8U6N, STM32C071CBT6, STM32C071CBT6N, STM32C071CBU6, STM32C071CBU6N, STM32C071F8P6, STM32C071F8P6N, STM32C071FBP6, STM32C071FBP6N, STM32C071FBY6TR, STM32C071G8U6, STM32C071G8U6N, STM32C071GBU6, STM32C071GBU6N, STM32C071K8T6, STM32C071K8T6N, STM32C071K8U6, STM32C071K8U6N, STM32C071KBT6, STM32C071KBT6N, STM32C071KBU6, STM32C071KBU6N, STM32C071R8T6, STM32C071R8T6N, STM32C071RBI6N, STM32C071RBT6, STM32C071RBT6N, STM32C091CBT6, STM32C091CBU6, STM32C091CCT6, STM32C091CCU6, STM32C091ECY6TR, STM32C091FBP6, STM32C091FCP6, STM32C091GBU6, STM32C091GCU6, STM32C091KBT6, STM32C091KBU6, STM32C091KCT6, STM32C091KCU6, STM32C091RBT6, STM32C091RCI6, STM32C091RCT6, STM32C092CBT6, STM32C092CBU6, STM32C092CCT6, STM32C092CCU6, STM32C092ECY6TR, STM32C092FBP6, STM32C092FCP6, STM32C092GBU6, STM32C092GCU6, STM32C092KBT6, STM32C092KBU6, STM32C092KCT6, STM32C092KCU6, STM32C092RBT6, STM32C092RCI6, STM32C092RCT6, STM32G071K8TXN, STM32G071K8UXN, STM32G081GBU6N, STM32G081KBT6N, STM32G081KBUXN, STM32G0B1CCT6N, STM32G0B1KCT6, STM32G0B1NEY6TR, STM32G0B1RCT6N, STM32G0C1CCT6, STM32G0C1CCT6N, STM32G0C1CCU6N, STM32G0C1CET6N, STM32G0C1CEU6N, STM32G0C1KCT6, STM32G0C1NEY6TR, STM32G0C1RCI6N, STM32G0C1RCT6N, STM32G0C1REI6N, STM32G0C1RET6N, STM32G0C1VCI6, STM32G0C1VEI6, STM32G411C6T3, STM32G411C6T6, STM32G411C6U3, STM32G411C6U6, STM32G411C8T3, STM32G411C8T6, STM32G411C8U3, STM32G411C8U6, STM32G411CBT3, STM32G411CBT6, STM32G411CBU3, STM32G411CBU6, STM32G411CCT3, STM32G411CCT6, STM32G411CCU3, STM32G411CCU6, STM32G411K6T3, STM32G411K6T6, STM32G411K6U3, STM32G411K6U6, STM32G411K8T3, STM32G411K8T6, STM32G411K8U3, STM32G411K8U6, STM32G411KBT3, STM32G411KBT6, STM32G411KBU3, STM32G411KBU6, STM32G411M6T3, STM32G411M6T6, STM32G411M8T3, STM32G411M8T6, STM32G411MBT3, STM32G411MBT6, STM32G411MCT3, STM32G411MCT6, STM32G411R6T3, STM32G411R6T6, STM32G411R8T3, STM32G411R8T6, STM32G411RBT3, STM32G411RBT6, STM32G411RCT3, STM32G411RCT6, STM32G414CBT3, STM32G414CBT6, STM32G414CBU3, STM32G414CBU6, STM32G414CCT3, STM32G414CCT6, STM32G414CCU3, STM32G414CCU6, STM32G414MBT3, STM32G414MBT6, STM32G414MCT3, STM32G414MCT6, STM32G414RBT3, STM32G414RBT6, STM32G414RCT3, STM32G414RCT6, STM32G414VBT3, STM32G414VBT6, STM32G414VCT3, STM32G414VCT6, STM32G431CBT3Z, STM32G431RBT3Z, STM32G471CCT6, STM32G471CCU6, STM32G471CET3, STM32G471CET6, STM32G471CEU3, STM32G471CEU6, STM32G471MCT6, STM32G471MET3, STM32G471MET6, STM32G471MEY6TR, STM32G471QCT6, STM32G471QET3, STM32G471RCT6, STM32G471RET3, STM32G471RET6, STM32G471VCH6, STM32G471VCI6, STM32G471VCT6, STM32G471VEH3, STM32G471VEH6, STM32G471VEI3, STM32G471VEI6, STM32G471VET3, STM32G471VET6, STM32G473QET3Z, STM32G473RET3Z, STM32G474CCT6, STM32G491RET3Z, STM32H503CBT6, STM32H503CBU6, STM32H503EBY6TR, STM32H503KBU6, STM32H503RBT6, STM32H523CCT6, STM32H523CCU6, STM32H523CET6, STM32H523CEU6, STM32H523HEY6TR, STM32H523RCT6, STM32H523RET6, STM32H523VCI6, STM32H523VCT6, STM32H523VEI6, STM32H523VET6, STM32H523ZCJ6, STM32H523ZCT6, STM32H523ZEJ6, STM32H523ZET6, STM32H533CET6, STM32H533CEU6, STM32H533HEY6TR, STM32H533RET6, STM32H533VEI6, STM32H533VET6, STM32H533ZEJ6, STM32H533ZET6, STM32H562AGI6, STM32H562AII6, STM32H562IGK6, STM32H562IGT6, STM32H562IIK6, STM32H562IIT6, STM32H562RGT6, STM32H562RGV6, STM32H562RIT6, STM32H562RIV6, STM32H562VGT6, STM32H562VIT6, STM32H562ZGT6, STM32H562ZIT6, STM32H563AGI6, STM32H563AII3Q, STM32H563AII6, STM32H563IGK6, STM32H563IGT6, STM32H563IIK3Q, STM32H563IIK6, STM32H563IIT3Q, STM32H563IIT6, STM32H563MIY3QTR, STM32H563RGT6, STM32H563RGV6, STM32H563RIT6, STM32H563RIV6, STM32H563VGT6, STM32H563VIT3Q, STM32H563VIT6, STM32H563ZGT6, STM32H563ZIT3Q, STM32H563ZIT6, STM32H573AII3Q, STM32H573AII6, STM32H573I-DK, STM32H573IIK3Q, STM32H573IIK6, STM32H573IIT3Q, STM32H573IIT6, STM32H573MIY3QTR, STM32H573RIT6, STM32H573RIV6, STM32H573VIT3Q, STM32H573VIT6, STM32H573ZIT3Q, STM32H573ZIT6, STM32H7R3A8I6, STM32H7R3I8K6, STM32H7R3I8T6, STM32H7R3L8H6, STM32H7R3L8H6H, STM32H7R3R8V6, STM32H7R3V8H6, STM32H7R3V8T6, STM32H7R3V8Y6TR, STM32H7R3Z8J6, STM32H7R3Z8T6, STM32H7R7A8I6, STM32H7R7I8K6, STM32H7R7I8T6, STM32H7R7L8H6, STM32H7R7L8H6H, STM32H7R7Z8J6, STM32H7S3A8I6, STM32H7S3I8K6, STM32H7S3I8T6, STM32H7S3L8H6, STM32H7S3L8H6H, STM32H7S3R8V6, STM32H7S3V8H6, STM32H7S3V8T6, STM32H7S3V8Y6TR, STM32H7S3Z8J6, STM32H7S3Z8T6, STM32H7S78-DK, STM32H7S7A8I6, STM32H7S7I8K6, STM32H7S7I8T6, STM32H7S7L8H6, STM32H7S7L8H6H, STM32H7S7Z8J6, STM32L4R5QGI6STR, STM32MP131AAE3, STM32MP131AAF3, STM32MP131AAG3, STM32MP131CAE3, STM32MP131CAF3, STM32MP131CAG3, STM32MP131DAE7, STM32MP131DAF7, STM32MP131DAG7, STM32MP131FAE7, STM32MP131FAF7, STM32MP131FAG7, STM32MP133AAE3, STM32MP133AAF3, STM32MP133AAG3, STM32MP133CAE3, STM32MP133CAF3, STM32MP133CAG3, STM32MP133DAE7, STM32MP133DAF7, STM32MP133DAG7, STM32MP133FAE7, STM32MP133FAF7, STM32MP133FAG7, STM32MP135AAE3, STM32MP135AAF3, STM32MP135AAG3, STM32MP135CAE3, STM32MP135CAF3, STM32MP135CAG3, STM32MP135DAE7, STM32MP135DAF7, STM32MP135DAG7, STM32MP135F-DK, STM32MP135FAE7, STM32MP135FAF7, STM32MP135FAF7T, STM32MP135FAF7U, STM32MP135FAG7, STM32MP231AAJ3, STM32MP231AAK3, STM32MP231AAL3, STM32MP231CAJ3, STM32MP231CAK3, STM32MP231CAL3, STM32MP231DAJ3, STM32MP231DAK3, STM32MP231DAL3, STM32MP231FAJ3, STM32MP231FAK3, STM32MP231FAL3, STM32MP233AAJ3, STM32MP233AAK3, STM32MP233AAL3, STM32MP233CAJ3, STM32MP233CAK3, STM32MP233CAL3, STM32MP233DAJ3, STM32MP233DAK3, STM32MP233DAL3, STM32MP233FAJ3, STM32MP233FAK3, STM32MP233FAL3, STM32MP235AAJ3, STM32MP235AAK3, STM32MP235AAL3, STM32MP235CAJ3, STM32MP235CAK3, STM32MP235CAL3, STM32MP235DAJ3, STM32MP235DAK3, STM32MP235DAL3, STM32MP235FAJ3, STM32MP235FAK3, STM32MP235FAL3, STM32MP251AAI3, STM32MP251AAJ3, STM32MP251AAK3, STM32MP251AAL3, STM32MP251CAI3, STM32MP251CAJ3, STM32MP251CAK3, STM32MP251CAL3, STM32MP251DAI3, STM32MP251DAJ3, STM32MP251DAK3, STM32MP251DAL3, STM32MP251FAI3, STM32MP251FAJ3, STM32MP251FAK3, STM32MP251FAL3, STM32MP253AAI3, STM32MP253AAJ3, STM32MP253AAK3, STM32MP253AAL3, STM32MP253CAI3, STM32MP253CAJ3, STM32MP253CAK3, STM32MP253CAL3, STM32MP253DAI3, STM32MP253DAJ3, STM32MP253DAK3, STM32MP253DAL3, STM32MP253FAI3, STM32MP253FAJ3, STM32MP253FAK3, STM32MP253FAL3, STM32MP255AAI3, STM32MP255AAJ3, STM32MP255AAK3, STM32MP255AAL3, STM32MP255CAI3, STM32MP255CAJ3, STM32MP255CAK3, STM32MP255CAL3, STM32MP255DAI3, STM32MP255DAJ3, STM32MP255DAK3, STM32MP255DAL3, STM32MP255FAI3, STM32MP255FAJ3, STM32MP255FAK3, STM32MP255FAL3, STM32MP257AAI3, STM32MP257AAJ3, STM32MP257AAK3, STM32MP257AAL3, STM32MP257CAI3, STM32MP257CAJ3, STM32MP257CAK3, STM32MP257CAL3, STM32MP257DAI3, STM32MP257DAJ3, STM32MP257DAK3, STM32MP257DAL3, STM32MP257F-DK, STM32MP257F-EV1, STM32MP257FAI3, STM32MP257FAJ3, STM32MP257FAK3, STM32MP257FAL3, STM32N645A0H3Q, STM32N645B0H3Q, STM32N645I0H3Q, STM32N645L0H3Q, STM32N645X0H3Q, STM32N645Z0H3Q, STM32N647A0H3Q, STM32N647B0H3Q, STM32N647I0H3Q, STM32N647L0H3Q, STM32N647X0H3Q, STM32N647Z0H3Q, STM32N655A0H3Q, STM32N655B0H3Q, STM32N655I0H3Q, STM32N655L0H3Q, STM32N655X0H3Q, STM32N655Z0H3Q, STM32N6570-DK, STM32N657A0H3Q, STM32N657B0H3Q, STM32N657I0H3Q, STM32N657L0H3Q, STM32N657X0H3Q, STM32N657Z0H3Q, STM32U031C6T6, STM32U031C6U6, STM32U031C8T6, STM32U031C8U6, STM32U031F4P6, STM32U031F6P6, STM32U031F8P6, STM32U031G6Y6TR, STM32U031G8Y6TR, STM32U031K4U6, STM32U031K6U6, STM32U031K8U6, STM32U031R6I6, STM32U031R6T6, STM32U031R8I6, STM32U031R8T6, STM32U073C8T6, STM32U073C8U6, STM32U073CBT6, STM32U073CBU6, STM32U073CCT6, STM32U073CCU6, STM32U073H8Y6TR, STM32U073HBY6TR, STM32U073HCY6TR, STM32U073K8U6, STM32U073KBU6, STM32U073KCU6, STM32U073M8I6, STM32U073M8T6, STM32U073MBI6, STM32U073MBT6, STM32U073MCI6, STM32U073MCT6, STM32U073R8I6, STM32U073R8T6, STM32U073RBI6, STM32U073RBT6, STM32U073RCI6, STM32U073RCT6, STM32U083C-DK, STM32U083CCT6, STM32U083CCU6, STM32U083HCY6TR, STM32U083KCU6, STM32U083MCI6, STM32U083MCT6, STM32U083RCI6, STM32U083RCT6, STM32U375CET6, STM32U375CET6Q, STM32U375CEU6, STM32U375CEU6Q, STM32U375CEY6QTR, STM32U375CGT6, STM32U375CGT6Q, STM32U375CGU6, STM32U375CGU6Q, STM32U375CGY6QTR, STM32U375KEU6, STM32U375KGU6, STM32U375REI6, STM32U375REI6Q, STM32U375RET6, STM32U375RET6Q, STM32U375REY6GTR, STM32U375REY6QTR, STM32U375RGI6, STM32U375RGI6Q, STM32U375RGT6, STM32U375RGT6Q, STM32U375RGY6GTR, STM32U375RGY6QTR, STM32U375VEI6, STM32U375VEI6Q, STM32U375VET6, STM32U375VET6Q, STM32U375VGI6, STM32U375VGI6Q, STM32U375VGT6, STM32U375VGT6Q, STM32U385CGT6, STM32U385CGT6Q, STM32U385CGU6, STM32U385CGU6Q, STM32U385CGY6QTR, STM32U385KGU6, STM32U385RGI6, STM32U385RGI6Q, STM32U385RGT6, STM32U385RGT6Q, STM32U385RGY6GTR, STM32U385RGY6QTR, STM32U385VGI6, STM32U385VGI6Q, STM32U385VGT6, STM32U385VGT6Q, STM32U535CBT6, STM32U535CBT6Q, STM32U535CBU6, STM32U535CBU6Q, STM32U535CCT6, STM32U535CCT6Q, STM32U535CCU6, STM32U535CCU6Q, STM32U535CET6, STM32U535CET6Q, STM32U535CEU6, STM32U535CEU6Q, STM32U535JEY6QTR, STM32U535NCY6QTR, STM32U535NEY6QTR, STM32U535RBI6, STM32U535RBI6Q, STM32U535RBT6, STM32U535RBT6Q, STM32U535RCI6, STM32U535RCI6Q, STM32U535RCT6, STM32U535RCT6Q, STM32U535REI6, STM32U535REI6Q, STM32U535RET6, STM32U535RET6Q, STM32U535VCI6, STM32U535VCI6Q, STM32U535VCT6, STM32U535VCT6Q, STM32U535VEI6, STM32U535VEI6Q, STM32U535VET6, STM32U535VET6Q, STM32U545CET6, STM32U545CET6Q, STM32U545CEU6, STM32U545CEU6Q, STM32U545JEY6QTR, STM32U545NEY6QTR, STM32U545REI6, STM32U545REI6Q, STM32U545RET6, STM32U545RET6Q, STM32U545VEI6, STM32U545VEI6Q, STM32U545VET6, STM32U545VET6Q, STM32U595AIH6, STM32U595AIH6Q, STM32U595AJH6, STM32U595AJH6Q, STM32U595QII6, STM32U595QII6Q, STM32U595QJI6, STM32U595QJI6Q, STM32U595RIT6, STM32U595RIT6Q, STM32U595RJT6, STM32U595RJT6Q, STM32U595VIT6, STM32U595VIT6Q, STM32U595VJT6, STM32U595VJT6Q, STM32U595ZIT6, STM32U595ZIT6Q, STM32U595ZIY6QTR, STM32U595ZJT6, STM32U595ZJT6Q, STM32U595ZJY6QTR, STM32U599BJY6QTR, STM32U599NIH6Q, STM32U599NJH6Q, STM32U599VIT6Q, STM32U599VJT6, STM32U599VJT6Q, STM32U599ZIT6Q, STM32U599ZIY6QTR, STM32U599ZJT6Q, STM32U599ZJY6QTR, STM32U5A5AJH6, STM32U5A5AJH6Q, STM32U5A5QII3Q , STM32U5A5QJI6, STM32U5A5QJI6Q, STM32U5A5RJT6, STM32U5A5RJT6Q, STM32U5A5VJT6, STM32U5A5VJT6Q, STM32U5A5ZJT6, STM32U5A5ZJT6Q, STM32U5A5ZJY6QTR, STM32U5A9BJY6QTR, STM32U5A9J-DK, STM32U5A9NJH6Q, STM32U5A9VJT6Q, STM32U5A9ZJT6Q, STM32U5A9ZJY6QTR, STM32U5F7VIT6, STM32U5F7VIT6Q, STM32U5F7VJT6, STM32U5F7VJT6Q, STM32U5F9BJY6QTR, STM32U5F9NJH6Q, STM32U5F9VIT6Q, STM32U5F9VJT6Q, STM32U5F9ZIJ6QTR, STM32U5F9ZIT6Q, STM32U5F9ZJJ6QTR, STM32U5F9ZJT6Q, STM32U5G7VJT6, STM32U5G7VJT6Q, STM32U5G9BJY6QTR, STM32U5G9J-DK1, STM32U5G9J-DK2, STM32U5G9NJH6Q, STM32U5G9VJT6Q, STM32U5G9ZJJ6QTR, STM32U5G9ZJT6Q, STM32WB05KZV6TR, STM32WB05KZV7TR, STM32WB05TZF6TR, STM32WB05TZF7TR, STM32WB06CCF6TR, STM32WB06CCF7TR, STM32WB06CCV6TR, STM32WB06CCV7TR, STM32WB06KCV6TR, STM32WB06KCV7TR, STM32WB07CCF6TR, STM32WB07CCF7TR, STM32WB07CCV6TR, STM32WB07CCV7TR, STM32WB07KCV6TR, STM32WB07KCV7TR, STM32WB09KEV6TR, STM32WB09KEV7TR, STM32WB09TEF6TR, STM32WB09TEF7TR, STM32WB1MMCH6, STM32WBA50KGU6, STM32WBA50KGU6TR, STM32WBA52CEU6, STM32WBA52CEU6TR, STM32WBA52CEU7, STM32WBA52CEU7TR, STM32WBA52CGU6, STM32WBA52CGU6TR, STM32WBA52CGU6U, STM32WBA52CGU7, STM32WBA52CGU7TR, STM32WBA52KEU6, STM32WBA52KEU6TR, STM32WBA52KGU6, STM32WBA52KGU6TR, STM32WBA54CEU6, STM32WBA54CEU6TR, STM32WBA54CEU7, STM32WBA54CEU7TR, STM32WBA54CGU6, STM32WBA54CGU6TR, STM32WBA54CGU7, STM32WBA54CGU7TR, STM32WBA54KEU6, STM32WBA54KEU6TR, STM32WBA54KEU7, STM32WBA54KEU7TR, STM32WBA54KGU6, STM32WBA54KGU6TR, STM32WBA54KGU7, STM32WBA54KGU7TR, STM32WBA55CEU6, STM32WBA55CEU6TR, STM32WBA55CEU7, STM32WBA55CEU7TR, STM32WBA55CGU6, STM32WBA55CGU6TR, STM32WBA55CGU6U, STM32WBA55CGU7, STM32WBA55CGU7TR, STM32WBA55G-DK1, STM32WBA55HEF6, STM32WBA55HEF7, STM32WBA55HGF6, STM32WBA55HGF7, STM32WBA55UEI6, STM32WBA55UEI6TR, STM32WBA55UEI7, STM32WBA55UEI7TR, STM32WBA55UGI6, STM32WBA55UGI6TR, STM32WBA55UGI7, STM32WBA55UGI7TR, STM32WBA5MJGH6TR, STM32WBA5MJGH6U, STM32WL33C8V6, STM32WL33C8V6TR, STM32WL33C8V7, STM32WL33C8V7TR, STM32WL33CBV6, STM32WL33CBV6TR, STM32WL33CBV7, STM32WL33CBV7TR, STM32WL33CCV6, STM32WL33CCV6TR, STM32WL33CCV7, STM32WL33CCV7A, STM32WL33CCV7ATR, STM32WL33CCV7TR, STM32WL33K8V6, STM32WL33K8V6TR, STM32WL33K8V7, STM32WL33K8V7TR, STM32WL33KBV6, STM32WL33KBV6TR, STM32WL33KBV7, STM32WL33KBV7TR, STM32WL33KCV6, STM32WL33KCV6TR, STM32WL33KCV7, STM32WL33KCV7TR, STM32WL5MOCH6, STM32WL5MOCH6TR]
2025-05-27 11:41:03,578 [INFO] DbMcus:218 - Found 4670 MCUs, 4670 are supported
2025-05-27 11:41:03,580 [INFO] ApiDb:423 - Load user favorites file C:\Users\thepd/.stm32cubeide/favorites.mcus.txt: 0 item(s)
2025-05-27 11:41:03,580 [INFO] ApiDb:427 - User favorites MCUs=[]
2025-05-27 11:41:03,580 [INFO] DbMcus:224 - Set 0 / 0 favorites MCUs
2025-05-27 11:41:04,913 [INFO] BoardInfo:889 - No configuration file found for board P-NUCLEO-WB55
2025-05-27 11:41:04,914 [INFO] DbBoards:161 - Kit is not supported: P-NUCLEO-WB55
2025-05-27 11:41:04,930 [INFO] BoardInfo:889 - No configuration file found for board STEVAL-BFA001V1B
2025-05-27 11:41:04,934 [INFO] DbBoards:161 - Kit is not supported: STEVAL-BFA001V1B
2025-05-27 11:41:04,938 [INFO] BoardInfo:889 - No configuration file found for board STEVAL-BFA001V2B
2025-05-27 11:41:04,944 [INFO] DbBoards:161 - Kit is not supported: STEVAL-BFA001V2B
2025-05-27 11:41:05,295 [INFO] DbBoards:168 - Found 209 boards, 206 are supported
2025-05-27 11:41:05,295 [INFO] DbBoards:169 - Found 209 boards, 42 of them is supported for  Bsp
2025-05-27 11:41:05,300 [INFO] ApiDb:423 - Load user favorites file C:\Users\thepd/.stm32cubeide/favorites.boards.txt: 0 item(s)
2025-05-27 11:41:05,300 [INFO] ApiDb:427 - User favorites Boards=[]
2025-05-27 11:41:05,300 [INFO] DbBoards:198 - Set 0 / 0 favorites Boards
2025-05-27 11:41:05,389 [INFO] UtilMem:75 - End LoadConfig() Used Memory: 698233384 Bytes (1073741824)
2025-05-27 11:41:05,634 [WARN] ThirdParty:833 - waiting for thirdparty lock release [change project]
2025-05-27 11:41:05,635 [INFO] ThirdParty:835 - entering critical section [change project]
2025-05-27 11:41:05,635 [INFO] ThirdParty:1030 - CMSIS Pack Vendor :STMicroelectronics USBPD 4.1
2025-05-27 11:41:05,636 [INFO] ThirdParty:1030 - CMSIS Pack Vendor :STMicroelectronics X-CUBE-AZRTOS-H7 3.3.0
2025-05-27 11:41:05,636 [INFO] ThirdParty:1030 - CMSIS Pack Vendor :STMicroelectronics X-CUBE-NFC9 1.0.0
2025-05-27 11:41:05,636 [INFO] ThirdParty:1030 - CMSIS Pack Vendor :STMicroelectronics USB_HOST 2.0.0
2025-05-27 11:41:05,636 [INFO] ThirdParty:1030 - CMSIS Pack Vendor :STMicroelectronics FP-SNS-MOTENVWB1 1.4.0
2025-05-27 11:41:05,636 [INFO] ThirdParty:1030 - CMSIS Pack Vendor :STMicroelectronics X-CUBE-AZRTOS-F4 1.1.0
2025-05-27 11:41:05,636 [INFO] ThirdParty:1030 - CMSIS Pack Vendor :STMicroelectronics LIBJPEG 8.0.0
2025-05-27 11:41:05,636 [INFO] ThirdParty:1030 - CMSIS Pack Vendor :STMicroelectronics FP-ATR-ASTRA1 2.0.2
2025-05-27 11:41:05,636 [INFO] ThirdParty:1030 - CMSIS Pack Vendor :STMicroelectronics FP-ATR-ASTRA1 2.0.1
2025-05-27 11:41:05,636 [INFO] ThirdParty:1030 - CMSIS Pack Vendor :STMicroelectronics X-CUBE-BLE1 7.1.0
2025-05-27 11:41:05,636 [INFO] ThirdParty:1030 - CMSIS Pack Vendor :Avnet-IotConnect X-CUBE-IoTC-DA16k-PMOD 1.0.0
2025-05-27 11:41:05,636 [INFO] ThirdParty:1030 - CMSIS Pack Vendor :STMicroelectronics X-CUBE-SMBUS 2.1.0
2025-05-27 11:41:05,636 [INFO] ThirdParty:1030 - CMSIS Pack Vendor :STMicroelectronics X-CUBE-WB05N 1.1.0
2025-05-27 11:41:05,636 [INFO] ThirdParty:1030 - CMSIS Pack Vendor :STMicroelectronics USB_DEVICE 3.0.0
2025-05-27 11:41:05,636 [INFO] ThirdParty:1030 - CMSIS Pack Vendor :STMicroelectronics X-CUBE-ISPU 2.1.0
2025-05-27 11:41:05,636 [INFO] ThirdParty:1030 - CMSIS Pack Vendor :STMicroelectronics X-CUBE-AZRTOS-WB 2.0.0
2025-05-27 11:41:05,636 [INFO] ThirdParty:1030 - CMSIS Pack Vendor :STMicroelectronics X-CUBE-ST60 1.0.0
2025-05-27 11:41:05,636 [INFO] ThirdParty:1030 - CMSIS Pack Vendor :STMicroelectronics X-CUBE-GNSS1 7.0.1
2025-05-27 11:41:05,637 [INFO] ThirdParty:1030 - CMSIS Pack Vendor :STMicroelectronics X-CUBE-AZRTOS-F7 1.1.0
2025-05-27 11:41:05,637 [INFO] ThirdParty:1030 - CMSIS Pack Vendor :STMicroelectronics X-CUBE-AZRTOS-L5 2.0.0
2025-05-27 11:41:05,637 [INFO] ThirdParty:1030 - CMSIS Pack Vendor :STMicroelectronics X-CUBE-TOUCHGFX 4.25.0
2025-05-27 11:41:05,637 [INFO] ThirdParty:1030 - CMSIS Pack Vendor :STMicroelectronics USB_DEVICE 2.0.0
2025-05-27 11:41:05,637 [INFO] ThirdParty:1030 - CMSIS Pack Vendor :STMicroelectronics X-CUBE-NFC6 3.1.0
2025-05-27 11:41:05,637 [INFO] ThirdParty:1030 - CMSIS Pack Vendor :STMicroelectronics FP-SNS-STBOX1 2.0.0
2025-05-27 11:41:05,637 [INFO] ThirdParty:1030 - CMSIS Pack Vendor :STMicroelectronics X-CUBE-MEMS1 11.2.0
2025-05-27 11:41:05,637 [INFO] ThirdParty:1030 - CMSIS Pack Vendor :STMicroelectronics FreeRTOS 0.0.1
2025-05-27 11:41:05,637 [INFO] ThirdParty:1030 - CMSIS Pack Vendor :STMicroelectronics X-CUBE-AZRTOS-G0 1.1.0
2025-05-27 11:41:05,637 [INFO] ThirdParty:1030 - CMSIS Pack Vendor :STMicroelectronics X-CUBE-SAFEA1 1.2.2
2025-05-27 11:41:05,637 [INFO] ThirdParty:1030 - CMSIS Pack Vendor :STMicroelectronics X-CUBE-NFC4 3.0.0
2025-05-27 11:41:05,637 [INFO] ThirdParty:1030 - CMSIS Pack Vendor :STMicroelectronics X-CUBE-DPower 1.2.0
2025-05-27 11:41:05,637 [INFO] ThirdParty:1030 - CMSIS Pack Vendor :STMicroelectronics X-CUBE-SUBG2 5.0.0
2025-05-27 11:41:05,637 [INFO] ThirdParty:1030 - CMSIS Pack Vendor :STMicroelectronics X-CUBE-AZRTOS-H7RS 1.1.0
2025-05-27 11:41:05,637 [INFO] ThirdParty:1030 - CMSIS Pack Vendor :STMicroelectronics STM32_WPAN 1.0.0
2025-05-27 11:41:05,637 [INFO] ThirdParty:1030 - CMSIS Pack Vendor :EmbeddedOffice I-CUBE-FS-RTOS 1.0.1
2025-05-27 11:41:05,637 [INFO] ThirdParty:1030 - CMSIS Pack Vendor :STMicroelectronics lwIP 2.0.3
2025-05-27 11:41:05,638 [INFO] ThirdParty:1030 - CMSIS Pack Vendor :STMicroelectronics FP-SNS-FLIGHT1 5.0.2
2025-05-27 11:41:05,638 [INFO] ThirdParty:1030 - CMSIS Pack Vendor :Cesanta I-CUBE-Mongoose 7.13.0
2025-05-27 11:41:05,638 [INFO] ThirdParty:1030 - CMSIS Pack Vendor :STMicroelectronics USB_HOST 1.0.0
2025-05-27 11:41:05,638 [INFO] ThirdParty:1030 - CMSIS Pack Vendor :Infineon AIROC-Wi-Fi-Bluetooth-STM32 1.7.0
2025-05-27 11:41:05,638 [INFO] ThirdParty:1030 - CMSIS Pack Vendor :STMicroelectronics X-CUBE-AZRTOS-G4 2.0.0
2025-05-27 11:41:05,638 [INFO] ThirdParty:1030 - CMSIS Pack Vendor :STMicroelectronics X-CUBE-WB05N 2.0.0
2025-05-27 11:41:05,638 [INFO] ThirdParty:1030 - CMSIS Pack Vendor :STMicroelectronics PDM2PCM 3.1.0
2025-05-27 11:41:05,638 [INFO] ThirdParty:1030 - CMSIS Pack Vendor :STMicroelectronics PDM2PCM 3.3.0
2025-05-27 11:41:05,638 [INFO] ThirdParty:1030 - CMSIS Pack Vendor :STMicroelectronics X-CUBE-DISPLAY 3.0.0
2025-05-27 11:41:05,638 [INFO] ThirdParty:1030 - CMSIS Pack Vendor :STMicroelectronics X-CUBE-NFC7 2.0.0
2025-05-27 11:41:05,638 [INFO] ThirdParty:1030 - CMSIS Pack Vendor :STMicroelectronics X-CUBE-TCPP 4.2.0
2025-05-27 11:41:05,638 [INFO] ThirdParty:1030 - CMSIS Pack Vendor :RealThread X-CUBE-RT-Thread_Nano 4.1.1
2025-05-27 11:41:05,638 [INFO] ThirdParty:1030 - CMSIS Pack Vendor :STMicroelectronics X-CUBE-BLE1 7.0.0
2025-05-27 11:41:05,638 [INFO] ThirdParty:1030 - CMSIS Pack Vendor :STMicroelectronics FP-ATR-SIGFOX1 3.2.0
2025-05-27 11:41:05,639 [INFO] ThirdParty:1030 - CMSIS Pack Vendor :STMicroelectronics X-CUBE-NFC10 1.0.0
2025-05-27 11:41:05,639 [INFO] ThirdParty:1030 - CMSIS Pack Vendor :quantropi X-CUBE-qispace-sdk-base 1.9.3
2025-05-27 11:41:05,639 [INFO] ThirdParty:1030 - CMSIS Pack Vendor :STMicroelectronics X-CUBE-BLEMGR 4.0.0
2025-05-27 11:41:05,639 [INFO] ThirdParty:1030 - CMSIS Pack Vendor :STMicroelectronics X-CUBE-EEPRMA1 5.1.0
2025-05-27 11:41:05,639 [INFO] ThirdParty:1030 - CMSIS Pack Vendor :STMicroelectronics X-CUBE-FREERTOS 1.3.1
2025-05-27 11:41:05,639 [INFO] ThirdParty:1030 - CMSIS Pack Vendor :STMicroelectronics HAL Drivers 0.0.0
2025-05-27 11:41:05,639 [INFO] ThirdParty:1030 - CMSIS Pack Vendor :STMicroelectronics MBEDTLS 2.16.2
2025-05-27 11:41:05,639 [INFO] ThirdParty:1030 - CMSIS Pack Vendor :STMicroelectronics X-CUBE-IPS 3.1.0
2025-05-27 11:41:05,639 [INFO] ThirdParty:1030 - CMSIS Pack Vendor :STMicroelectronics X-CUBE-ALS 1.0.2
2025-05-27 11:41:05,639 [INFO] ThirdParty:1030 - CMSIS Pack Vendor :emotas I-CUBE-CANOPEN 1.3.0
2025-05-27 11:41:05,639 [INFO] ThirdParty:1030 - CMSIS Pack Vendor :STMicroelectronics X-CUBE-FREERTOS 1.3.0
2025-05-27 11:41:05,639 [INFO] ThirdParty:1030 - CMSIS Pack Vendor :STMicroelectronics X-CUBE-NFC7 1.0.1
2025-05-27 11:41:05,639 [INFO] ThirdParty:1030 - CMSIS Pack Vendor :STMicroelectronics MBEDTLS 2.14.1
2025-05-27 11:41:05,639 [INFO] ThirdParty:1030 - CMSIS Pack Vendor :wolfSSL I-CUBE-wolfSSL 5.7.6
2025-05-27 11:41:05,640 [INFO] ThirdParty:1030 - CMSIS Pack Vendor :ITTIA_DB I-CUBE-ITTIADB 8.9.0
2025-05-27 11:41:05,640 [INFO] ThirdParty:1030 - CMSIS Pack Vendor :STMicroelectronics X-CUBE-TOUCHGFX 4.24.2
2025-05-27 11:41:05,640 [INFO] ThirdParty:1030 - CMSIS Pack Vendor :wolfSSL I-CUBE-wolfTPM 3.4.0
2025-05-27 11:41:05,640 [INFO] ThirdParty:1030 - CMSIS Pack Vendor :portGmbH I-Cube-SoM-uGOAL 1.1.0
2025-05-27 11:41:05,640 [INFO] ThirdParty:1030 - CMSIS Pack Vendor :STMicroelectronics X-CUBE-AI 10.0.0
2025-05-27 11:41:05,640 [INFO] ThirdParty:1030 - CMSIS Pack Vendor :STMicroelectronics ThreadX 1.0.0
2025-05-27 11:41:05,640 [INFO] ThirdParty:1030 - CMSIS Pack Vendor :STMicroelectronics FP-SNS-SMARTAG2 1.2.0
2025-05-27 11:41:05,640 [INFO] ThirdParty:1030 - CMSIS Pack Vendor :STMicroelectronics FP-SNS-FLIGHT1 5.1.0
2025-05-27 11:41:05,640 [INFO] ThirdParty:1030 - CMSIS Pack Vendor :STMicroelectronics X-CUBE-MEMS1 11.1.0
2025-05-27 11:41:05,641 [INFO] ThirdParty:1030 - CMSIS Pack Vendor :STMicroelectronics X-CUBE-AZRTOS-WL 2.0.0
2025-05-27 11:41:05,641 [INFO] ThirdParty:1030 - CMSIS Pack Vendor :SEGGER I-CUBE-embOS 1.3.1
2025-05-27 11:41:05,641 [INFO] ThirdParty:1030 - CMSIS Pack Vendor :STMicroelectronics X-CUBE-ALGOBUILD 1.4.0
2025-05-27 11:41:05,641 [INFO] ThirdParty:1030 - CMSIS Pack Vendor :STMicroelectronics X-CUBE-DPower 1.3.0
2025-05-27 11:41:05,641 [INFO] ThirdParty:1030 - CMSIS Pack Vendor :STMicroelectronics FP-SNS-MOTENV1 5.0.0
2025-05-27 11:41:05,641 [INFO] ThirdParty:1030 - CMSIS Pack Vendor :STMicroelectronics USB_DEVICE 1.0.0
2025-05-27 11:41:05,641 [INFO] ThirdParty:1030 - CMSIS Pack Vendor :STMicroelectronics X-CUBE-AZRTOS-H7RS 1.0.0
2025-05-27 11:41:05,641 [INFO] ThirdParty:1030 - CMSIS Pack Vendor :wolfSSL I-CUBE-wolfMQTT 1.19.0
2025-05-27 11:41:05,641 [INFO] ThirdParty:1030 - CMSIS Pack Vendor :STMicroelectronics X-CUBE-AZRTOS-L4 2.0.0
2025-05-27 11:41:05,642 [INFO] ThirdParty:1030 - CMSIS Pack Vendor :STMicroelectronics ThreadX 0.0.2
2025-05-27 11:41:05,642 [INFO] ThirdParty:1030 - CMSIS Pack Vendor :WES I-CUBE-Cesium 1.3.0
2025-05-27 11:41:05,642 [INFO] ThirdParty:1030 - CMSIS Pack Vendor :STMicroelectronics lwIP 2.1.2
2025-05-27 11:41:05,642 [INFO] ThirdParty:1030 - CMSIS Pack Vendor :STMicroelectronics X-CUBE-SFXS2LP1 4.0.0
2025-05-27 11:41:05,642 [INFO] ThirdParty:1030 - CMSIS Pack Vendor :STMicroelectronics X-CUBE-BLE2 3.3.0
2025-05-27 11:41:05,642 [INFO] ThirdParty:1030 - CMSIS Pack Vendor :STMicroelectronics X-CUBE-TOF1 3.4.2
2025-05-27 11:41:05,642 [INFO] ThirdParty:1030 - CMSIS Pack Vendor :STMicroelectronics X-CUBE-TOF1 3.4.3
2025-05-27 11:41:05,642 [INFO] ThirdParty:1030 - CMSIS Pack Vendor :STMicroelectronics PDM2PCM 3.2.0
2025-05-27 11:41:05,642 [INFO] ThirdParty:1030 - CMSIS Pack Vendor :wolfSSL I-CUBE-wolfSSH 1.4.17
2025-05-27 11:41:05,643 [INFO] ThirdParty:841 - exiting critical section [change project]
2025-05-27 11:41:06,553 [INFO] PinOutPanel:1589 - setPackage(No Configuration,No Configuration)
2025-05-27 11:41:06,555 [INFO] PinOutPanel:1589 - setPackage(STM32G431RBTx,LQFP64)
2025-05-27 11:41:07,249 [INFO] UtilMem:75 - Before build in PCC Used Memory: 875895616 Bytes (1073741824)
2025-05-27 11:41:10,163 [INFO] UtilMem:75 - After build in PCC Used Memory: 791152640 Bytes (1073741824)
2025-05-27 11:41:10,218 [INFO] IPUIPlugin:80 - create IPUIPlugin
2025-05-27 11:41:10,218 [INFO] IPUIPlugin:80 - create IPUIPlugin
2025-05-27 11:41:10,218 [INFO] IPUIPlugin:80 - create IPUIPlugin
2025-05-27 11:41:10,218 [INFO] IPUIPlugin:80 - create IPUIPlugin
2025-05-27 11:41:10,219 [INFO] IPUIPlugin:80 - create IPUIPlugin
2025-05-27 11:41:10,219 [INFO] IPUIPlugin:80 - create IPUIPlugin
2025-05-27 11:41:10,219 [INFO] IPUIPlugin:80 - create IPUIPlugin
2025-05-27 11:41:10,219 [INFO] IPUIPlugin:80 - create IPUIPlugin
2025-05-27 11:41:10,220 [INFO] IPUIPlugin:80 - create IPUIPlugin
2025-05-27 11:41:10,220 [INFO] IPUIPlugin:80 - create IPUIPlugin
2025-05-27 11:41:10,220 [INFO] IPUIPlugin:80 - create IPUIPlugin
2025-05-27 11:41:10,220 [INFO] IPUIPlugin:80 - create IPUIPlugin
2025-05-27 11:41:10,220 [INFO] IPUIPlugin:80 - create IPUIPlugin
2025-05-27 11:41:10,221 [INFO] IPUIPlugin:80 - create IPUIPlugin
2025-05-27 11:41:10,221 [INFO] IPUIPlugin:80 - create IPUIPlugin
2025-05-27 11:41:10,221 [INFO] IPUIPlugin:80 - create IPUIPlugin
2025-05-27 11:41:10,221 [INFO] IPUIPlugin:80 - create IPUIPlugin
2025-05-27 11:41:10,221 [INFO] IPUIPlugin:80 - create IPUIPlugin
2025-05-27 11:41:10,223 [INFO] IPUIPlugin:80 - create IPUIPlugin
2025-05-27 11:41:10,223 [INFO] IPUIPlugin:80 - create IPUIPlugin
2025-05-27 11:41:10,223 [INFO] IPUIPlugin:80 - create IPUIPlugin
2025-05-27 11:41:10,223 [INFO] IPUIPlugin:80 - create IPUIPlugin
2025-05-27 11:41:10,223 [INFO] IPUIPlugin:80 - create IPUIPlugin
2025-05-27 11:41:10,224 [INFO] IPUIPlugin:80 - create IPUIPlugin
2025-05-27 11:41:10,224 [INFO] IPUIPlugin:80 - create IPUIPlugin
2025-05-27 11:41:10,224 [INFO] IPUIPlugin:80 - create IPUIPlugin
2025-05-27 11:41:10,224 [INFO] IPUIPlugin:80 - create IPUIPlugin
2025-05-27 11:41:10,225 [INFO] IPUIPlugin:80 - create IPUIPlugin
2025-05-27 11:41:10,225 [INFO] IPUIPlugin:80 - create IPUIPlugin
2025-05-27 11:41:10,225 [INFO] IPUIPlugin:80 - create IPUIPlugin
2025-05-27 11:41:10,225 [INFO] IPUIPlugin:80 - create IPUIPlugin
2025-05-27 11:41:10,227 [INFO] IPUIPlugin:80 - create IPUIPlugin
2025-05-27 11:41:10,227 [INFO] IPUIPlugin:80 - create IPUIPlugin
2025-05-27 11:41:10,227 [INFO] IPUIPlugin:80 - create IPUIPlugin
2025-05-27 11:41:10,227 [INFO] IPUIPlugin:80 - create IPUIPlugin
2025-05-27 11:41:10,227 [INFO] IPUIPlugin:80 - create IPUIPlugin
2025-05-27 11:41:10,227 [INFO] IPUIPlugin:80 - create IPUIPlugin
2025-05-27 11:41:10,229 [INFO] IPUIPlugin:80 - create IPUIPlugin
2025-05-27 11:41:10,229 [INFO] IPUIPlugin:80 - create IPUIPlugin
2025-05-27 11:41:10,229 [INFO] IPUIPlugin:80 - create IPUIPlugin
2025-05-27 11:41:10,230 [INFO] IPUIPlugin:80 - create IPUIPlugin
2025-05-27 11:41:10,230 [INFO] IPUIPlugin:80 - create IPUIPlugin
2025-05-27 11:41:10,231 [INFO] IPUIPlugin:80 - create IPUIPlugin
2025-05-27 11:41:10,231 [INFO] IPUIPlugin:80 - create IPUIPlugin
2025-05-27 11:41:10,232 [INFO] IPUIPlugin:80 - create IPUIPlugin
2025-05-27 11:41:10,233 [INFO] IPUIPlugin:80 - create IPUIPlugin
2025-05-27 11:41:10,233 [INFO] IPUIPlugin:80 - create IPUIPlugin
2025-05-27 11:41:10,234 [INFO] IPUIPlugin:80 - create IPUIPlugin
2025-05-27 11:41:10,235 [INFO] IPUIPlugin:80 - create IPUIPlugin
2025-05-27 11:41:10,235 [INFO] IPUIPlugin:80 - create IPUIPlugin
2025-05-27 11:41:10,237 [INFO] IPUIPlugin:80 - create IPUIPlugin
2025-05-27 11:41:10,237 [INFO] IPUIPlugin:80 - create IPUIPlugin
2025-05-27 11:41:10,238 [INFO] IPUIPlugin:80 - create IPUIPlugin
2025-05-27 11:41:10,238 [INFO] IPUIPlugin:80 - create IPUIPlugin
2025-05-27 11:41:10,239 [INFO] IPUIPlugin:80 - create IPUIPlugin
2025-05-27 11:41:10,239 [INFO] IPUIPlugin:80 - create IPUIPlugin
2025-05-27 11:41:10,240 [INFO] IPUIPlugin:80 - create IPUIPlugin
2025-05-27 11:41:10,240 [INFO] IPUIPlugin:80 - create IPUIPlugin
2025-05-27 11:41:10,241 [INFO] IPUIPlugin:80 - create IPUIPlugin
2025-05-27 11:41:10,655 [INFO] CADModel:165 - CPN selected for project levelSTM32G431RBT6
2025-05-27 11:41:10,655 [INFO] CADModel:114 - Register for checkConnection events
2025-05-27 11:41:10,723 [INFO] OpenFileManager:363 - Restore cursor
2025-05-27 11:47:44,021 [INFO] UtilMem:75 - End SaveConfig() Used Memory: 1008491936 Bytes (1073741824)
2025-05-27 11:47:44,906 [ERROR] IocParser:95 - Exception caught: Cannot invoke "java.lang.CharSequence.length()" because "this.text" is null
2025-05-27 11:47:45,810 [INFO] UtilMem:75 - End SaveConfig() Used Memory: 666189472 Bytes (1073741824)
2025-05-27 11:47:48,202 [INFO] UtilMem:75 - End SaveConfig() Used Memory: 706035360 Bytes (1073741824)
2025-05-27 11:47:48,505 [ERROR] IocParser:95 - Exception caught: Cannot invoke "java.lang.CharSequence.length()" because "this.text" is null
2025-05-27 11:47:48,917 [INFO] BlockDiagram:2766 - set Specific Code input for plugin: TIM1_8G4
2025-05-27 11:47:48,918 [INFO] BlockDiagram:2766 - set Specific Code input for plugin: TIM1_8G4
2025-05-27 11:47:48,918 [INFO] BlockDiagram:2766 - set Specific Code input for plugin: TIM1_8G4
2025-05-27 11:47:48,918 [INFO] BlockDiagram:2766 - set Specific Code input for plugin: SYS
2025-05-27 11:47:48,918 [INFO] BlockDiagram:2766 - set Specific Code input for plugin: RCC
2025-05-27 11:47:48,919 [INFO] BlockDiagram:2766 - set Specific Code input for plugin: I2C
2025-05-27 11:47:48,919 [INFO] BlockDiagram:2766 - set Specific Code input for plugin: NVIC
2025-05-27 11:47:48,919 [INFO] BlockDiagram:2766 - set Specific Code input for plugin: USART
2025-05-27 11:47:48,919 [INFO] BlockDiagram:2766 - set Specific Code input for plugin: TIM1_8G4
2025-05-27 11:47:48,920 [INFO] BlockDiagram:2766 - set Specific Code input for plugin: GPIO
2025-05-27 11:47:48,920 [INFO] BlockDiagram:2766 - set Specific Code input for plugin: NUCLEO-G431RB
2025-05-27 11:47:48,924 [INFO] CodeGenerator:896 - code generatio: config db path: C:\ST\STM32CubeIDE_1.17.0\STM32CubeIDE\plugins\com.st.stm32cube.common.mx_6.13.0.202411220809\\db\
2025-05-27 11:47:49,341 [INFO] CodeEngine:255 - oldGeneratedFile, C:\Users\thepd\STM32CubeIDE\to_stm_base_proj_added_i2c\test\MXTmpFiles\license.tmp_save
2025-05-27 11:47:49,999 [INFO] CodeEngine:279 - Generated code: C:\Users\thepd\STM32CubeIDE\to_stm_base_proj_added_i2c\test\MXTmpFiles\license.tmp
2025-05-27 11:47:50,236 [INFO] CodeEngine:255 - oldGeneratedFile, C:\Users\thepd\STM32CubeIDE\to_stm_base_proj_added_i2c\test\Core\Src\gpio.c_save
2025-05-27 11:47:50,495 [INFO] CodeEngine:279 - Generated code: C:\Users\thepd\STM32CubeIDE\to_stm_base_proj_added_i2c\test\Core\Src\gpio.c
2025-05-27 11:47:50,533 [INFO] CodeEngine:255 - oldGeneratedFile, C:\Users\thepd\STM32CubeIDE\to_stm_base_proj_added_i2c\test\Core\Inc\gpio.h_save
2025-05-27 11:47:50,723 [INFO] CodeEngine:279 - Generated code: C:\Users\thepd\STM32CubeIDE\to_stm_base_proj_added_i2c\test\Core\Inc\gpio.h
2025-05-27 11:47:51,754 [INFO] CodeEngine:255 - oldGeneratedFile, C:\Users\thepd\STM32CubeIDE\to_stm_base_proj_added_i2c\test\Core\Src\i2c.c_save
2025-05-27 11:47:52,033 [INFO] CodeEngine:279 - Generated code: C:\Users\thepd\STM32CubeIDE\to_stm_base_proj_added_i2c\test\Core\Src\i2c.c
2025-05-27 11:47:52,069 [INFO] CodeEngine:255 - oldGeneratedFile, C:\Users\thepd\STM32CubeIDE\to_stm_base_proj_added_i2c\test\Core\Inc\i2c.h_save
2025-05-27 11:47:52,247 [INFO] CodeEngine:279 - Generated code: C:\Users\thepd\STM32CubeIDE\to_stm_base_proj_added_i2c\test\Core\Inc\i2c.h
2025-05-27 11:47:52,325 [INFO] CodeEngine:255 - oldGeneratedFile, C:\Users\thepd\STM32CubeIDE\to_stm_base_proj_added_i2c\test\Core\Inc\stm32g4xx_nucleo_conf.h_save
2025-05-27 11:47:52,465 [INFO] CodeEngine:279 - Generated code: C:\Users\thepd\STM32CubeIDE\to_stm_base_proj_added_i2c\test\Core\Inc\stm32g4xx_nucleo_conf.h
2025-05-27 11:47:52,494 [INFO] CodeEngine:255 - oldGeneratedFile, C:\Users\thepd\STM32CubeIDE\to_stm_base_proj_added_i2c\test\MXTmpFiles\bsp_inc.tmp_save
2025-05-27 11:47:52,617 [INFO] CodeEngine:279 - Generated code: C:\Users\thepd\STM32CubeIDE\to_stm_base_proj_added_i2c\test\MXTmpFiles\bsp_inc.tmp
2025-05-27 11:47:52,648 [INFO] CodeEngine:255 - oldGeneratedFile, C:\Users\thepd\STM32CubeIDE\to_stm_base_proj_added_i2c\test\MXTmpFiles\bsp_common_vars.tmp_save
2025-05-27 11:47:52,784 [INFO] CodeEngine:279 - Generated code: C:\Users\thepd\STM32CubeIDE\to_stm_base_proj_added_i2c\test\MXTmpFiles\bsp_common_vars.tmp
2025-05-27 11:47:52,804 [INFO] CodeEngine:255 - oldGeneratedFile, C:\Users\thepd\STM32CubeIDE\to_stm_base_proj_added_i2c\test\MXTmpFiles\bsp_common_init.tmp_save
2025-05-27 11:47:52,921 [INFO] CodeEngine:279 - Generated code: C:\Users\thepd\STM32CubeIDE\to_stm_base_proj_added_i2c\test\MXTmpFiles\bsp_common_init.tmp
2025-05-27 11:47:52,944 [INFO] CodeEngine:255 - oldGeneratedFile, C:\Users\thepd\STM32CubeIDE\to_stm_base_proj_added_i2c\test\MXTmpFiles\bsp_common_demo_before_while.tmp_save
2025-05-27 11:47:53,123 [INFO] CodeEngine:279 - Generated code: C:\Users\thepd\STM32CubeIDE\to_stm_base_proj_added_i2c\test\MXTmpFiles\bsp_common_demo_before_while.tmp
2025-05-27 11:47:53,164 [INFO] CodeEngine:255 - oldGeneratedFile, C:\Users\thepd\STM32CubeIDE\to_stm_base_proj_added_i2c\test\MXTmpFiles\bsp_common_demo_inside_while.tmp_save
2025-05-27 11:47:53,276 [INFO] CodeEngine:279 - Generated code: C:\Users\thepd\STM32CubeIDE\to_stm_base_proj_added_i2c\test\MXTmpFiles\bsp_common_demo_inside_while.tmp
2025-05-27 11:47:53,303 [INFO] CodeEngine:255 - oldGeneratedFile, C:\Users\thepd\STM32CubeIDE\to_stm_base_proj_added_i2c\test\MXTmpFiles\bsp_common_demo_fct.tmp_save
2025-05-27 11:47:53,403 [INFO] CodeEngine:279 - Generated code: C:\Users\thepd\STM32CubeIDE\to_stm_base_proj_added_i2c\test\MXTmpFiles\bsp_common_demo_fct.tmp
2025-05-27 11:47:53,439 [INFO] CodeEngine:255 - oldGeneratedFile, C:\Users\thepd\STM32CubeIDE\to_stm_base_proj_added_i2c\test\Core\Src\tim.c_save
2025-05-27 11:47:53,715 [INFO] CodeEngine:279 - Generated code: C:\Users\thepd\STM32CubeIDE\to_stm_base_proj_added_i2c\test\Core\Src\tim.c
2025-05-27 11:47:53,750 [INFO] CodeEngine:255 - oldGeneratedFile, C:\Users\thepd\STM32CubeIDE\to_stm_base_proj_added_i2c\test\Core\Inc\tim.h_save
2025-05-27 11:47:53,902 [INFO] CodeEngine:279 - Generated code: C:\Users\thepd\STM32CubeIDE\to_stm_base_proj_added_i2c\test\Core\Inc\tim.h
2025-05-27 11:47:53,942 [INFO] CodeEngine:255 - oldGeneratedFile, C:\Users\thepd\STM32CubeIDE\to_stm_base_proj_added_i2c\test\Core\Src\usart.c_save
2025-05-27 11:47:54,099 [INFO] CodeEngine:279 - Generated code: C:\Users\thepd\STM32CubeIDE\to_stm_base_proj_added_i2c\test\Core\Src\usart.c
2025-05-27 11:47:54,115 [INFO] CodeEngine:255 - oldGeneratedFile, C:\Users\thepd\STM32CubeIDE\to_stm_base_proj_added_i2c\test\Core\Inc\usart.h_save
2025-05-27 11:47:54,296 [INFO] CodeEngine:279 - Generated code: C:\Users\thepd\STM32CubeIDE\to_stm_base_proj_added_i2c\test\Core\Inc\usart.h
2025-05-27 11:47:54,351 [INFO] CodeEngine:255 - oldGeneratedFile, C:\Users\thepd\STM32CubeIDE\to_stm_base_proj_added_i2c\test\Core\Src\stm32g4xx_it.c_save
2025-05-27 11:47:54,550 [INFO] CodeEngine:279 - Generated code: C:\Users\thepd\STM32CubeIDE\to_stm_base_proj_added_i2c\test\Core\Src\stm32g4xx_it.c
2025-05-27 11:47:54,588 [INFO] CodeEngine:255 - oldGeneratedFile, C:\Users\thepd\STM32CubeIDE\to_stm_base_proj_added_i2c\test\Core\Inc\stm32g4xx_it.h_save
2025-05-27 11:47:54,700 [INFO] CodeEngine:279 - Generated code: C:\Users\thepd\STM32CubeIDE\to_stm_base_proj_added_i2c\test\Core\Inc\stm32g4xx_it.h
2025-05-27 11:47:54,750 [INFO] CodeEngine:255 - oldGeneratedFile, C:\Users\thepd\STM32CubeIDE\to_stm_base_proj_added_i2c\test\Core\Src\stm32g4xx_hal_msp.c_save
2025-05-27 11:47:54,878 [INFO] CodeEngine:279 - Generated code: C:\Users\thepd\STM32CubeIDE\to_stm_base_proj_added_i2c\test\Core\Src\stm32g4xx_hal_msp.c
2025-05-27 11:47:54,919 [INFO] CodeEngine:255 - oldGeneratedFile, C:\Users\thepd\STM32CubeIDE\to_stm_base_proj_added_i2c\test\MXTmpFiles\system.tmp_save
2025-05-27 11:47:55,009 [INFO] CodeEngine:279 - Generated code: C:\Users\thepd\STM32CubeIDE\to_stm_base_proj_added_i2c\test\MXTmpFiles\system.tmp
2025-05-27 11:47:55,056 [INFO] CodeEngine:311 - oldGeneratedFile, C:\Users\thepd\STM32CubeIDE\to_stm_base_proj_added_i2c\test\Core\Inc\stm32g4xx_hal_conf.h_save
2025-05-27 11:47:55,184 [INFO] CodeEngine:335 - Generated code: C:\Users\thepd\STM32CubeIDE\to_stm_base_proj_added_i2c\test\Core\Inc\stm32g4xx_hal_conf.h
2025-05-27 11:47:55,226 [WARN] IPConfigManager:3034 - Warning: the RefConfig RCC_CommonPeriphClockConfig is not available in your config.xml file
2025-05-27 11:47:55,233 [INFO] ApiDbMcu:508 - Load IP Config File for I2C1
2025-05-27 11:47:55,259 [INFO] ApiDbMcu:508 - Load IP Config File for TIM2
2025-05-27 11:47:55,281 [INFO] ApiDbMcu:508 - Load IP Config File for TIM3
2025-05-27 11:47:55,303 [INFO] ApiDbMcu:508 - Load IP Config File for TIM4
2025-05-27 11:47:55,326 [INFO] ApiDbMcu:508 - Load IP Config File for TIM8
2025-05-27 11:47:55,345 [INFO] ApiDbMcu:508 - Load IP Config File for USART1
2025-05-27 11:47:55,350 [INFO] ApiDbMcu:508 - Load IP Config File for RCC
2025-05-27 11:47:55,411 [INFO] CodeEngine:255 - oldGeneratedFile, C:\Users\thepd\STM32CubeIDE\to_stm_base_proj_added_i2c\test\Core\Inc\main.h_save
2025-05-27 11:47:55,617 [INFO] CodeEngine:279 - Generated code: C:\Users\thepd\STM32CubeIDE\to_stm_base_proj_added_i2c\test\Core\Inc\main.h
2025-05-27 11:47:55,676 [INFO] CodeEngine:255 - oldGeneratedFile, C:\Users\thepd\STM32CubeIDE\to_stm_base_proj_added_i2c\test\Core\Src\main.c_save
2025-05-27 11:47:55,921 [INFO] CodeEngine:279 - Generated code: C:\Users\thepd\STM32CubeIDE\to_stm_base_proj_added_i2c\test\Core\Src\main.c
2025-05-27 11:47:56,649 [INFO] ProjectBuilder:3289 - Time for Copy HAL[1] : 410mS.
2025-05-27 11:47:56,659 [INFO] ProjectBuilder:4876 - Project Generator version: 4.5.0-RC5
2025-05-27 11:47:56,800 [INFO] ConfigFileManager:1579 - The Die is : DIE468
2025-05-27 11:47:56,827 [INFO] ApiDbMcu:508 - Load IP Config File for FATFS
2025-05-27 11:47:56,849 [INFO] ApiDbMcu:508 - Load IP Config File for FREERTOS
2025-05-27 11:47:56,868 [INFO] ApiDbMcu:508 - Load IP Config File for USBPD
2025-05-27 11:47:56,920 [INFO] ApiDbMcu:508 - Load IP Config File for USB_DEVICE
2025-05-27 11:47:58,269 [INFO] LogOutputStream:77 - [STDOUT_REDIRECT] 
2025-05-27 11:48:01,293 [INFO] ProjectBuilder:5154 - Time for Generating toolchain IDE Files: 4633mS.
2025-05-27 11:48:01,295 [INFO] ProjectBuilder:3146 - Time for Copy CMSIS : 1mS.
2025-05-27 11:48:01,300 [INFO] ProjectBuilder:3146 - Time for Copy CMSIS : 0mS.
2025-05-27 12:48:13,816 [INFO] MainUpdater:2872 - connection check result : 10
2025-05-27 12:48:13,817 [INFO] MainUpdater:2872 - connection check result : 10
2025-05-27 12:48:13,844 [ERROR] IocParser:95 - Exception caught: Cannot invoke "java.lang.CharSequence.length()" because "this.text" is null
2025-05-27 12:48:13,999 [INFO] I2cTimingTraitement:330 - 0x40B285C2
2025-05-27 12:48:14,029 [INFO] MicroXplorer:468 - Change Database Path : 
2025-05-27 12:48:14,029 [INFO] MicroXplorer:498 - Change Database Version : DB.6.0.130
2025-05-27 12:48:14,100 [ERROR] ProjectManagerView:394 - 
java.lang.NullPointerException: Cannot invoke "javax.swing.JTextField.getText()" because the return value of "java.util.List.get(int)" is null
	at com.st.microxplorer.plugins.projectmanager.gui.ProjectChoiceTab$9.caretUpdate(ProjectChoiceTab.java:2616) ~[filemanager.jar:?]
	at javax.swing.text.JTextComponent.fireCaretUpdate(JTextComponent.java:408) ~[?:?]
	at javax.swing.text.JTextComponent$MutableCaretEvent.fire(JTextComponent.java:4484) ~[?:?]
	at javax.swing.text.JTextComponent$MutableCaretEvent.stateChanged(JTextComponent.java:4506) ~[?:?]
	at javax.swing.text.DefaultCaret.fireStateChanged(DefaultCaret.java:857) ~[?:?]
	at javax.swing.text.DefaultCaret.changeCaretPosition(DefaultCaret.java:1343) ~[?:?]
	at javax.swing.text.DefaultCaret.handleSetDot(DefaultCaret.java:1242) ~[?:?]
	at javax.swing.text.DefaultCaret.setDot(DefaultCaret.java:1223) ~[?:?]
	at javax.swing.text.DefaultCaret$Handler.insertUpdate(DefaultCaret.java:1819) ~[?:?]
	at javax.swing.text.AbstractDocument.fireInsertUpdate(AbstractDocument.java:227) ~[?:?]
	at javax.swing.text.AbstractDocument.handleInsertString(AbstractDocument.java:781) ~[?:?]
	at javax.swing.text.AbstractDocument.insertString(AbstractDocument.java:740) ~[?:?]
	at javax.swing.text.PlainDocument.insertString(PlainDocument.java:131) ~[?:?]
	at javax.swing.text.AbstractDocument.replace(AbstractDocument.java:699) ~[?:?]
	at javax.swing.text.JTextComponent.setText(JTextComponent.java:1725) ~[?:?]
	at com.st.microxplorer.plugins.projectmanager.gui.ProjectChoiceTab.createHeapStackFields(ProjectChoiceTab.java:975) ~[filemanager.jar:?]
	at com.st.microxplorer.plugins.projectmanager.gui.ProjectChoiceTab.buildLinkSettingsPanel(ProjectChoiceTab.java:3666) ~[filemanager.jar:?]
	at com.st.microxplorer.plugins.projectmanager.gui.ProjectChoiceTab.defineWindowsFields(ProjectChoiceTab.java:1934) ~[filemanager.jar:?]
	at com.st.microxplorer.plugins.projectmanager.gui.ProjectChoiceTab.updateSettings(ProjectChoiceTab.java:553) ~[filemanager.jar:?]
	at com.st.microxplorer.plugins.projectmanager.gui.ProjectSettingsPanel.UpdateDialog(ProjectSettingsPanel.java:245) ~[filemanager.jar:?]
	at com.st.microxplorer.plugins.projectmanager.ProjectManagerView.propertyChange(ProjectManagerView.java:391) ~[filemanager.jar:?]
	at java.beans.PropertyChangeSupport.fire(PropertyChangeSupport.java:343) ~[?:?]
	at java.beans.PropertyChangeSupport.firePropertyChange(PropertyChangeSupport.java:335) ~[?:?]
	at java.beans.PropertyChangeSupport.firePropertyChange(PropertyChangeSupport.java:268) ~[?:?]
	at com.st.microxplorer.util.MXPropertyChangeSupport.firePropertyChange(MXPropertyChangeSupport.java:54) ~[STM32CubeMX.jar:?]
	at com.st.microxplorer.mxsystem.MxSystem.closeConfig(MxSystem.java:899) ~[STM32CubeMX.jar:?]
	at com.st.microxplorer.maingui.MainPanel.closeConfig(MainPanel.java:789) ~[STM32CubeMX.jar:?]
	at com.st.microxplorer.plugins.filemanager.engine.OpenFileManager.loadConfigurationFile(OpenFileManager.java:265) ~[filemanager.jar:?]
	at com.st.microxplorer.plugins.filemanager.engine.MainFileManager.userLoadConfig(MainFileManager.java:340) ~[filemanager.jar:?]
	at com.st.microxplorer.plugins.filemanager.engine.MainFileManager.userLoadConfig(MainFileManager.java:318) ~[filemanager.jar:?]
	at com.st.microxplorer.plugins.filemanager.FileManagerView.getSpecificTask(FileManagerView.java:246) ~[filemanager.jar:?]
	at com.st.stm32cube.common.mx.editor.CubeMxEditor.getMxTabbedPaneInstance(CubeMxEditor.java:1198) ~[com.st.stm32cube.common.mx_6.13.0.202411220809/:?]
	at com.st.stm32cube.common.mx.editor.CubeMxEditor$12$1.createSwingComponent(CubeMxEditor.java:1068) ~[com.st.stm32cube.common.mx_6.13.0.202411220809/:?]
	at com.st.stm32cube.common.mx.oss.core.awtswtbridge.EmbeddedSwingComposite.doComponentCreation(EmbeddedSwingComposite.java:492) ~[com.st.stm32cube.common.mx.oss_6.13.0.202411220809/:?]
	at com.st.stm32cube.common.mx.oss.core.awtswtbridge.EmbeddedSwingComposite$4.run(EmbeddedSwingComposite.java:291) ~[com.st.stm32cube.common.mx.oss_6.13.0.202411220809/:?]
	at com.st.stm32cube.common.mx.oss.core.awtswtbridge.AwtEnvironment$2.run(AwtEnvironment.java:166) ~[com.st.stm32cube.common.mx.oss_6.13.0.202411220809/:?]
	at java.awt.event.InvocationEvent.dispatch(InvocationEvent.java:318) ~[?:?]
	at java.awt.EventQueue.dispatchEventImpl(EventQueue.java:773) ~[?:?]
	at java.awt.EventQueue$4.run(EventQueue.java:720) ~[?:?]
	at java.awt.EventQueue$4.run(EventQueue.java:714) ~[?:?]
	at java.security.AccessController.doPrivileged(AccessController.java:400) ~[?:?]
	at java.security.ProtectionDomain$JavaSecurityAccessImpl.doIntersectionPrivilege(ProtectionDomain.java:87) ~[?:?]
	at java.awt.EventQueue.dispatchEvent(EventQueue.java:742) ~[?:?]
	at java.awt.EventDispatchThread.pumpOneEventForFilters(EventDispatchThread.java:203) ~[?:?]
	at java.awt.EventDispatchThread.pumpEventsForFilter(EventDispatchThread.java:124) ~[?:?]
	at java.awt.EventDispatchThread.pumpEventsForHierarchy(EventDispatchThread.java:113) ~[?:?]
	at java.awt.EventDispatchThread.pumpEvents(EventDispatchThread.java:109) ~[?:?]
	at java.awt.EventDispatchThread.pumpEvents(EventDispatchThread.java:101) ~[?:?]
	at java.awt.EventDispatchThread.run(EventDispatchThread.java:90) ~[?:?]
2025-05-27 12:48:14,116 [WARN] ThirdParty:871 - waiting for thirdparty lock release [close project]
2025-05-27 12:48:14,117 [INFO] ThirdParty:873 - entering critical section [close project]
2025-05-27 12:48:14,117 [INFO] ThirdParty:883 - exiting critical section [close project]
2025-05-27 12:48:14,124 [INFO] PinOutPanel:1589 - setPackage(No Configuration,No Configuration)
2025-05-27 12:48:14,154 [INFO] UtilMem:75 - Begin LoadConfig() Used Memory: 970830264 Bytes (1073741824)
2025-05-27 12:48:14,156 [INFO] MicroXplorer:468 - Change Database Path : 
2025-05-27 12:48:14,156 [INFO] MicroXplorer:498 - Change Database Version : DB.6.0.130
2025-05-27 12:48:14,156 [INFO] OpenFileManager:332 - Change cursor
2025-05-27 12:48:14,226 [INFO] RulesReader:64 - Compatibility file has been processed (297 Rules)
2025-05-27 12:48:14,252 [INFO] Mcu:2035 - Initializing MCU STM32G431R(6-8-B)Tx STM32G431RBTx STM32G431RBT6
2025-05-27 12:48:20,477 [INFO] Context:748 - Trying to add GPIOservice into a context  which must be forbidden
2025-05-27 12:48:21,885 [INFO] ApiDbMcu:508 - Load IP Config File for NUCLEO-G431RB
2025-05-27 12:48:22,153 [INFO] ImportTextPane:218 - (OptionalMessage_ERROR) Unable to find key (Mcu.IP11) in loaded IOC file
2025-05-27 12:48:22,153 [INFO] ImportTextPane:218 - (OptionalMessage_ERROR) Unknown IP (dummy)
2025-05-27 12:48:22,485 [INFO] RtosManager:555 - Registered RTOS mode: class=CMSIS, group=RTOS, mode=CMSIS_V1, owner=FREERTOS
2025-05-27 12:48:22,486 [INFO] RtosManager:555 - Registered RTOS mode: class=CMSIS, group=RTOS2, mode=CMSIS_V2, owner=FREERTOS
2025-05-27 12:48:22,486 [INFO] RtosManager:555 - Registered RTOS mode: class=RTOS, group=Core, mode=CMSIS_V1, owner=FREERTOS
2025-05-27 12:48:22,486 [INFO] RtosManager:555 - Registered RTOS mode: class=RTOS, group=Core, mode=CMSIS_V2, owner=FREERTOS
2025-05-27 12:48:22,487 [WARN] ModelIntegratedComponent:184 - Missing modes for component STMicroelectronics:FreeRTOS:0.0.1:STMicroelectronics:RTOS:FreeRTOS:Core:::10.2.0:
2025-05-27 12:48:22,519 [WARN] ModelIntegratedComponent:63 - No mode defined for component null
2025-05-27 12:48:22,520 [WARN] ModelIntegratedComponent:63 - No mode defined for component null
2025-05-27 12:48:22,520 [WARN] ModelIntegratedComponent:63 - No mode defined for component null
2025-05-27 12:48:22,520 [WARN] ModelIntegratedComponent:63 - No mode defined for component null
2025-05-27 12:48:22,520 [WARN] ModelIntegratedComponent:63 - No mode defined for component null
2025-05-27 12:48:22,520 [WARN] ModelIntegratedComponent:63 - No mode defined for component null
2025-05-27 12:48:22,520 [WARN] ModelIntegratedComponent:63 - No mode defined for component null
2025-05-27 12:48:22,520 [WARN] ModelIntegratedComponent:63 - No mode defined for component null
2025-05-27 12:48:22,520 [WARN] ModelIntegratedComponent:63 - No mode defined for component null
2025-05-27 12:48:22,521 [WARN] ModelIntegratedComponent:63 - No mode defined for component null
2025-05-27 12:48:22,521 [WARN] ModelIntegratedComponent:63 - No mode defined for component null
2025-05-27 12:48:22,521 [WARN] ModelIntegratedComponent:63 - No mode defined for component null
2025-05-27 12:48:22,521 [WARN] ModelIntegratedComponent:63 - No mode defined for component null
2025-05-27 12:48:22,521 [WARN] ModelIntegratedComponent:63 - No mode defined for component null
2025-05-27 12:48:22,521 [WARN] ModelIntegratedComponent:63 - No mode defined for component null
2025-05-27 12:48:22,521 [WARN] ModelIntegratedComponent:63 - No mode defined for component null
2025-05-27 12:48:22,522 [WARN] ModelIntegratedComponent:63 - No mode defined for component null
2025-05-27 12:48:22,522 [WARN] ModelIntegratedComponent:63 - No mode defined for component null
2025-05-27 12:48:22,522 [WARN] ModelIntegratedComponent:63 - No mode defined for component null
2025-05-27 12:48:22,522 [WARN] ModelIntegratedComponent:63 - No mode defined for component null
2025-05-27 12:48:22,523 [WARN] ModelIntegratedComponent:63 - No mode defined for component null
2025-05-27 12:48:22,523 [WARN] ModelIntegratedComponent:63 - No mode defined for component null
2025-05-27 12:48:22,523 [WARN] ModelIntegratedComponent:63 - No mode defined for component null
2025-05-27 12:48:22,523 [WARN] ModelIntegratedComponent:63 - No mode defined for component null
2025-05-27 12:48:22,523 [WARN] ModelIntegratedComponent:63 - No mode defined for component null
2025-05-27 12:48:22,524 [WARN] ModelIntegratedComponent:63 - No mode defined for component null
2025-05-27 12:48:22,524 [WARN] ModelIntegratedComponent:63 - No mode defined for component null
2025-05-27 12:48:22,524 [WARN] ModelIntegratedComponent:63 - No mode defined for component null
2025-05-27 12:48:22,524 [WARN] ModelIntegratedComponent:63 - No mode defined for component null
2025-05-27 12:48:22,525 [WARN] ModelIntegratedComponent:63 - No mode defined for component null
2025-05-27 12:48:22,525 [WARN] ModelIntegratedComponent:63 - No mode defined for component null
2025-05-27 12:48:22,525 [WARN] ModelIntegratedComponent:63 - No mode defined for component null
2025-05-27 12:48:22,526 [WARN] ModelIntegratedComponent:63 - No mode defined for component null
2025-05-27 12:48:22,527 [WARN] ModelIntegratedComponent:63 - No mode defined for component null
2025-05-27 12:48:22,527 [WARN] ModelIntegratedComponent:63 - No mode defined for component null
2025-05-27 12:48:22,527 [WARN] ModelPack:524 - Component already loaded: STMicroelectronics:HAL Drivers:0.0.0:STMicroelectronics:Device:STMicro_Driver:XSPI:HAL::0.0.1:HAL_XSPI
2025-05-27 12:48:22,677 [INFO] ThirdPartyModel:298 - Start build external matchings
2025-05-27 12:48:24,572 [INFO] ThirdPartyModel:316 - End build external matchings
2025-05-27 12:48:26,666 [INFO] UtilMem:75 - End LoadConfig() Used Memory: 771360904 Bytes (1073741824)
2025-05-27 12:48:26,718 [WARN] ThirdParty:833 - waiting for thirdparty lock release [change project]
2025-05-27 12:48:26,720 [INFO] ThirdParty:835 - entering critical section [change project]
2025-05-27 12:48:26,720 [INFO] ThirdParty:1030 - CMSIS Pack Vendor :STMicroelectronics USBPD 4.1
2025-05-27 12:48:26,720 [INFO] ThirdParty:1030 - CMSIS Pack Vendor :STMicroelectronics X-CUBE-AZRTOS-H7 3.3.0
2025-05-27 12:48:26,721 [INFO] ThirdParty:1030 - CMSIS Pack Vendor :STMicroelectronics X-CUBE-NFC9 1.0.0
2025-05-27 12:48:26,721 [INFO] ThirdParty:1030 - CMSIS Pack Vendor :STMicroelectronics USB_HOST 2.0.0
2025-05-27 12:48:26,721 [INFO] ThirdParty:1030 - CMSIS Pack Vendor :STMicroelectronics FP-SNS-MOTENVWB1 1.4.0
2025-05-27 12:48:26,721 [INFO] ThirdParty:1030 - CMSIS Pack Vendor :STMicroelectronics X-CUBE-AZRTOS-F4 1.1.0
2025-05-27 12:48:26,722 [INFO] ThirdParty:1030 - CMSIS Pack Vendor :STMicroelectronics LIBJPEG 8.0.0
2025-05-27 12:48:26,722 [INFO] ThirdParty:1030 - CMSIS Pack Vendor :STMicroelectronics FP-ATR-ASTRA1 2.0.2
2025-05-27 12:48:26,723 [INFO] ThirdParty:1030 - CMSIS Pack Vendor :STMicroelectronics FP-ATR-ASTRA1 2.0.1
2025-05-27 12:48:26,723 [INFO] ThirdParty:1030 - CMSIS Pack Vendor :STMicroelectronics X-CUBE-BLE1 7.1.0
2025-05-27 12:48:26,723 [INFO] ThirdParty:1030 - CMSIS Pack Vendor :Avnet-IotConnect X-CUBE-IoTC-DA16k-PMOD 1.0.0
2025-05-27 12:48:26,723 [INFO] ThirdParty:1030 - CMSIS Pack Vendor :STMicroelectronics X-CUBE-SMBUS 2.1.0
2025-05-27 12:48:26,724 [INFO] ThirdParty:1030 - CMSIS Pack Vendor :STMicroelectronics X-CUBE-WB05N 1.1.0
2025-05-27 12:48:26,724 [INFO] ThirdParty:1030 - CMSIS Pack Vendor :STMicroelectronics USB_DEVICE 3.0.0
2025-05-27 12:48:26,724 [INFO] ThirdParty:1030 - CMSIS Pack Vendor :STMicroelectronics X-CUBE-ISPU 2.1.0
2025-05-27 12:48:26,725 [INFO] ThirdParty:1030 - CMSIS Pack Vendor :STMicroelectronics X-CUBE-AZRTOS-WB 2.0.0
2025-05-27 12:48:26,725 [INFO] ThirdParty:1030 - CMSIS Pack Vendor :STMicroelectronics X-CUBE-ST60 1.0.0
2025-05-27 12:48:26,725 [INFO] ThirdParty:1030 - CMSIS Pack Vendor :STMicroelectronics X-CUBE-GNSS1 7.0.1
2025-05-27 12:48:26,725 [INFO] ThirdParty:1030 - CMSIS Pack Vendor :STMicroelectronics X-CUBE-AZRTOS-F7 1.1.0
2025-05-27 12:48:26,727 [INFO] ThirdParty:1030 - CMSIS Pack Vendor :STMicroelectronics X-CUBE-AZRTOS-L5 2.0.0
2025-05-27 12:48:26,727 [INFO] ThirdParty:1030 - CMSIS Pack Vendor :STMicroelectronics X-CUBE-TOUCHGFX 4.25.0
2025-05-27 12:48:26,727 [INFO] ThirdParty:1030 - CMSIS Pack Vendor :STMicroelectronics USB_DEVICE 2.0.0
2025-05-27 12:48:26,727 [INFO] ThirdParty:1030 - CMSIS Pack Vendor :STMicroelectronics X-CUBE-NFC6 3.1.0
2025-05-27 12:48:26,727 [INFO] ThirdParty:1030 - CMSIS Pack Vendor :STMicroelectronics FP-SNS-STBOX1 2.0.0
2025-05-27 12:48:26,728 [INFO] ThirdParty:1030 - CMSIS Pack Vendor :STMicroelectronics X-CUBE-MEMS1 11.2.0
2025-05-27 12:48:26,728 [INFO] ThirdParty:1030 - CMSIS Pack Vendor :STMicroelectronics FreeRTOS 0.0.1
2025-05-27 12:48:26,731 [INFO] ThirdParty:1030 - CMSIS Pack Vendor :STMicroelectronics X-CUBE-AZRTOS-G0 1.1.0
2025-05-27 12:48:26,732 [INFO] ThirdParty:1030 - CMSIS Pack Vendor :STMicroelectronics X-CUBE-SAFEA1 1.2.2
2025-05-27 12:48:26,732 [INFO] ThirdParty:1030 - CMSIS Pack Vendor :STMicroelectronics X-CUBE-NFC4 3.0.0
2025-05-27 12:48:26,733 [INFO] ThirdParty:1030 - CMSIS Pack Vendor :STMicroelectronics X-CUBE-DPower 1.2.0
2025-05-27 12:48:26,733 [INFO] ThirdParty:1030 - CMSIS Pack Vendor :STMicroelectronics X-CUBE-SUBG2 5.0.0
2025-05-27 12:48:26,733 [INFO] ThirdParty:1030 - CMSIS Pack Vendor :STMicroelectronics X-CUBE-AZRTOS-H7RS 1.1.0
2025-05-27 12:48:26,734 [INFO] ThirdParty:1030 - CMSIS Pack Vendor :STMicroelectronics STM32_WPAN 1.0.0
2025-05-27 12:48:26,734 [INFO] ThirdParty:1030 - CMSIS Pack Vendor :EmbeddedOffice I-CUBE-FS-RTOS 1.0.1
2025-05-27 12:48:26,734 [INFO] ThirdParty:1030 - CMSIS Pack Vendor :STMicroelectronics lwIP 2.0.3
2025-05-27 12:48:26,735 [INFO] ThirdParty:1030 - CMSIS Pack Vendor :STMicroelectronics FP-SNS-FLIGHT1 5.0.2
2025-05-27 12:48:26,735 [INFO] ThirdParty:1030 - CMSIS Pack Vendor :Cesanta I-CUBE-Mongoose 7.13.0
2025-05-27 12:48:26,735 [INFO] ThirdParty:1030 - CMSIS Pack Vendor :STMicroelectronics USB_HOST 1.0.0
2025-05-27 12:48:26,736 [INFO] ThirdParty:1030 - CMSIS Pack Vendor :Infineon AIROC-Wi-Fi-Bluetooth-STM32 1.7.0
2025-05-27 12:48:26,736 [INFO] ThirdParty:1030 - CMSIS Pack Vendor :STMicroelectronics X-CUBE-AZRTOS-G4 2.0.0
2025-05-27 12:48:26,737 [INFO] ThirdParty:1030 - CMSIS Pack Vendor :STMicroelectronics X-CUBE-WB05N 2.0.0
2025-05-27 12:48:26,737 [INFO] ThirdParty:1030 - CMSIS Pack Vendor :STMicroelectronics PDM2PCM 3.1.0
2025-05-27 12:48:26,737 [INFO] ThirdParty:1030 - CMSIS Pack Vendor :STMicroelectronics PDM2PCM 3.3.0
2025-05-27 12:48:26,737 [INFO] ThirdParty:1030 - CMSIS Pack Vendor :STMicroelectronics X-CUBE-DISPLAY 3.0.0
2025-05-27 12:48:26,738 [INFO] ThirdParty:1030 - CMSIS Pack Vendor :STMicroelectronics X-CUBE-NFC7 2.0.0
2025-05-27 12:48:26,738 [INFO] ThirdParty:1030 - CMSIS Pack Vendor :STMicroelectronics X-CUBE-TCPP 4.2.0
2025-05-27 12:48:26,738 [INFO] ThirdParty:1030 - CMSIS Pack Vendor :RealThread X-CUBE-RT-Thread_Nano 4.1.1
2025-05-27 12:48:26,739 [INFO] ThirdParty:1030 - CMSIS Pack Vendor :STMicroelectronics X-CUBE-BLE1 7.0.0
2025-05-27 12:48:26,739 [INFO] ThirdParty:1030 - CMSIS Pack Vendor :STMicroelectronics FP-ATR-SIGFOX1 3.2.0
2025-05-27 12:48:26,739 [INFO] ThirdParty:1030 - CMSIS Pack Vendor :STMicroelectronics X-CUBE-NFC10 1.0.0
2025-05-27 12:48:26,739 [INFO] ThirdParty:1030 - CMSIS Pack Vendor :quantropi X-CUBE-qispace-sdk-base 1.9.3
2025-05-27 12:48:26,739 [INFO] ThirdParty:1030 - CMSIS Pack Vendor :STMicroelectronics X-CUBE-BLEMGR 4.0.0
2025-05-27 12:48:26,740 [INFO] ThirdParty:1030 - CMSIS Pack Vendor :STMicroelectronics X-CUBE-EEPRMA1 5.1.0
2025-05-27 12:48:26,740 [INFO] ThirdParty:1030 - CMSIS Pack Vendor :STMicroelectronics X-CUBE-FREERTOS 1.3.1
2025-05-27 12:48:26,740 [INFO] ThirdParty:1030 - CMSIS Pack Vendor :STMicroelectronics HAL Drivers 0.0.0
2025-05-27 12:48:26,740 [INFO] ThirdParty:1030 - CMSIS Pack Vendor :STMicroelectronics MBEDTLS 2.16.2
2025-05-27 12:48:26,741 [INFO] ThirdParty:1030 - CMSIS Pack Vendor :STMicroelectronics X-CUBE-IPS 3.1.0
2025-05-27 12:48:26,741 [INFO] ThirdParty:1030 - CMSIS Pack Vendor :STMicroelectronics X-CUBE-ALS 1.0.2
2025-05-27 12:48:26,741 [INFO] ThirdParty:1030 - CMSIS Pack Vendor :emotas I-CUBE-CANOPEN 1.3.0
2025-05-27 12:48:26,741 [INFO] ThirdParty:1030 - CMSIS Pack Vendor :STMicroelectronics X-CUBE-FREERTOS 1.3.0
2025-05-27 12:48:26,742 [INFO] ThirdParty:1030 - CMSIS Pack Vendor :STMicroelectronics X-CUBE-NFC7 1.0.1
2025-05-27 12:48:26,742 [INFO] ThirdParty:1030 - CMSIS Pack Vendor :STMicroelectronics MBEDTLS 2.14.1
2025-05-27 12:48:26,743 [INFO] ThirdParty:1030 - CMSIS Pack Vendor :wolfSSL I-CUBE-wolfSSL 5.7.6
2025-05-27 12:48:26,743 [INFO] ThirdParty:1030 - CMSIS Pack Vendor :ITTIA_DB I-CUBE-ITTIADB 8.9.0
2025-05-27 12:48:26,743 [INFO] ThirdParty:1030 - CMSIS Pack Vendor :STMicroelectronics X-CUBE-TOUCHGFX 4.24.2
2025-05-27 12:48:26,743 [INFO] ThirdParty:1030 - CMSIS Pack Vendor :wolfSSL I-CUBE-wolfTPM 3.4.0
2025-05-27 12:48:26,744 [INFO] ThirdParty:1030 - CMSIS Pack Vendor :portGmbH I-Cube-SoM-uGOAL 1.1.0
2025-05-27 12:48:26,744 [INFO] ThirdParty:1030 - CMSIS Pack Vendor :STMicroelectronics X-CUBE-AI 10.0.0
2025-05-27 12:48:26,744 [INFO] ThirdParty:1030 - CMSIS Pack Vendor :STMicroelectronics ThreadX 1.0.0
2025-05-27 12:48:26,744 [INFO] ThirdParty:1030 - CMSIS Pack Vendor :STMicroelectronics FP-SNS-SMARTAG2 1.2.0
2025-05-27 12:48:26,745 [INFO] ThirdParty:1030 - CMSIS Pack Vendor :STMicroelectronics FP-SNS-FLIGHT1 5.1.0
2025-05-27 12:48:26,747 [INFO] ThirdParty:1030 - CMSIS Pack Vendor :STMicroelectronics X-CUBE-MEMS1 11.1.0
2025-05-27 12:48:26,747 [INFO] ThirdParty:1030 - CMSIS Pack Vendor :STMicroelectronics X-CUBE-AZRTOS-WL 2.0.0
2025-05-27 12:48:26,748 [INFO] ThirdParty:1030 - CMSIS Pack Vendor :SEGGER I-CUBE-embOS 1.3.1
2025-05-27 12:48:26,748 [INFO] ThirdParty:1030 - CMSIS Pack Vendor :STMicroelectronics X-CUBE-ALGOBUILD 1.4.0
2025-05-27 12:48:26,749 [INFO] ThirdParty:1030 - CMSIS Pack Vendor :STMicroelectronics X-CUBE-DPower 1.3.0
2025-05-27 12:48:26,749 [INFO] ThirdParty:1030 - CMSIS Pack Vendor :STMicroelectronics FP-SNS-MOTENV1 5.0.0
2025-05-27 12:48:26,750 [INFO] ThirdParty:1030 - CMSIS Pack Vendor :STMicroelectronics USB_DEVICE 1.0.0
2025-05-27 12:48:26,750 [INFO] ThirdParty:1030 - CMSIS Pack Vendor :STMicroelectronics X-CUBE-AZRTOS-H7RS 1.0.0
2025-05-27 12:48:26,750 [INFO] ThirdParty:1030 - CMSIS Pack Vendor :wolfSSL I-CUBE-wolfMQTT 1.19.0
2025-05-27 12:48:26,750 [INFO] ThirdParty:1030 - CMSIS Pack Vendor :STMicroelectronics X-CUBE-AZRTOS-L4 2.0.0
2025-05-27 12:48:26,750 [INFO] ThirdParty:1030 - CMSIS Pack Vendor :STMicroelectronics ThreadX 0.0.2
2025-05-27 12:48:26,750 [INFO] ThirdParty:1030 - CMSIS Pack Vendor :WES I-CUBE-Cesium 1.3.0
2025-05-27 12:48:26,751 [INFO] ThirdParty:1030 - CMSIS Pack Vendor :STMicroelectronics lwIP 2.1.2
2025-05-27 12:48:26,751 [INFO] ThirdParty:1030 - CMSIS Pack Vendor :STMicroelectronics X-CUBE-SFXS2LP1 4.0.0
2025-05-27 12:48:26,752 [INFO] ThirdParty:1030 - CMSIS Pack Vendor :STMicroelectronics X-CUBE-BLE2 3.3.0
2025-05-27 12:48:26,752 [INFO] ThirdParty:1030 - CMSIS Pack Vendor :STMicroelectronics X-CUBE-TOF1 3.4.2
2025-05-27 12:48:26,752 [INFO] ThirdParty:1030 - CMSIS Pack Vendor :STMicroelectronics X-CUBE-TOF1 3.4.3
2025-05-27 12:48:26,752 [INFO] ThirdParty:1030 - CMSIS Pack Vendor :STMicroelectronics PDM2PCM 3.2.0
2025-05-27 12:48:26,752 [INFO] ThirdParty:1030 - CMSIS Pack Vendor :wolfSSL I-CUBE-wolfSSH 1.4.17
2025-05-27 12:48:26,753 [INFO] ThirdParty:841 - exiting critical section [change project]
2025-05-27 12:48:28,336 [INFO] PinOutPanel:1589 - setPackage(No Configuration,No Configuration)
2025-05-27 12:48:28,340 [INFO] PinOutPanel:1589 - setPackage(STM32G431RBTx,LQFP64)
2025-05-27 12:48:29,389 [INFO] UtilMem:75 - Before build in PCC Used Memory: 764308480 Bytes (1073741824)
2025-05-27 12:48:31,568 [INFO] UtilMem:75 - After build in PCC Used Memory: 856583184 Bytes (1073741824)
2025-05-27 12:48:31,731 [INFO] IPUIPlugin:80 - create IPUIPlugin
2025-05-27 12:48:31,732 [INFO] IPUIPlugin:80 - create IPUIPlugin
2025-05-27 12:48:31,732 [INFO] IPUIPlugin:80 - create IPUIPlugin
2025-05-27 12:48:31,733 [INFO] IPUIPlugin:80 - create IPUIPlugin
2025-05-27 12:48:31,733 [INFO] IPUIPlugin:80 - create IPUIPlugin
2025-05-27 12:48:31,733 [INFO] IPUIPlugin:80 - create IPUIPlugin
2025-05-27 12:48:31,734 [INFO] IPUIPlugin:80 - create IPUIPlugin
2025-05-27 12:48:31,735 [INFO] IPUIPlugin:80 - create IPUIPlugin
2025-05-27 12:48:31,736 [INFO] IPUIPlugin:80 - create IPUIPlugin
2025-05-27 12:48:31,737 [INFO] IPUIPlugin:80 - create IPUIPlugin
2025-05-27 12:48:31,738 [INFO] IPUIPlugin:80 - create IPUIPlugin
2025-05-27 12:48:31,738 [INFO] IPUIPlugin:80 - create IPUIPlugin
2025-05-27 12:48:31,739 [INFO] IPUIPlugin:80 - create IPUIPlugin
2025-05-27 12:48:31,740 [INFO] IPUIPlugin:80 - create IPUIPlugin
2025-05-27 12:48:31,740 [INFO] IPUIPlugin:80 - create IPUIPlugin
2025-05-27 12:48:31,741 [INFO] IPUIPlugin:80 - create IPUIPlugin
2025-05-27 12:48:31,742 [INFO] IPUIPlugin:80 - create IPUIPlugin
2025-05-27 12:48:31,742 [INFO] IPUIPlugin:80 - create IPUIPlugin
2025-05-27 12:48:31,743 [INFO] IPUIPlugin:80 - create IPUIPlugin
2025-05-27 12:48:31,746 [INFO] IPUIPlugin:80 - create IPUIPlugin
2025-05-27 12:48:31,748 [INFO] IPUIPlugin:80 - create IPUIPlugin
2025-05-27 12:48:31,748 [INFO] IPUIPlugin:80 - create IPUIPlugin
2025-05-27 12:48:31,750 [INFO] IPUIPlugin:80 - create IPUIPlugin
2025-05-27 12:48:31,751 [INFO] IPUIPlugin:80 - create IPUIPlugin
2025-05-27 12:48:31,752 [INFO] IPUIPlugin:80 - create IPUIPlugin
2025-05-27 12:48:31,753 [INFO] IPUIPlugin:80 - create IPUIPlugin
2025-05-27 12:48:31,754 [INFO] IPUIPlugin:80 - create IPUIPlugin
2025-05-27 12:48:31,755 [INFO] IPUIPlugin:80 - create IPUIPlugin
2025-05-27 12:48:31,756 [INFO] IPUIPlugin:80 - create IPUIPlugin
2025-05-27 12:48:31,757 [INFO] IPUIPlugin:80 - create IPUIPlugin
2025-05-27 12:48:31,758 [INFO] IPUIPlugin:80 - create IPUIPlugin
2025-05-27 12:48:31,759 [INFO] IPUIPlugin:80 - create IPUIPlugin
2025-05-27 12:48:31,760 [INFO] IPUIPlugin:80 - create IPUIPlugin
2025-05-27 12:48:31,764 [INFO] IPUIPlugin:80 - create IPUIPlugin
2025-05-27 12:48:31,765 [INFO] IPUIPlugin:80 - create IPUIPlugin
2025-05-27 12:48:31,765 [INFO] IPUIPlugin:80 - create IPUIPlugin
2025-05-27 12:48:31,766 [INFO] IPUIPlugin:80 - create IPUIPlugin
2025-05-27 12:48:31,767 [INFO] IPUIPlugin:80 - create IPUIPlugin
2025-05-27 12:48:31,767 [INFO] IPUIPlugin:80 - create IPUIPlugin
2025-05-27 12:48:31,768 [INFO] IPUIPlugin:80 - create IPUIPlugin
2025-05-27 12:48:31,768 [INFO] IPUIPlugin:80 - create IPUIPlugin
2025-05-27 12:48:31,769 [INFO] IPUIPlugin:80 - create IPUIPlugin
2025-05-27 12:48:31,769 [INFO] IPUIPlugin:80 - create IPUIPlugin
2025-05-27 12:48:31,774 [INFO] IPUIPlugin:80 - create IPUIPlugin
2025-05-27 12:48:31,775 [INFO] IPUIPlugin:80 - create IPUIPlugin
2025-05-27 12:48:31,776 [INFO] IPUIPlugin:80 - create IPUIPlugin
2025-05-27 12:48:31,781 [INFO] IPUIPlugin:80 - create IPUIPlugin
2025-05-27 12:48:31,783 [INFO] IPUIPlugin:80 - create IPUIPlugin
2025-05-27 12:48:31,784 [INFO] IPUIPlugin:80 - create IPUIPlugin
2025-05-27 12:48:31,786 [INFO] IPUIPlugin:80 - create IPUIPlugin
2025-05-27 12:48:31,788 [INFO] IPUIPlugin:80 - create IPUIPlugin
2025-05-27 12:48:31,790 [INFO] IPUIPlugin:80 - create IPUIPlugin
2025-05-27 12:48:31,791 [INFO] IPUIPlugin:80 - create IPUIPlugin
2025-05-27 12:48:31,794 [INFO] IPUIPlugin:80 - create IPUIPlugin
2025-05-27 12:48:31,799 [INFO] IPUIPlugin:80 - create IPUIPlugin
2025-05-27 12:48:31,802 [INFO] IPUIPlugin:80 - create IPUIPlugin
2025-05-27 12:48:31,804 [INFO] IPUIPlugin:80 - create IPUIPlugin
2025-05-27 12:48:31,806 [INFO] IPUIPlugin:80 - create IPUIPlugin
2025-05-27 12:48:31,808 [INFO] IPUIPlugin:80 - create IPUIPlugin
2025-05-27 12:48:32,315 [INFO] CADModel:165 - CPN selected for project levelSTM32G431RBT6
2025-05-27 12:48:32,315 [INFO] CADModel:114 - Register for checkConnection events
2025-05-27 12:48:32,370 [INFO] OpenFileManager:363 - Restore cursor
2025-05-27 12:49:24,828 [INFO] NvicIntPanel:101 - NVIC parent = com.st.microxplorer.plugins.ip.nvic.MultiNvicIntPanel[,0,0,622x230,layout=javax.swing.BoxLayout,alignmentX=0.0,alignmentY=0.0,border=,flags=9,maximumSize=,minimumSize=,preferredSize=]
2025-05-27 12:59:59,373 [INFO] MainUpdater:2872 - connection check result : 10
2025-05-27 12:59:59,374 [INFO] MainUpdater:2872 - connection check result : 10
2025-05-27 12:59:59,393 [ERROR] IocParser:95 - Exception caught: Cannot invoke "java.lang.CharSequence.length()" because "this.text" is null
2025-05-27 12:59:59,579 [INFO] I2cTimingTraitement:330 - 0x40B285C2
2025-05-27 12:59:59,589 [INFO] MicroXplorer:468 - Change Database Path : 
2025-05-27 12:59:59,589 [INFO] MicroXplorer:498 - Change Database Version : DB.6.0.130
2025-05-27 12:59:59,613 [ERROR] ProjectManagerView:394 - 
java.lang.NullPointerException: Cannot invoke "javax.swing.JTextField.getText()" because the return value of "java.util.List.get(int)" is null
	at com.st.microxplorer.plugins.projectmanager.gui.ProjectChoiceTab$9.caretUpdate(ProjectChoiceTab.java:2616) ~[filemanager.jar:?]
	at javax.swing.text.JTextComponent.fireCaretUpdate(JTextComponent.java:408) ~[?:?]
	at javax.swing.text.JTextComponent$MutableCaretEvent.fire(JTextComponent.java:4484) ~[?:?]
	at javax.swing.text.JTextComponent$MutableCaretEvent.stateChanged(JTextComponent.java:4506) ~[?:?]
	at javax.swing.text.DefaultCaret.fireStateChanged(DefaultCaret.java:857) ~[?:?]
	at javax.swing.text.DefaultCaret.changeCaretPosition(DefaultCaret.java:1343) ~[?:?]
	at javax.swing.text.DefaultCaret.handleSetDot(DefaultCaret.java:1242) ~[?:?]
	at javax.swing.text.DefaultCaret.setDot(DefaultCaret.java:1223) ~[?:?]
	at javax.swing.text.DefaultCaret$Handler.insertUpdate(DefaultCaret.java:1819) ~[?:?]
	at javax.swing.text.AbstractDocument.fireInsertUpdate(AbstractDocument.java:227) ~[?:?]
	at javax.swing.text.AbstractDocument.handleInsertString(AbstractDocument.java:781) ~[?:?]
	at javax.swing.text.AbstractDocument.insertString(AbstractDocument.java:740) ~[?:?]
	at javax.swing.text.PlainDocument.insertString(PlainDocument.java:131) ~[?:?]
	at javax.swing.text.AbstractDocument.replace(AbstractDocument.java:699) ~[?:?]
	at javax.swing.text.JTextComponent.setText(JTextComponent.java:1725) ~[?:?]
	at com.st.microxplorer.plugins.projectmanager.gui.ProjectChoiceTab.createHeapStackFields(ProjectChoiceTab.java:975) ~[filemanager.jar:?]
	at com.st.microxplorer.plugins.projectmanager.gui.ProjectChoiceTab.buildLinkSettingsPanel(ProjectChoiceTab.java:3666) ~[filemanager.jar:?]
	at com.st.microxplorer.plugins.projectmanager.gui.ProjectChoiceTab.defineWindowsFields(ProjectChoiceTab.java:1934) ~[filemanager.jar:?]
	at com.st.microxplorer.plugins.projectmanager.gui.ProjectChoiceTab.updateSettings(ProjectChoiceTab.java:553) ~[filemanager.jar:?]
	at com.st.microxplorer.plugins.projectmanager.gui.ProjectSettingsPanel.UpdateDialog(ProjectSettingsPanel.java:245) ~[filemanager.jar:?]
	at com.st.microxplorer.plugins.projectmanager.ProjectManagerView.propertyChange(ProjectManagerView.java:391) ~[filemanager.jar:?]
	at java.beans.PropertyChangeSupport.fire(PropertyChangeSupport.java:343) ~[?:?]
	at java.beans.PropertyChangeSupport.firePropertyChange(PropertyChangeSupport.java:335) ~[?:?]
	at java.beans.PropertyChangeSupport.firePropertyChange(PropertyChangeSupport.java:268) ~[?:?]
	at com.st.microxplorer.util.MXPropertyChangeSupport.firePropertyChange(MXPropertyChangeSupport.java:54) ~[STM32CubeMX.jar:?]
	at com.st.microxplorer.mxsystem.MxSystem.closeConfig(MxSystem.java:899) ~[STM32CubeMX.jar:?]
	at com.st.microxplorer.maingui.MainPanel.closeConfig(MainPanel.java:789) ~[STM32CubeMX.jar:?]
	at com.st.microxplorer.plugins.filemanager.engine.OpenFileManager.loadConfigurationFile(OpenFileManager.java:265) ~[filemanager.jar:?]
	at com.st.microxplorer.plugins.filemanager.engine.MainFileManager.userLoadConfig(MainFileManager.java:340) ~[filemanager.jar:?]
	at com.st.microxplorer.plugins.filemanager.engine.MainFileManager.userLoadConfig(MainFileManager.java:318) ~[filemanager.jar:?]
	at com.st.microxplorer.plugins.filemanager.FileManagerView.getSpecificTask(FileManagerView.java:246) ~[filemanager.jar:?]
	at com.st.stm32cube.common.mx.editor.CubeMxEditor.getMxTabbedPaneInstance(CubeMxEditor.java:1198) ~[com.st.stm32cube.common.mx_6.13.0.202411220809/:?]
	at com.st.stm32cube.common.mx.editor.CubeMxEditor$12$1.createSwingComponent(CubeMxEditor.java:1068) ~[com.st.stm32cube.common.mx_6.13.0.202411220809/:?]
	at com.st.stm32cube.common.mx.oss.core.awtswtbridge.EmbeddedSwingComposite.doComponentCreation(EmbeddedSwingComposite.java:492) ~[com.st.stm32cube.common.mx.oss_6.13.0.202411220809/:?]
	at com.st.stm32cube.common.mx.oss.core.awtswtbridge.EmbeddedSwingComposite$4.run(EmbeddedSwingComposite.java:291) ~[com.st.stm32cube.common.mx.oss_6.13.0.202411220809/:?]
	at com.st.stm32cube.common.mx.oss.core.awtswtbridge.AwtEnvironment$2.run(AwtEnvironment.java:166) ~[com.st.stm32cube.common.mx.oss_6.13.0.202411220809/:?]
	at java.awt.event.InvocationEvent.dispatch(InvocationEvent.java:318) ~[?:?]
	at java.awt.EventQueue.dispatchEventImpl(EventQueue.java:773) ~[?:?]
	at java.awt.EventQueue$4.run(EventQueue.java:720) ~[?:?]
	at java.awt.EventQueue$4.run(EventQueue.java:714) ~[?:?]
	at java.security.AccessController.doPrivileged(AccessController.java:400) ~[?:?]
	at java.security.ProtectionDomain$JavaSecurityAccessImpl.doIntersectionPrivilege(ProtectionDomain.java:87) ~[?:?]
	at java.awt.EventQueue.dispatchEvent(EventQueue.java:742) ~[?:?]
	at java.awt.EventDispatchThread.pumpOneEventForFilters(EventDispatchThread.java:203) ~[?:?]
	at java.awt.EventDispatchThread.pumpEventsForFilter(EventDispatchThread.java:124) ~[?:?]
	at java.awt.EventDispatchThread.pumpEventsForHierarchy(EventDispatchThread.java:113) ~[?:?]
	at java.awt.EventDispatchThread.pumpEvents(EventDispatchThread.java:109) ~[?:?]
	at java.awt.EventDispatchThread.pumpEvents(EventDispatchThread.java:101) ~[?:?]
	at java.awt.EventDispatchThread.run(EventDispatchThread.java:90) ~[?:?]
2025-05-27 12:59:59,617 [WARN] ThirdParty:871 - waiting for thirdparty lock release [close project]
2025-05-27 12:59:59,618 [INFO] ThirdParty:873 - entering critical section [close project]
2025-05-27 12:59:59,618 [INFO] ThirdParty:883 - exiting critical section [close project]
2025-05-27 12:59:59,625 [INFO] PinOutPanel:1589 - setPackage(No Configuration,No Configuration)
2025-05-27 12:59:59,637 [INFO] UtilMem:75 - Begin LoadConfig() Used Memory: 917505088 Bytes (1073741824)
2025-05-27 12:59:59,639 [INFO] MicroXplorer:468 - Change Database Path : 
2025-05-27 12:59:59,639 [INFO] MicroXplorer:498 - Change Database Version : DB.6.0.130
2025-05-27 12:59:59,640 [INFO] OpenFileManager:332 - Change cursor
2025-05-27 12:59:59,670 [INFO] Mcu:2035 - Initializing MCU STM32G431R(6-8-B)Tx STM32G431RBTx STM32G431RBT6
2025-05-27 13:00:04,114 [INFO] Context:748 - Trying to add GPIOservice into a context  which must be forbidden
2025-05-27 13:00:06,303 [INFO] ApiDbMcu:508 - Load IP Config File for NUCLEO-G431RB
2025-05-27 13:00:06,738 [INFO] ImportTextPane:218 - (OptionalMessage_ERROR) Unable to find key (Mcu.IP11) in loaded IOC file
2025-05-27 13:00:06,739 [INFO] ImportTextPane:218 - (OptionalMessage_ERROR) Unknown IP (dummy)
2025-05-27 13:00:07,642 [INFO] RtosManager:555 - Registered RTOS mode: class=CMSIS, group=RTOS, mode=CMSIS_V1, owner=FREERTOS
2025-05-27 13:00:07,643 [INFO] RtosManager:555 - Registered RTOS mode: class=CMSIS, group=RTOS2, mode=CMSIS_V2, owner=FREERTOS
2025-05-27 13:00:07,643 [INFO] RtosManager:555 - Registered RTOS mode: class=RTOS, group=Core, mode=CMSIS_V1, owner=FREERTOS
2025-05-27 13:00:07,644 [INFO] RtosManager:555 - Registered RTOS mode: class=RTOS, group=Core, mode=CMSIS_V2, owner=FREERTOS
2025-05-27 13:00:07,645 [WARN] ModelIntegratedComponent:184 - Missing modes for component STMicroelectronics:FreeRTOS:0.0.1:STMicroelectronics:RTOS:FreeRTOS:Core:::10.2.0:
2025-05-27 13:00:07,686 [WARN] ModelIntegratedComponent:63 - No mode defined for component null
2025-05-27 13:00:07,686 [WARN] ModelIntegratedComponent:63 - No mode defined for component null
2025-05-27 13:00:07,686 [WARN] ModelIntegratedComponent:63 - No mode defined for component null
2025-05-27 13:00:07,687 [WARN] ModelIntegratedComponent:63 - No mode defined for component null
2025-05-27 13:00:07,687 [WARN] ModelIntegratedComponent:63 - No mode defined for component null
2025-05-27 13:00:07,687 [WARN] ModelIntegratedComponent:63 - No mode defined for component null
2025-05-27 13:00:07,688 [WARN] ModelIntegratedComponent:63 - No mode defined for component null
2025-05-27 13:00:07,688 [WARN] ModelIntegratedComponent:63 - No mode defined for component null
2025-05-27 13:00:07,688 [WARN] ModelIntegratedComponent:63 - No mode defined for component null
2025-05-27 13:00:07,689 [WARN] ModelIntegratedComponent:63 - No mode defined for component null
2025-05-27 13:00:07,689 [WARN] ModelIntegratedComponent:63 - No mode defined for component null
2025-05-27 13:00:07,689 [WARN] ModelIntegratedComponent:63 - No mode defined for component null
2025-05-27 13:00:07,690 [WARN] ModelIntegratedComponent:63 - No mode defined for component null
2025-05-27 13:00:07,690 [WARN] ModelIntegratedComponent:63 - No mode defined for component null
2025-05-27 13:00:07,690 [WARN] ModelIntegratedComponent:63 - No mode defined for component null
2025-05-27 13:00:07,690 [WARN] ModelIntegratedComponent:63 - No mode defined for component null
2025-05-27 13:00:07,691 [WARN] ModelIntegratedComponent:63 - No mode defined for component null
2025-05-27 13:00:07,691 [WARN] ModelIntegratedComponent:63 - No mode defined for component null
2025-05-27 13:00:07,691 [WARN] ModelIntegratedComponent:63 - No mode defined for component null
2025-05-27 13:00:07,691 [WARN] ModelIntegratedComponent:63 - No mode defined for component null
2025-05-27 13:00:07,692 [WARN] ModelIntegratedComponent:63 - No mode defined for component null
2025-05-27 13:00:07,692 [WARN] ModelIntegratedComponent:63 - No mode defined for component null
2025-05-27 13:00:07,692 [WARN] ModelIntegratedComponent:63 - No mode defined for component null
2025-05-27 13:00:07,692 [WARN] ModelIntegratedComponent:63 - No mode defined for component null
2025-05-27 13:00:07,693 [WARN] ModelIntegratedComponent:63 - No mode defined for component null
2025-05-27 13:00:07,693 [WARN] ModelIntegratedComponent:63 - No mode defined for component null
2025-05-27 13:00:07,693 [WARN] ModelIntegratedComponent:63 - No mode defined for component null
2025-05-27 13:00:07,693 [WARN] ModelIntegratedComponent:63 - No mode defined for component null
2025-05-27 13:00:07,694 [WARN] ModelIntegratedComponent:63 - No mode defined for component null
2025-05-27 13:00:07,694 [WARN] ModelIntegratedComponent:63 - No mode defined for component null
2025-05-27 13:00:07,694 [WARN] ModelIntegratedComponent:63 - No mode defined for component null
2025-05-27 13:00:07,698 [WARN] ModelIntegratedComponent:63 - No mode defined for component null
2025-05-27 13:00:07,698 [WARN] ModelIntegratedComponent:63 - No mode defined for component null
2025-05-27 13:00:07,699 [WARN] ModelIntegratedComponent:63 - No mode defined for component null
2025-05-27 13:00:07,699 [WARN] ModelIntegratedComponent:63 - No mode defined for component null
2025-05-27 13:00:07,699 [WARN] ModelPack:524 - Component already loaded: STMicroelectronics:HAL Drivers:0.0.0:STMicroelectronics:Device:STMicro_Driver:XSPI:HAL::0.0.1:HAL_XSPI
2025-05-27 13:00:08,027 [INFO] ThirdPartyModel:298 - Start build external matchings
2025-05-27 13:00:10,485 [INFO] ThirdPartyModel:316 - End build external matchings
2025-05-27 13:00:12,582 [INFO] UtilMem:75 - End LoadConfig() Used Memory: 865077992 Bytes (1073741824)
2025-05-27 13:00:12,620 [WARN] ThirdParty:833 - waiting for thirdparty lock release [change project]
2025-05-27 13:00:12,621 [INFO] ThirdParty:835 - entering critical section [change project]
2025-05-27 13:00:12,622 [INFO] ThirdParty:1030 - CMSIS Pack Vendor :STMicroelectronics USBPD 4.1
2025-05-27 13:00:12,622 [INFO] ThirdParty:1030 - CMSIS Pack Vendor :STMicroelectronics X-CUBE-AZRTOS-H7 3.3.0
2025-05-27 13:00:12,622 [INFO] ThirdParty:1030 - CMSIS Pack Vendor :STMicroelectronics X-CUBE-NFC9 1.0.0
2025-05-27 13:00:12,623 [INFO] ThirdParty:1030 - CMSIS Pack Vendor :STMicroelectronics USB_HOST 2.0.0
2025-05-27 13:00:12,623 [INFO] ThirdParty:1030 - CMSIS Pack Vendor :STMicroelectronics FP-SNS-MOTENVWB1 1.4.0
2025-05-27 13:00:12,623 [INFO] ThirdParty:1030 - CMSIS Pack Vendor :STMicroelectronics X-CUBE-AZRTOS-F4 1.1.0
2025-05-27 13:00:12,623 [INFO] ThirdParty:1030 - CMSIS Pack Vendor :STMicroelectronics LIBJPEG 8.0.0
2025-05-27 13:00:12,623 [INFO] ThirdParty:1030 - CMSIS Pack Vendor :STMicroelectronics FP-ATR-ASTRA1 2.0.2
2025-05-27 13:00:12,623 [INFO] ThirdParty:1030 - CMSIS Pack Vendor :STMicroelectronics FP-ATR-ASTRA1 2.0.1
2025-05-27 13:00:12,624 [INFO] ThirdParty:1030 - CMSIS Pack Vendor :STMicroelectronics X-CUBE-BLE1 7.1.0
2025-05-27 13:00:12,624 [INFO] ThirdParty:1030 - CMSIS Pack Vendor :Avnet-IotConnect X-CUBE-IoTC-DA16k-PMOD 1.0.0
2025-05-27 13:00:12,624 [INFO] ThirdParty:1030 - CMSIS Pack Vendor :STMicroelectronics X-CUBE-SMBUS 2.1.0
2025-05-27 13:00:12,624 [INFO] ThirdParty:1030 - CMSIS Pack Vendor :STMicroelectronics X-CUBE-WB05N 1.1.0
2025-05-27 13:00:12,624 [INFO] ThirdParty:1030 - CMSIS Pack Vendor :STMicroelectronics USB_DEVICE 3.0.0
2025-05-27 13:00:12,624 [INFO] ThirdParty:1030 - CMSIS Pack Vendor :STMicroelectronics X-CUBE-ISPU 2.1.0
2025-05-27 13:00:12,625 [INFO] ThirdParty:1030 - CMSIS Pack Vendor :STMicroelectronics X-CUBE-AZRTOS-WB 2.0.0
2025-05-27 13:00:12,625 [INFO] ThirdParty:1030 - CMSIS Pack Vendor :STMicroelectronics X-CUBE-ST60 1.0.0
2025-05-27 13:00:12,625 [INFO] ThirdParty:1030 - CMSIS Pack Vendor :STMicroelectronics X-CUBE-GNSS1 7.0.1
2025-05-27 13:00:12,626 [INFO] ThirdParty:1030 - CMSIS Pack Vendor :STMicroelectronics X-CUBE-AZRTOS-F7 1.1.0
2025-05-27 13:00:12,626 [INFO] ThirdParty:1030 - CMSIS Pack Vendor :STMicroelectronics X-CUBE-AZRTOS-L5 2.0.0
2025-05-27 13:00:12,626 [INFO] ThirdParty:1030 - CMSIS Pack Vendor :STMicroelectronics X-CUBE-TOUCHGFX 4.25.0
2025-05-27 13:00:12,627 [INFO] ThirdParty:1030 - CMSIS Pack Vendor :STMicroelectronics USB_DEVICE 2.0.0
2025-05-27 13:00:12,627 [INFO] ThirdParty:1030 - CMSIS Pack Vendor :STMicroelectronics X-CUBE-NFC6 3.1.0
2025-05-27 13:00:12,627 [INFO] ThirdParty:1030 - CMSIS Pack Vendor :STMicroelectronics FP-SNS-STBOX1 2.0.0
2025-05-27 13:00:12,627 [INFO] ThirdParty:1030 - CMSIS Pack Vendor :STMicroelectronics X-CUBE-MEMS1 11.2.0
2025-05-27 13:00:12,627 [INFO] ThirdParty:1030 - CMSIS Pack Vendor :STMicroelectronics FreeRTOS 0.0.1
2025-05-27 13:00:12,627 [INFO] ThirdParty:1030 - CMSIS Pack Vendor :STMicroelectronics X-CUBE-AZRTOS-G0 1.1.0
2025-05-27 13:00:12,628 [INFO] ThirdParty:1030 - CMSIS Pack Vendor :STMicroelectronics X-CUBE-SAFEA1 1.2.2
2025-05-27 13:00:12,629 [INFO] ThirdParty:1030 - CMSIS Pack Vendor :STMicroelectronics X-CUBE-NFC4 3.0.0
2025-05-27 13:00:12,630 [INFO] ThirdParty:1030 - CMSIS Pack Vendor :STMicroelectronics X-CUBE-DPower 1.2.0
2025-05-27 13:00:12,631 [INFO] ThirdParty:1030 - CMSIS Pack Vendor :STMicroelectronics X-CUBE-SUBG2 5.0.0
2025-05-27 13:00:12,632 [INFO] ThirdParty:1030 - CMSIS Pack Vendor :STMicroelectronics X-CUBE-AZRTOS-H7RS 1.1.0
2025-05-27 13:00:12,632 [INFO] ThirdParty:1030 - CMSIS Pack Vendor :STMicroelectronics STM32_WPAN 1.0.0
2025-05-27 13:00:12,632 [INFO] ThirdParty:1030 - CMSIS Pack Vendor :EmbeddedOffice I-CUBE-FS-RTOS 1.0.1
2025-05-27 13:00:12,632 [INFO] ThirdParty:1030 - CMSIS Pack Vendor :STMicroelectronics lwIP 2.0.3
2025-05-27 13:00:12,632 [INFO] ThirdParty:1030 - CMSIS Pack Vendor :STMicroelectronics FP-SNS-FLIGHT1 5.0.2
2025-05-27 13:00:12,632 [INFO] ThirdParty:1030 - CMSIS Pack Vendor :Cesanta I-CUBE-Mongoose 7.13.0
2025-05-27 13:00:12,632 [INFO] ThirdParty:1030 - CMSIS Pack Vendor :STMicroelectronics USB_HOST 1.0.0
2025-05-27 13:00:12,633 [INFO] ThirdParty:1030 - CMSIS Pack Vendor :Infineon AIROC-Wi-Fi-Bluetooth-STM32 1.7.0
2025-05-27 13:00:12,633 [INFO] ThirdParty:1030 - CMSIS Pack Vendor :STMicroelectronics X-CUBE-AZRTOS-G4 2.0.0
2025-05-27 13:00:12,633 [INFO] ThirdParty:1030 - CMSIS Pack Vendor :STMicroelectronics X-CUBE-WB05N 2.0.0
2025-05-27 13:00:12,633 [INFO] ThirdParty:1030 - CMSIS Pack Vendor :STMicroelectronics PDM2PCM 3.1.0
2025-05-27 13:00:12,633 [INFO] ThirdParty:1030 - CMSIS Pack Vendor :STMicroelectronics PDM2PCM 3.3.0
2025-05-27 13:00:12,633 [INFO] ThirdParty:1030 - CMSIS Pack Vendor :STMicroelectronics X-CUBE-DISPLAY 3.0.0
2025-05-27 13:00:12,633 [INFO] ThirdParty:1030 - CMSIS Pack Vendor :STMicroelectronics X-CUBE-NFC7 2.0.0
2025-05-27 13:00:12,633 [INFO] ThirdParty:1030 - CMSIS Pack Vendor :STMicroelectronics X-CUBE-TCPP 4.2.0
2025-05-27 13:00:12,633 [INFO] ThirdParty:1030 - CMSIS Pack Vendor :RealThread X-CUBE-RT-Thread_Nano 4.1.1
2025-05-27 13:00:12,634 [INFO] ThirdParty:1030 - CMSIS Pack Vendor :STMicroelectronics X-CUBE-BLE1 7.0.0
2025-05-27 13:00:12,634 [INFO] ThirdParty:1030 - CMSIS Pack Vendor :STMicroelectronics FP-ATR-SIGFOX1 3.2.0
2025-05-27 13:00:12,634 [INFO] ThirdParty:1030 - CMSIS Pack Vendor :STMicroelectronics X-CUBE-NFC10 1.0.0
2025-05-27 13:00:12,634 [INFO] ThirdParty:1030 - CMSIS Pack Vendor :quantropi X-CUBE-qispace-sdk-base 1.9.3
2025-05-27 13:00:12,634 [INFO] ThirdParty:1030 - CMSIS Pack Vendor :STMicroelectronics X-CUBE-BLEMGR 4.0.0
2025-05-27 13:00:12,634 [INFO] ThirdParty:1030 - CMSIS Pack Vendor :STMicroelectronics X-CUBE-EEPRMA1 5.1.0
2025-05-27 13:00:12,634 [INFO] ThirdParty:1030 - CMSIS Pack Vendor :STMicroelectronics X-CUBE-FREERTOS 1.3.1
2025-05-27 13:00:12,634 [INFO] ThirdParty:1030 - CMSIS Pack Vendor :STMicroelectronics HAL Drivers 0.0.0
2025-05-27 13:00:12,635 [INFO] ThirdParty:1030 - CMSIS Pack Vendor :STMicroelectronics MBEDTLS 2.16.2
2025-05-27 13:00:12,635 [INFO] ThirdParty:1030 - CMSIS Pack Vendor :STMicroelectronics X-CUBE-IPS 3.1.0
2025-05-27 13:00:12,635 [INFO] ThirdParty:1030 - CMSIS Pack Vendor :STMicroelectronics X-CUBE-ALS 1.0.2
2025-05-27 13:00:12,635 [INFO] ThirdParty:1030 - CMSIS Pack Vendor :emotas I-CUBE-CANOPEN 1.3.0
2025-05-27 13:00:12,635 [INFO] ThirdParty:1030 - CMSIS Pack Vendor :STMicroelectronics X-CUBE-FREERTOS 1.3.0
2025-05-27 13:00:12,635 [INFO] ThirdParty:1030 - CMSIS Pack Vendor :STMicroelectronics X-CUBE-NFC7 1.0.1
2025-05-27 13:00:12,635 [INFO] ThirdParty:1030 - CMSIS Pack Vendor :STMicroelectronics MBEDTLS 2.14.1
2025-05-27 13:00:12,635 [INFO] ThirdParty:1030 - CMSIS Pack Vendor :wolfSSL I-CUBE-wolfSSL 5.7.6
2025-05-27 13:00:12,636 [INFO] ThirdParty:1030 - CMSIS Pack Vendor :ITTIA_DB I-CUBE-ITTIADB 8.9.0
2025-05-27 13:00:12,636 [INFO] ThirdParty:1030 - CMSIS Pack Vendor :STMicroelectronics X-CUBE-TOUCHGFX 4.24.2
2025-05-27 13:00:12,636 [INFO] ThirdParty:1030 - CMSIS Pack Vendor :wolfSSL I-CUBE-wolfTPM 3.4.0
2025-05-27 13:00:12,636 [INFO] ThirdParty:1030 - CMSIS Pack Vendor :portGmbH I-Cube-SoM-uGOAL 1.1.0
2025-05-27 13:00:12,636 [INFO] ThirdParty:1030 - CMSIS Pack Vendor :STMicroelectronics X-CUBE-AI 10.0.0
2025-05-27 13:00:12,636 [INFO] ThirdParty:1030 - CMSIS Pack Vendor :STMicroelectronics ThreadX 1.0.0
2025-05-27 13:00:12,636 [INFO] ThirdParty:1030 - CMSIS Pack Vendor :STMicroelectronics FP-SNS-SMARTAG2 1.2.0
2025-05-27 13:00:12,636 [INFO] ThirdParty:1030 - CMSIS Pack Vendor :STMicroelectronics FP-SNS-FLIGHT1 5.1.0
2025-05-27 13:00:12,636 [INFO] ThirdParty:1030 - CMSIS Pack Vendor :STMicroelectronics X-CUBE-MEMS1 11.1.0
2025-05-27 13:00:12,637 [INFO] ThirdParty:1030 - CMSIS Pack Vendor :STMicroelectronics X-CUBE-AZRTOS-WL 2.0.0
2025-05-27 13:00:12,637 [INFO] ThirdParty:1030 - CMSIS Pack Vendor :SEGGER I-CUBE-embOS 1.3.1
2025-05-27 13:00:12,637 [INFO] ThirdParty:1030 - CMSIS Pack Vendor :STMicroelectronics X-CUBE-ALGOBUILD 1.4.0
2025-05-27 13:00:12,637 [INFO] ThirdParty:1030 - CMSIS Pack Vendor :STMicroelectronics X-CUBE-DPower 1.3.0
2025-05-27 13:00:12,637 [INFO] ThirdParty:1030 - CMSIS Pack Vendor :STMicroelectronics FP-SNS-MOTENV1 5.0.0
2025-05-27 13:00:12,637 [INFO] ThirdParty:1030 - CMSIS Pack Vendor :STMicroelectronics USB_DEVICE 1.0.0
2025-05-27 13:00:12,637 [INFO] ThirdParty:1030 - CMSIS Pack Vendor :STMicroelectronics X-CUBE-AZRTOS-H7RS 1.0.0
2025-05-27 13:00:12,637 [INFO] ThirdParty:1030 - CMSIS Pack Vendor :wolfSSL I-CUBE-wolfMQTT 1.19.0
2025-05-27 13:00:12,637 [INFO] ThirdParty:1030 - CMSIS Pack Vendor :STMicroelectronics X-CUBE-AZRTOS-L4 2.0.0
2025-05-27 13:00:12,638 [INFO] ThirdParty:1030 - CMSIS Pack Vendor :STMicroelectronics ThreadX 0.0.2
2025-05-27 13:00:12,638 [INFO] ThirdParty:1030 - CMSIS Pack Vendor :WES I-CUBE-Cesium 1.3.0
2025-05-27 13:00:12,638 [INFO] ThirdParty:1030 - CMSIS Pack Vendor :STMicroelectronics lwIP 2.1.2
2025-05-27 13:00:12,638 [INFO] ThirdParty:1030 - CMSIS Pack Vendor :STMicroelectronics X-CUBE-SFXS2LP1 4.0.0
2025-05-27 13:00:12,638 [INFO] ThirdParty:1030 - CMSIS Pack Vendor :STMicroelectronics X-CUBE-BLE2 3.3.0
2025-05-27 13:00:12,638 [INFO] ThirdParty:1030 - CMSIS Pack Vendor :STMicroelectronics X-CUBE-TOF1 3.4.2
2025-05-27 13:00:12,638 [INFO] ThirdParty:1030 - CMSIS Pack Vendor :STMicroelectronics X-CUBE-TOF1 3.4.3
2025-05-27 13:00:12,638 [INFO] ThirdParty:1030 - CMSIS Pack Vendor :STMicroelectronics PDM2PCM 3.2.0
2025-05-27 13:00:12,638 [INFO] ThirdParty:1030 - CMSIS Pack Vendor :wolfSSL I-CUBE-wolfSSH 1.4.17
2025-05-27 13:00:12,639 [INFO] ThirdParty:841 - exiting critical section [change project]
2025-05-27 13:00:14,190 [INFO] PinOutPanel:1589 - setPackage(No Configuration,No Configuration)
2025-05-27 13:00:14,195 [INFO] PinOutPanel:1589 - setPackage(STM32G431RBTx,LQFP64)
2025-05-27 13:00:15,116 [INFO] UtilMem:75 - Before build in PCC Used Memory: 767063040 Bytes (1073741824)
2025-05-27 13:00:16,967 [INFO] UtilMem:75 - After build in PCC Used Memory: 860386304 Bytes (1073741824)
2025-05-27 13:00:17,075 [INFO] IPUIPlugin:80 - create IPUIPlugin
2025-05-27 13:00:17,075 [INFO] IPUIPlugin:80 - create IPUIPlugin
2025-05-27 13:00:17,076 [INFO] IPUIPlugin:80 - create IPUIPlugin
2025-05-27 13:00:17,077 [INFO] IPUIPlugin:80 - create IPUIPlugin
2025-05-27 13:00:17,078 [INFO] IPUIPlugin:80 - create IPUIPlugin
2025-05-27 13:00:17,078 [INFO] IPUIPlugin:80 - create IPUIPlugin
2025-05-27 13:00:17,079 [INFO] IPUIPlugin:80 - create IPUIPlugin
2025-05-27 13:00:17,080 [INFO] IPUIPlugin:80 - create IPUIPlugin
2025-05-27 13:00:17,081 [INFO] IPUIPlugin:80 - create IPUIPlugin
2025-05-27 13:00:17,081 [INFO] IPUIPlugin:80 - create IPUIPlugin
2025-05-27 13:00:17,082 [INFO] IPUIPlugin:80 - create IPUIPlugin
2025-05-27 13:00:17,082 [INFO] IPUIPlugin:80 - create IPUIPlugin
2025-05-27 13:00:17,083 [INFO] IPUIPlugin:80 - create IPUIPlugin
2025-05-27 13:00:17,083 [INFO] IPUIPlugin:80 - create IPUIPlugin
2025-05-27 13:00:17,083 [INFO] IPUIPlugin:80 - create IPUIPlugin
2025-05-27 13:00:17,085 [INFO] IPUIPlugin:80 - create IPUIPlugin
2025-05-27 13:00:17,086 [INFO] IPUIPlugin:80 - create IPUIPlugin
2025-05-27 13:00:17,086 [INFO] IPUIPlugin:80 - create IPUIPlugin
2025-05-27 13:00:17,087 [INFO] IPUIPlugin:80 - create IPUIPlugin
2025-05-27 13:00:17,087 [INFO] IPUIPlugin:80 - create IPUIPlugin
2025-05-27 13:00:17,087 [INFO] IPUIPlugin:80 - create IPUIPlugin
2025-05-27 13:00:17,088 [INFO] IPUIPlugin:80 - create IPUIPlugin
2025-05-27 13:00:17,088 [INFO] IPUIPlugin:80 - create IPUIPlugin
2025-05-27 13:00:17,089 [INFO] IPUIPlugin:80 - create IPUIPlugin
2025-05-27 13:00:17,090 [INFO] IPUIPlugin:80 - create IPUIPlugin
2025-05-27 13:00:17,091 [INFO] IPUIPlugin:80 - create IPUIPlugin
2025-05-27 13:00:17,092 [INFO] IPUIPlugin:80 - create IPUIPlugin
2025-05-27 13:00:17,092 [INFO] IPUIPlugin:80 - create IPUIPlugin
2025-05-27 13:00:17,093 [INFO] IPUIPlugin:80 - create IPUIPlugin
2025-05-27 13:00:17,094 [INFO] IPUIPlugin:80 - create IPUIPlugin
2025-05-27 13:00:17,095 [INFO] IPUIPlugin:80 - create IPUIPlugin
2025-05-27 13:00:17,097 [INFO] IPUIPlugin:80 - create IPUIPlugin
2025-05-27 13:00:17,098 [INFO] IPUIPlugin:80 - create IPUIPlugin
2025-05-27 13:00:17,099 [INFO] IPUIPlugin:80 - create IPUIPlugin
2025-05-27 13:00:17,100 [INFO] IPUIPlugin:80 - create IPUIPlugin
2025-05-27 13:00:17,101 [INFO] IPUIPlugin:80 - create IPUIPlugin
2025-05-27 13:00:17,102 [INFO] IPUIPlugin:80 - create IPUIPlugin
2025-05-27 13:00:17,103 [INFO] IPUIPlugin:80 - create IPUIPlugin
2025-05-27 13:00:17,104 [INFO] IPUIPlugin:80 - create IPUIPlugin
2025-05-27 13:00:17,106 [INFO] IPUIPlugin:80 - create IPUIPlugin
2025-05-27 13:00:17,107 [INFO] IPUIPlugin:80 - create IPUIPlugin
2025-05-27 13:00:17,108 [INFO] IPUIPlugin:80 - create IPUIPlugin
2025-05-27 13:00:17,109 [INFO] IPUIPlugin:80 - create IPUIPlugin
2025-05-27 13:00:17,113 [INFO] IPUIPlugin:80 - create IPUIPlugin
2025-05-27 13:00:17,113 [INFO] IPUIPlugin:80 - create IPUIPlugin
2025-05-27 13:00:17,114 [INFO] IPUIPlugin:80 - create IPUIPlugin
2025-05-27 13:00:17,114 [INFO] IPUIPlugin:80 - create IPUIPlugin
2025-05-27 13:00:17,116 [INFO] IPUIPlugin:80 - create IPUIPlugin
2025-05-27 13:00:17,117 [INFO] IPUIPlugin:80 - create IPUIPlugin
2025-05-27 13:00:17,118 [INFO] IPUIPlugin:80 - create IPUIPlugin
2025-05-27 13:00:17,119 [INFO] IPUIPlugin:80 - create IPUIPlugin
2025-05-27 13:00:17,121 [INFO] IPUIPlugin:80 - create IPUIPlugin
2025-05-27 13:00:17,122 [INFO] IPUIPlugin:80 - create IPUIPlugin
2025-05-27 13:00:17,124 [INFO] IPUIPlugin:80 - create IPUIPlugin
2025-05-27 13:00:17,125 [INFO] IPUIPlugin:80 - create IPUIPlugin
2025-05-27 13:00:17,127 [INFO] IPUIPlugin:80 - create IPUIPlugin
2025-05-27 13:00:17,129 [INFO] IPUIPlugin:80 - create IPUIPlugin
2025-05-27 13:00:17,129 [INFO] IPUIPlugin:80 - create IPUIPlugin
2025-05-27 13:00:17,131 [INFO] IPUIPlugin:80 - create IPUIPlugin
2025-05-27 13:00:17,389 [INFO] CADModel:165 - CPN selected for project levelSTM32G431RBT6
2025-05-27 13:00:17,390 [INFO] CADModel:114 - Register for checkConnection events
2025-05-27 13:00:17,438 [INFO] OpenFileManager:363 - Restore cursor
2025-05-27 13:05:19,131 [INFO] NvicIntPanel:101 - NVIC parent = com.st.microxplorer.plugins.ip.nvic.MultiNvicIntPanel[,0,0,0x0,invalid,layout=javax.swing.BoxLayout,alignmentX=0.0,alignmentY=0.0,border=,flags=9,maximumSize=,minimumSize=,preferredSize=]
2025-05-27 13:05:27,396 [INFO] NvicIntPanel:101 - NVIC parent = com.st.microxplorer.plugins.ip.nvic.MultiNvicIntPanel[,0,0,0x0,invalid,layout=javax.swing.BoxLayout,alignmentX=0.0,alignmentY=0.0,border=,flags=9,maximumSize=,minimumSize=,preferredSize=]
2025-05-27 13:06:45,420 [INFO] NvicIntPanel:101 - NVIC parent = com.st.microxplorer.plugins.ip.nvic.MultiNvicIntPanel[,0,0,450x221,layout=javax.swing.BoxLayout,alignmentX=0.0,alignmentY=0.0,border=,flags=9,maximumSize=,minimumSize=,preferredSize=]
2025-05-27 13:07:51,727 [INFO] UtilMem:75 - End SaveConfig() Used Memory: 1000130240 Bytes (1073741824)
2025-05-27 13:07:52,514 [ERROR] IocParser:95 - Exception caught: null
2025-05-27 13:07:53,572 [INFO] UtilMem:75 - End SaveConfig() Used Memory: 740233040 Bytes (1073741824)
2025-05-27 13:07:55,390 [INFO] UtilMem:75 - End SaveConfig() Used Memory: 879167312 Bytes (1073741824)
2025-05-27 13:07:55,672 [INFO] BlockDiagram:2766 - set Specific Code input for plugin: TIM1_8G4
2025-05-27 13:07:55,672 [INFO] BlockDiagram:2766 - set Specific Code input for plugin: TIM1_8G4
2025-05-27 13:07:55,672 [INFO] BlockDiagram:2766 - set Specific Code input for plugin: TIM1_8G4
2025-05-27 13:07:55,672 [INFO] BlockDiagram:2766 - set Specific Code input for plugin: SYS
2025-05-27 13:07:55,673 [INFO] BlockDiagram:2766 - set Specific Code input for plugin: RCC
2025-05-27 13:07:55,673 [INFO] BlockDiagram:2766 - set Specific Code input for plugin: I2C
2025-05-27 13:07:55,673 [INFO] BlockDiagram:2766 - set Specific Code input for plugin: NVIC
2025-05-27 13:07:55,673 [INFO] BlockDiagram:2766 - set Specific Code input for plugin: USART
2025-05-27 13:07:55,673 [INFO] BlockDiagram:2766 - set Specific Code input for plugin: TIM1_8G4
2025-05-27 13:07:55,673 [INFO] BlockDiagram:2766 - set Specific Code input for plugin: TIM1_8G4
2025-05-27 13:07:55,673 [INFO] BlockDiagram:2766 - set Specific Code input for plugin: GPIO
2025-05-27 13:07:55,673 [INFO] BlockDiagram:2766 - set Specific Code input for plugin: NUCLEO-G431RB
2025-05-27 13:07:55,675 [INFO] CodeGenerator:896 - code generatio: config db path: C:\ST\STM32CubeIDE_1.17.0\STM32CubeIDE\plugins\com.st.stm32cube.common.mx_6.13.0.202411220809\\db\
2025-05-27 13:07:55,706 [ERROR] IocParser:95 - Exception caught: null
2025-05-27 13:07:55,980 [INFO] CodeEngine:255 - oldGeneratedFile, C:\Users\thepd\STM32CubeIDE\to_stm_base_proj_added_i2c\test\MXTmpFiles\license.tmp_save
2025-05-27 13:07:56,417 [INFO] CodeEngine:279 - Generated code: C:\Users\thepd\STM32CubeIDE\to_stm_base_proj_added_i2c\test\MXTmpFiles\license.tmp
2025-05-27 13:07:56,613 [INFO] CodeEngine:255 - oldGeneratedFile, C:\Users\thepd\STM32CubeIDE\to_stm_base_proj_added_i2c\test\Core\Src\gpio.c_save
2025-05-27 13:07:56,823 [INFO] CodeEngine:279 - Generated code: C:\Users\thepd\STM32CubeIDE\to_stm_base_proj_added_i2c\test\Core\Src\gpio.c
2025-05-27 13:07:56,857 [INFO] CodeEngine:255 - oldGeneratedFile, C:\Users\thepd\STM32CubeIDE\to_stm_base_proj_added_i2c\test\Core\Inc\gpio.h_save
2025-05-27 13:07:57,013 [INFO] CodeEngine:279 - Generated code: C:\Users\thepd\STM32CubeIDE\to_stm_base_proj_added_i2c\test\Core\Inc\gpio.h
2025-05-27 13:07:57,926 [INFO] CodeEngine:255 - oldGeneratedFile, C:\Users\thepd\STM32CubeIDE\to_stm_base_proj_added_i2c\test\Core\Src\i2c.c_save
2025-05-27 13:07:58,242 [INFO] CodeEngine:279 - Generated code: C:\Users\thepd\STM32CubeIDE\to_stm_base_proj_added_i2c\test\Core\Src\i2c.c
2025-05-27 13:07:58,289 [INFO] CodeEngine:255 - oldGeneratedFile, C:\Users\thepd\STM32CubeIDE\to_stm_base_proj_added_i2c\test\Core\Inc\i2c.h_save
2025-05-27 13:07:58,440 [INFO] CodeEngine:279 - Generated code: C:\Users\thepd\STM32CubeIDE\to_stm_base_proj_added_i2c\test\Core\Inc\i2c.h
2025-05-27 13:07:58,508 [INFO] CodeEngine:255 - oldGeneratedFile, C:\Users\thepd\STM32CubeIDE\to_stm_base_proj_added_i2c\test\Core\Inc\stm32g4xx_nucleo_conf.h_save
2025-05-27 13:07:58,655 [INFO] CodeEngine:279 - Generated code: C:\Users\thepd\STM32CubeIDE\to_stm_base_proj_added_i2c\test\Core\Inc\stm32g4xx_nucleo_conf.h
2025-05-27 13:07:58,679 [INFO] CodeEngine:255 - oldGeneratedFile, C:\Users\thepd\STM32CubeIDE\to_stm_base_proj_added_i2c\test\MXTmpFiles\bsp_inc.tmp_save
2025-05-27 13:07:58,816 [INFO] CodeEngine:279 - Generated code: C:\Users\thepd\STM32CubeIDE\to_stm_base_proj_added_i2c\test\MXTmpFiles\bsp_inc.tmp
2025-05-27 13:07:58,832 [INFO] CodeEngine:255 - oldGeneratedFile, C:\Users\thepd\STM32CubeIDE\to_stm_base_proj_added_i2c\test\MXTmpFiles\bsp_common_vars.tmp_save
2025-05-27 13:07:58,949 [INFO] CodeEngine:279 - Generated code: C:\Users\thepd\STM32CubeIDE\to_stm_base_proj_added_i2c\test\MXTmpFiles\bsp_common_vars.tmp
2025-05-27 13:07:58,968 [INFO] CodeEngine:255 - oldGeneratedFile, C:\Users\thepd\STM32CubeIDE\to_stm_base_proj_added_i2c\test\MXTmpFiles\bsp_common_init.tmp_save
2025-05-27 13:07:59,100 [INFO] CodeEngine:279 - Generated code: C:\Users\thepd\STM32CubeIDE\to_stm_base_proj_added_i2c\test\MXTmpFiles\bsp_common_init.tmp
2025-05-27 13:07:59,119 [INFO] CodeEngine:255 - oldGeneratedFile, C:\Users\thepd\STM32CubeIDE\to_stm_base_proj_added_i2c\test\MXTmpFiles\bsp_common_demo_before_while.tmp_save
2025-05-27 13:07:59,236 [INFO] CodeEngine:279 - Generated code: C:\Users\thepd\STM32CubeIDE\to_stm_base_proj_added_i2c\test\MXTmpFiles\bsp_common_demo_before_while.tmp
2025-05-27 13:07:59,255 [INFO] CodeEngine:255 - oldGeneratedFile, C:\Users\thepd\STM32CubeIDE\to_stm_base_proj_added_i2c\test\MXTmpFiles\bsp_common_demo_inside_while.tmp_save
2025-05-27 13:07:59,371 [INFO] CodeEngine:279 - Generated code: C:\Users\thepd\STM32CubeIDE\to_stm_base_proj_added_i2c\test\MXTmpFiles\bsp_common_demo_inside_while.tmp
2025-05-27 13:07:59,390 [INFO] CodeEngine:255 - oldGeneratedFile, C:\Users\thepd\STM32CubeIDE\to_stm_base_proj_added_i2c\test\MXTmpFiles\bsp_common_demo_fct.tmp_save
2025-05-27 13:07:59,506 [INFO] CodeEngine:279 - Generated code: C:\Users\thepd\STM32CubeIDE\to_stm_base_proj_added_i2c\test\MXTmpFiles\bsp_common_demo_fct.tmp
2025-05-27 13:07:59,548 [INFO] CodeEngine:255 - oldGeneratedFile, C:\Users\thepd\STM32CubeIDE\to_stm_base_proj_added_i2c\test\Core\Src\tim.c_save
2025-05-27 13:07:59,835 [INFO] CodeEngine:279 - Generated code: C:\Users\thepd\STM32CubeIDE\to_stm_base_proj_added_i2c\test\Core\Src\tim.c
2025-05-27 13:07:59,857 [INFO] CodeEngine:255 - oldGeneratedFile, C:\Users\thepd\STM32CubeIDE\to_stm_base_proj_added_i2c\test\Core\Inc\tim.h_save
2025-05-27 13:08:00,005 [INFO] CodeEngine:279 - Generated code: C:\Users\thepd\STM32CubeIDE\to_stm_base_proj_added_i2c\test\Core\Inc\tim.h
2025-05-27 13:08:00,051 [INFO] CodeEngine:255 - oldGeneratedFile, C:\Users\thepd\STM32CubeIDE\to_stm_base_proj_added_i2c\test\Core\Src\usart.c_save
2025-05-27 13:08:00,203 [INFO] CodeEngine:279 - Generated code: C:\Users\thepd\STM32CubeIDE\to_stm_base_proj_added_i2c\test\Core\Src\usart.c
2025-05-27 13:08:00,215 [INFO] CodeEngine:255 - oldGeneratedFile, C:\Users\thepd\STM32CubeIDE\to_stm_base_proj_added_i2c\test\Core\Inc\usart.h_save
2025-05-27 13:08:00,335 [INFO] CodeEngine:279 - Generated code: C:\Users\thepd\STM32CubeIDE\to_stm_base_proj_added_i2c\test\Core\Inc\usart.h
2025-05-27 13:08:00,396 [INFO] CodeEngine:255 - oldGeneratedFile, C:\Users\thepd\STM32CubeIDE\to_stm_base_proj_added_i2c\test\Core\Src\stm32g4xx_it.c_save
2025-05-27 13:08:00,760 [INFO] CodeEngine:279 - Generated code: C:\Users\thepd\STM32CubeIDE\to_stm_base_proj_added_i2c\test\Core\Src\stm32g4xx_it.c
2025-05-27 13:08:00,799 [INFO] CodeEngine:255 - oldGeneratedFile, C:\Users\thepd\STM32CubeIDE\to_stm_base_proj_added_i2c\test\Core\Inc\stm32g4xx_it.h_save
2025-05-27 13:08:00,919 [INFO] CodeEngine:279 - Generated code: C:\Users\thepd\STM32CubeIDE\to_stm_base_proj_added_i2c\test\Core\Inc\stm32g4xx_it.h
2025-05-27 13:08:00,989 [INFO] CodeEngine:255 - oldGeneratedFile, C:\Users\thepd\STM32CubeIDE\to_stm_base_proj_added_i2c\test\Core\Src\stm32g4xx_hal_msp.c_save
2025-05-27 13:08:01,121 [INFO] CodeEngine:279 - Generated code: C:\Users\thepd\STM32CubeIDE\to_stm_base_proj_added_i2c\test\Core\Src\stm32g4xx_hal_msp.c
2025-05-27 13:08:01,140 [INFO] CodeEngine:255 - oldGeneratedFile, C:\Users\thepd\STM32CubeIDE\to_stm_base_proj_added_i2c\test\MXTmpFiles\system.tmp_save
2025-05-27 13:08:01,235 [INFO] CodeEngine:279 - Generated code: C:\Users\thepd\STM32CubeIDE\to_stm_base_proj_added_i2c\test\MXTmpFiles\system.tmp
2025-05-27 13:08:01,289 [INFO] CodeEngine:311 - oldGeneratedFile, C:\Users\thepd\STM32CubeIDE\to_stm_base_proj_added_i2c\test\Core\Inc\stm32g4xx_hal_conf.h_save
2025-05-27 13:08:01,426 [INFO] CodeEngine:335 - Generated code: C:\Users\thepd\STM32CubeIDE\to_stm_base_proj_added_i2c\test\Core\Inc\stm32g4xx_hal_conf.h
2025-05-27 13:08:01,469 [WARN] IPConfigManager:3034 - Warning: the RefConfig RCC_CommonPeriphClockConfig is not available in your config.xml file
2025-05-27 13:08:01,475 [INFO] ApiDbMcu:508 - Load IP Config File for I2C1
2025-05-27 13:08:01,502 [INFO] ApiDbMcu:508 - Load IP Config File for TIM2
2025-05-27 13:08:01,520 [INFO] ApiDbMcu:508 - Load IP Config File for TIM3
2025-05-27 13:08:01,537 [INFO] ApiDbMcu:508 - Load IP Config File for TIM4
2025-05-27 13:08:01,564 [INFO] ApiDbMcu:508 - Load IP Config File for TIM8
2025-05-27 13:08:01,586 [INFO] ApiDbMcu:508 - Load IP Config File for TIM16
2025-05-27 13:08:01,603 [INFO] ApiDbMcu:508 - Load IP Config File for USART1
2025-05-27 13:08:01,605 [INFO] ApiDbMcu:508 - Load IP Config File for RCC
2025-05-27 13:08:01,656 [INFO] CodeEngine:255 - oldGeneratedFile, C:\Users\thepd\STM32CubeIDE\to_stm_base_proj_added_i2c\test\Core\Inc\main.h_save
2025-05-27 13:08:01,824 [INFO] CodeEngine:279 - Generated code: C:\Users\thepd\STM32CubeIDE\to_stm_base_proj_added_i2c\test\Core\Inc\main.h
2025-05-27 13:08:01,866 [INFO] CodeEngine:255 - oldGeneratedFile, C:\Users\thepd\STM32CubeIDE\to_stm_base_proj_added_i2c\test\Core\Src\main.c_save
2025-05-27 13:08:02,061 [INFO] CodeEngine:279 - Generated code: C:\Users\thepd\STM32CubeIDE\to_stm_base_proj_added_i2c\test\Core\Src\main.c
2025-05-27 13:08:02,679 [INFO] ProjectBuilder:3289 - Time for Copy HAL[1] : 321mS.
2025-05-27 13:08:02,685 [INFO] ProjectBuilder:4876 - Project Generator version: 4.5.0-RC5
2025-05-27 13:08:02,837 [INFO] ConfigFileManager:1579 - The Die is : DIE468
2025-05-27 13:08:02,865 [INFO] ApiDbMcu:508 - Load IP Config File for FATFS
2025-05-27 13:08:02,903 [INFO] ApiDbMcu:508 - Load IP Config File for FREERTOS
2025-05-27 13:08:02,930 [INFO] ApiDbMcu:508 - Load IP Config File for USBPD
2025-05-27 13:08:02,956 [INFO] ApiDbMcu:508 - Load IP Config File for USB_DEVICE
2025-05-27 13:08:05,202 [INFO] ProjectBuilder:5154 - Time for Generating toolchain IDE Files: 2517mS.
2025-05-27 13:08:05,203 [INFO] ProjectBuilder:3146 - Time for Copy CMSIS : 1mS.
2025-05-27 13:08:05,241 [INFO] ProjectBuilder:3146 - Time for Copy CMSIS : 0mS.
2025-05-27 18:02:17,423 [INFO] Activator:176 - 


2025-05-27 18:02:17,425 [INFO] Activator:177 - !SESSION log4j initialized
2025-05-27 18:02:25,767 [INFO] LogOutputStream:77 - [STDOUT_REDIRECT] 
2025-05-27 18:02:27,345 [INFO] ApplicationProperties:184 - Using Application install path: C:\ST\STM32CubeIDE_1.17.0\STM32CubeIDE\plugins\com.st.stm32cube.common.mx_6.13.0.202411220809
2025-05-27 18:02:27,370 [INFO] DbMcusXml:78 - Set database path to: C:\ST\STM32CubeIDE_1.17.0\STM32CubeIDE\plugins\com.st.stm32cube.common.mx_6.13.0.202411220809\\db\/mcu/
2025-05-27 18:02:27,371 [INFO] ApiDb:274 - Set plugin database path to: C:\ST\STM32CubeIDE_1.17.0\STM32CubeIDE\plugins\com.st.stm32cube.common.mx_6.13.0.202411220809\\db\/plugins/boardmanager/
2025-05-27 18:02:27,371 [WARN] ApiDb:259 - Overriding images path with different value:  => C:\ST\STM32CubeIDE_1.17.0\STM32CubeIDE\plugins\com.st.stm32cube.common.mx_6.13.0.202411220809\\db\/plugins/mcufinder/images/
2025-05-27 18:02:27,394 [INFO] ApiDb:250 - Set database path to: C:\Users\thepd\.stmcufinder\plugins\mcufinder//mcu/
2025-05-27 18:02:27,396 [INFO] DbMcusAds:125 - Set database path to: C:\Users\thepd\.stmcufinder\plugins\mcufinder//mcu/
2025-05-27 18:02:27,401 [INFO] CrossReferenceDbSqlite:203 - Set database path to: C:\Users\thepd\.stmcufinder\plugins\mcufinder//mcu/cs/
2025-05-27 18:02:27,559 [INFO] RulesReader:64 - Compatibility file has been processed (297 Rules)
2025-05-27 18:02:27,683 [INFO] DbMcusXml:78 - Set database path to: C:\ST\STM32CubeIDE_1.17.0\STM32CubeIDE\plugins\com.st.stm32cube.common.mx_6.13.0.202411220809\\db\/mcu/
2025-05-27 18:02:27,683 [INFO] ApiDb:274 - Set plugin database path to: C:\ST\STM32CubeIDE_1.17.0\STM32CubeIDE\plugins\com.st.stm32cube.common.mx_6.13.0.202411220809\\db\/plugins/boardmanager/
2025-05-27 18:02:27,683 [INFO] ApiDb:261 - Set plugin images path to: C:\ST\STM32CubeIDE_1.17.0\STM32CubeIDE\plugins\com.st.stm32cube.common.mx_6.13.0.202411220809\\db\/plugins/mcufinder/images/
2025-05-27 18:02:27,683 [WARN] DbFile:41 - Overriding database path with different value: C:\Users\thepd\.stmcufinder\plugins\mcufinder/ => C:\Users\thepd\.stmcufinder\plugins\mcufinder
2025-05-27 18:02:27,684 [INFO] ApiDb:250 - Set database path to: C:\Users\thepd\.stmcufinder\plugins\mcufinder//mcu/
2025-05-27 18:02:27,684 [WARN] DbFile:41 - Overriding database path with different value: C:\Users\thepd\.stmcufinder\plugins\mcufinder/ => C:\Users\thepd\.stmcufinder\plugins\mcufinder
2025-05-27 18:02:27,684 [INFO] DbMcusAds:125 - Set database path to: C:\Users\thepd\.stmcufinder\plugins\mcufinder//mcu/
2025-05-27 18:02:27,684 [WARN] DbFile:41 - Overriding database path with different value: C:\Users\thepd\.stmcufinder\plugins\mcufinder/ => C:\Users\thepd\.stmcufinder\plugins\mcufinder
2025-05-27 18:02:27,684 [WARN] DbFile:41 - Overriding database path with different value: C:\Users\thepd\.stmcufinder\plugins\mcufinder/ => C:\Users\thepd\.stmcufinder\plugins\mcufinder
2025-05-27 18:02:27,684 [INFO] CrossReferenceDbSqlite:203 - Set database path to: C:\Users\thepd\.stmcufinder\plugins\mcufinder//mcu/cs/
2025-05-27 18:02:27,802 [INFO] MainPanel:272 - HeapMemory: 268435456
2025-05-27 18:02:27,995 [INFO] DbMcusXml:78 - Set database path to: C:\ST\STM32CubeIDE_1.17.0\STM32CubeIDE\plugins\com.st.stm32cube.common.mx_6.13.0.202411220809\\db\/mcu/
2025-05-27 18:02:27,996 [INFO] ApiDb:274 - Set plugin database path to: C:\ST\STM32CubeIDE_1.17.0\STM32CubeIDE\plugins\com.st.stm32cube.common.mx_6.13.0.202411220809\\db\/plugins/boardmanager/
2025-05-27 18:02:27,996 [INFO] ApiDb:261 - Set plugin images path to: C:\ST\STM32CubeIDE_1.17.0\STM32CubeIDE\plugins\com.st.stm32cube.common.mx_6.13.0.202411220809\\db\/plugins/mcufinder/images/
2025-05-27 18:02:27,996 [WARN] DbFile:41 - Overriding database path with different value: C:\Users\thepd\.stmcufinder\plugins\mcufinder/ => C:\Users\thepd\.stmcufinder\plugins\mcufinder
2025-05-27 18:02:27,996 [INFO] ApiDb:250 - Set database path to: C:\Users\thepd\.stmcufinder\plugins\mcufinder//mcu/
2025-05-27 18:02:27,996 [WARN] DbFile:41 - Overriding database path with different value: C:\Users\thepd\.stmcufinder\plugins\mcufinder/ => C:\Users\thepd\.stmcufinder\plugins\mcufinder
2025-05-27 18:02:27,997 [INFO] DbMcusAds:125 - Set database path to: C:\Users\thepd\.stmcufinder\plugins\mcufinder//mcu/
2025-05-27 18:02:27,997 [WARN] DbFile:41 - Overriding database path with different value: C:\Users\thepd\.stmcufinder\plugins\mcufinder/ => C:\Users\thepd\.stmcufinder\plugins\mcufinder
2025-05-27 18:02:27,997 [WARN] DbFile:41 - Overriding database path with different value: C:\Users\thepd\.stmcufinder\plugins\mcufinder/ => C:\Users\thepd\.stmcufinder\plugins\mcufinder
2025-05-27 18:02:27,997 [INFO] CrossReferenceDbSqlite:203 - Set database path to: C:\Users\thepd\.stmcufinder\plugins\mcufinder//mcu/cs/
2025-05-27 18:02:28,022 [INFO] ApplicationProperties:184 - Using Application install path: C:\ST\STM32CubeIDE_1.17.0\STM32CubeIDE\plugins\com.st.stm32cube.common.mx_6.13.0.202411220809
2025-05-27 18:02:28,024 [INFO] PluginManage:196 - Search for loadable plugins [exclusion list=, ]
2025-05-27 18:02:28,026 [INFO] PluginManage:310 - Check plugin analytics
2025-05-27 18:02:28,331 [INFO] AnalyticsPlugin:253 - Accepted Software Licenses: STM32CubeMX.6.4.0,STM32CubeMX.6.14.0
2025-05-27 18:02:28,332 [INFO] AnalyticsPlugin:255 - Accepted CMSIS Pack Licenses: 
2025-05-27 18:02:28,332 [INFO] AnalyticsPlugin:257 - Accepted Firmware Licenses: FW.G4.1.6.0,FW.G4.1.5.0,FW.F4.1.28.0
2025-05-27 18:02:28,336 [INFO] PluginManage:359 - Loaded plugin analytics (category:tool,tabindex:-1)
2025-05-27 18:02:28,336 [INFO] PluginManage:310 - Check plugin cadmodel
2025-05-27 18:02:28,364 [INFO] CADModel:105 - Init CAD model plugin
2025-05-27 18:02:28,364 [INFO] PluginManage:359 - Loaded plugin cadmodel (category:power,tabindex:5)
2025-05-27 18:02:28,364 [INFO] PluginManage:310 - Check plugin clock
2025-05-27 18:02:28,394 [INFO] PluginManage:359 - Loaded plugin clock (category:base,tabindex:2)
2025-05-27 18:02:28,395 [INFO] PluginManage:310 - Check plugin ddr
2025-05-27 18:02:28,398 [INFO] PluginManage:359 - Loaded plugin ddr (category:tool,tabindex:6)
2025-05-27 18:02:28,400 [INFO] PluginManage:310 - Check plugin filemanager
2025-05-27 18:02:28,631 [INFO] PluginManage:359 - Loaded plugin filemanager (category:base,tabindex:10)
2025-05-27 18:02:28,631 [INFO] PluginManage:310 - Check plugin ipmanager
2025-05-27 18:02:28,644 [INFO] PluginManage:359 - Loaded plugin ipmanager (category:base,tabindex:5)
2025-05-27 18:02:28,644 [INFO] PluginManage:310 - Check plugin lpbam
2025-05-27 18:02:28,668 [INFO] PluginManage:359 - Loaded plugin lpbam (category:base,tabindex:0)
2025-05-27 18:02:28,669 [INFO] PluginManage:310 - Check plugin memorymap
2025-05-27 18:02:28,706 [INFO] PluginManage:359 - Loaded plugin memorymap (category:base,tabindex:4)
2025-05-27 18:02:28,706 [INFO] PluginManage:310 - Check plugin pinoutandconfiguration
2025-05-27 18:02:28,732 [INFO] PluginManage:359 - Loaded plugin pinoutandconfiguration (category:base,tabindex:1)
2025-05-27 18:02:28,733 [INFO] PluginManage:310 - Check plugin pinoutconfig
2025-05-27 18:02:28,877 [WARN] SupportedApi:132 - Cannot load RTOS API schema: s4s-elt-must-match.1: The content of 'definitions' must match (annotation?, (simpleType | complexType)?, (unique | key | keyref)*)). A problem was found starting at: attribute.
2025-05-27 18:02:29,074 [INFO] PluginManage:359 - Loaded plugin pinoutconfig (category:base,tabindex:0)
2025-05-27 18:02:29,074 [INFO] PluginManage:310 - Check plugin power
2025-05-27 18:02:29,110 [INFO] PluginManage:359 - Loaded plugin power (category:power,tabindex:4)
2025-05-27 18:02:29,110 [INFO] PluginManage:310 - Check plugin projectmanager
2025-05-27 18:02:29,133 [INFO] PluginManage:359 - Loaded plugin projectmanager (category:projectmanager,tabindex:4)
2025-05-27 18:02:29,134 [INFO] PluginManage:310 - Check plugin rif
2025-05-27 18:02:29,158 [INFO] PluginManage:359 - Loaded plugin rif (category:base,tabindex:3)
2025-05-27 18:02:29,158 [INFO] PluginManage:310 - Check plugin thirdparty
2025-05-27 18:02:29,607 [WARN] IntegrityCheckThread:84 - waiting for thirdparty lock release [integrity check]
2025-05-27 18:02:29,607 [INFO] IntegrityCheckThread:86 - entering critical section [integrity check]
2025-05-27 18:02:29,608 [INFO] PluginManage:359 - Loaded plugin thirdparty (category:base,tabindex:-1)
2025-05-27 18:02:29,608 [INFO] ThirdPartyUpdaterWithRetryManager:70 - Updater plugin not ready yet. [1/15]
2025-05-27 18:02:29,608 [INFO] PluginManage:310 - Check plugin tools
2025-05-27 18:02:29,661 [INFO] PluginManage:359 - Loaded plugin tools (category:base,tabindex:7)
2025-05-27 18:02:29,661 [INFO] PluginManage:310 - Check plugin tutovideos
2025-05-27 18:02:29,913 [INFO] PluginManage:359 - Loaded plugin tutovideos (category:base,tabindex:-1)
2025-05-27 18:02:29,913 [INFO] PluginManage:310 - Check plugin updater
2025-05-27 18:02:29,949 [INFO] PluginManage:359 - Loaded plugin updater (category:base,tabindex:12)
2025-05-27 18:02:29,949 [INFO] PluginManage:310 - Check plugin userauth
2025-05-27 18:02:29,957 [INFO] UserAuth:118 - Init User Auth plugin
2025-05-27 18:02:29,958 [INFO] PluginManage:359 - Loaded plugin userauth (category:base,tabindex:14)
2025-05-27 18:02:29,960 [INFO] PluginManage:283 - PluginManage : Loaded plugins [18]
2025-05-27 18:02:30,244 [INFO] PinOutPanel:1589 - setPackage(No Configuration,No Configuration)
2025-05-27 18:02:30,360 [INFO] CADModel:165 - CPN selected for project level
2025-05-27 18:02:30,360 [INFO] CADModel:114 - Register for checkConnection events
2025-05-27 18:02:30,397 [INFO] IPUIPlugin:80 - create IPUIPlugin
2025-05-27 18:02:30,398 [INFO] PluginManager:220 - loadIPPluginJar : add adc
2025-05-27 18:02:30,456 [INFO] IPUIPlugin:80 - create IPUIPlugin
2025-05-27 18:02:30,457 [INFO] PluginManager:220 - loadIPPluginJar : add aes
2025-05-27 18:02:30,529 [INFO] IPUIPlugin:80 - create IPUIPlugin
2025-05-27 18:02:30,529 [INFO] PluginManager:220 - loadIPPluginJar : add can
2025-05-27 18:02:30,568 [INFO] IPUIPlugin:80 - create IPUIPlugin
2025-05-27 18:02:30,568 [INFO] PluginManager:220 - loadIPPluginJar : add comp
2025-05-27 18:02:30,615 [INFO] IPUIPlugin:80 - create IPUIPlugin
2025-05-27 18:02:30,615 [INFO] PluginManager:220 - loadIPPluginJar : add cryp
2025-05-27 18:02:30,636 [INFO] IPUIPlugin:80 - create IPUIPlugin
2025-05-27 18:02:30,636 [INFO] PluginManager:220 - loadIPPluginJar : add ddr_ctrl_phy
2025-05-27 18:02:30,691 [INFO] IPUIPlugin:80 - create IPUIPlugin
2025-05-27 18:02:30,691 [INFO] PluginManager:220 - loadIPPluginJar : add dfsdm
2025-05-27 18:02:30,715 [INFO] IPUIPlugin:80 - create IPUIPlugin
2025-05-27 18:02:30,716 [INFO] PluginManager:220 - loadIPPluginJar : add dma
2025-05-27 18:02:30,776 [INFO] IPUIPlugin:80 - create IPUIPlugin
2025-05-27 18:02:30,776 [INFO] PluginManager:220 - loadIPPluginJar : add dma3
2025-05-27 18:02:30,857 [INFO] IPUIPlugin:80 - create IPUIPlugin
2025-05-27 18:02:30,858 [INFO] PluginManager:220 - loadIPPluginJar : add extmemmanager
2025-05-27 18:02:30,892 [INFO] IPUIPlugin:80 - create IPUIPlugin
2025-05-27 18:02:30,892 [INFO] PluginManager:220 - loadIPPluginJar : add fatfs
2025-05-27 18:02:30,969 [INFO] IPUIPlugin:80 - create IPUIPlugin
2025-05-27 18:02:30,969 [INFO] PluginManager:220 - loadIPPluginJar : add fmc
2025-05-27 18:02:30,992 [INFO] IPUIPlugin:80 - create IPUIPlugin
2025-05-27 18:02:30,992 [INFO] PluginManager:220 - loadIPPluginJar : add freertos
2025-05-27 18:02:31,026 [INFO] IPUIPlugin:80 - create IPUIPlugin
2025-05-27 18:02:31,026 [INFO] PluginManager:220 - loadIPPluginJar : add genericplugin
2025-05-27 18:02:31,190 [INFO] IPUIPlugin:80 - create IPUIPlugin
2025-05-27 18:02:31,190 [INFO] PluginManager:220 - loadIPPluginJar : add gfxmmu
2025-05-27 18:02:31,401 [INFO] IPUIPlugin:80 - create IPUIPlugin
2025-05-27 18:02:31,402 [INFO] PluginManager:220 - loadIPPluginJar : add gic
2025-05-27 18:02:31,432 [INFO] IPUIPlugin:80 - create IPUIPlugin
2025-05-27 18:02:31,432 [INFO] PluginManager:220 - loadIPPluginJar : add gpio
2025-05-27 18:02:31,583 [INFO] IPUIPlugin:80 - create IPUIPlugin
2025-05-27 18:02:31,584 [INFO] PluginManager:220 - loadIPPluginJar : add gtzc
2025-05-27 18:02:31,665 [INFO] IPUIPlugin:80 - create IPUIPlugin
2025-05-27 18:02:31,665 [INFO] PluginManager:220 - loadIPPluginJar : add hash
2025-05-27 18:02:31,781 [INFO] IPUIPlugin:80 - create IPUIPlugin
2025-05-27 18:02:31,781 [INFO] PluginManager:220 - loadIPPluginJar : add i2c
2025-05-27 18:02:31,863 [INFO] IPUIPlugin:80 - create IPUIPlugin
2025-05-27 18:02:31,863 [INFO] PluginManager:220 - loadIPPluginJar : add i2s
2025-05-27 18:02:31,928 [INFO] IPUIPlugin:80 - create IPUIPlugin
2025-05-27 18:02:31,928 [INFO] PluginManager:220 - loadIPPluginJar : add i3c
2025-05-27 18:02:32,115 [INFO] IPUIPlugin:80 - create IPUIPlugin
2025-05-27 18:02:32,115 [INFO] PluginManager:220 - loadIPPluginJar : add ipddr
2025-05-27 18:02:32,276 [INFO] IPUIPlugin:80 - create IPUIPlugin
2025-05-27 18:02:32,278 [INFO] PluginManager:220 - loadIPPluginJar : add linkedlist
2025-05-27 18:02:32,342 [INFO] IPUIPlugin:80 - create IPUIPlugin
2025-05-27 18:02:32,343 [INFO] PluginManager:220 - loadIPPluginJar : add lorawan
2025-05-27 18:02:32,413 [INFO] IPUIPlugin:80 - create IPUIPlugin
2025-05-27 18:02:32,414 [INFO] PluginManager:220 - loadIPPluginJar : add ltdc
2025-05-27 18:02:32,438 [INFO] IPUIPlugin:80 - create IPUIPlugin
2025-05-27 18:02:32,438 [INFO] PluginManager:220 - loadIPPluginJar : add mdma
2025-05-27 18:02:32,456 [INFO] IPUIPlugin:80 - create IPUIPlugin
2025-05-27 18:02:32,457 [INFO] PluginManager:220 - loadIPPluginJar : add nvic
2025-05-27 18:02:32,516 [INFO] IPUIPlugin:80 - create IPUIPlugin
2025-05-27 18:02:32,516 [INFO] PluginManager:220 - loadIPPluginJar : add opamp
2025-05-27 18:02:32,609 [INFO] ThirdPartyUpdaterWithRetryManager:70 - Updater plugin not ready yet. [2/15]
2025-05-27 18:02:32,623 [INFO] IPUIPlugin:80 - create IPUIPlugin
2025-05-27 18:02:32,624 [INFO] PluginManager:220 - loadIPPluginJar : add openamp
2025-05-27 18:02:32,696 [INFO] IPUIPlugin:80 - create IPUIPlugin
2025-05-27 18:02:32,697 [INFO] PluginManager:220 - loadIPPluginJar : add pdm2pcm
2025-05-27 18:02:32,718 [INFO] IPUIPlugin:80 - create IPUIPlugin
2025-05-27 18:02:32,725 [INFO] PluginManager:220 - loadIPPluginJar : add plateformsettings
2025-05-27 18:02:32,771 [INFO] IPUIPlugin:80 - create IPUIPlugin
2025-05-27 18:02:32,772 [INFO] PluginManager:220 - loadIPPluginJar : add quadspi
2025-05-27 18:02:32,815 [INFO] IPUIPlugin:80 - create IPUIPlugin
2025-05-27 18:02:32,816 [INFO] PluginManager:220 - loadIPPluginJar : add radio
2025-05-27 18:02:32,834 [INFO] IPUIPlugin:80 - create IPUIPlugin
2025-05-27 18:02:32,834 [INFO] PluginManager:220 - loadIPPluginJar : add resmgrutility
2025-05-27 18:02:32,907 [INFO] IPUIPlugin:80 - create IPUIPlugin
2025-05-27 18:02:32,907 [INFO] PluginManager:220 - loadIPPluginJar : add sai
2025-05-27 18:02:32,973 [INFO] IPUIPlugin:80 - create IPUIPlugin
2025-05-27 18:02:32,973 [INFO] PluginManager:220 - loadIPPluginJar : add spi
2025-05-27 18:02:33,076 [INFO] IPUIPlugin:80 - create IPUIPlugin
2025-05-27 18:02:33,076 [INFO] PluginManager:220 - loadIPPluginJar : add stm32_wpan
2025-05-27 18:02:33,115 [INFO] IPUIPlugin:80 - create IPUIPlugin
2025-05-27 18:02:33,115 [INFO] PluginManager:220 - loadIPPluginJar : add tim
2025-05-27 18:02:33,217 [INFO] IPUIPlugin:80 - create IPUIPlugin
2025-05-27 18:02:33,218 [INFO] PluginManager:220 - loadIPPluginJar : add touchsensing
2025-05-27 18:02:33,253 [INFO] IPUIPlugin:80 - create IPUIPlugin
2025-05-27 18:02:33,253 [INFO] PluginManager:220 - loadIPPluginJar : add tracer_emb
2025-05-27 18:02:33,290 [INFO] IPUIPlugin:80 - create IPUIPlugin
2025-05-27 18:02:33,290 [INFO] PluginManager:220 - loadIPPluginJar : add ts
2025-05-27 18:02:33,325 [INFO] IPUIPlugin:80 - create IPUIPlugin
2025-05-27 18:02:33,325 [INFO] PluginManager:220 - loadIPPluginJar : add tsc
2025-05-27 18:02:33,367 [INFO] IPUIPlugin:80 - create IPUIPlugin
2025-05-27 18:02:33,367 [INFO] PluginManager:220 - loadIPPluginJar : add ucpd
2025-05-27 18:02:33,456 [INFO] IPUIPlugin:80 - create IPUIPlugin
2025-05-27 18:02:33,456 [INFO] PluginManager:220 - loadIPPluginJar : add usart
2025-05-27 18:02:33,517 [INFO] IPUIPlugin:80 - create IPUIPlugin
2025-05-27 18:02:33,517 [INFO] PluginManager:220 - loadIPPluginJar : add usbx
2025-05-27 18:02:33,666 [FATAL] Updater:351 - Updater called before beeing initialized
2025-05-27 18:02:33,723 [INFO] RulesReader:64 - Compatibility file has been processed (297 Rules)
2025-05-27 18:02:33,749 [INFO] RulesReader:64 - Compatibility file has been processed (297 Rules)
2025-05-27 18:02:33,761 [INFO] CADModel:165 - CPN selected for project level
2025-05-27 18:02:33,761 [INFO] CADModel:114 - Register for checkConnection events
2025-05-27 18:02:33,762 [FATAL] Updater:351 - Updater called before beeing initialized
2025-05-27 18:02:33,762 [ERROR] CADModel:125 - Updater not yet initialized, retry later 
2025-05-27 18:02:34,023 [FATAL] Updater:351 - Updater called before beeing initialized
2025-05-27 18:02:34,026 [INFO] CADModel:165 - CPN selected for project level
2025-05-27 18:02:34,026 [INFO] CADModel:114 - Register for checkConnection events
2025-05-27 18:02:34,027 [FATAL] Updater:351 - Updater called before beeing initialized
2025-05-27 18:02:34,027 [ERROR] CADModel:125 - Updater not yet initialized, retry later 
2025-05-27 18:02:34,032 [FATAL] Updater:351 - Updater called before beeing initialized
2025-05-27 18:02:34,115 [INFO] McuFinderGlobals:63 - Set McuFinder mode to 2 (CubeIDE integrated)
2025-05-27 18:02:34,228 [FATAL] Updater:351 - Updater called before beeing initialized
2025-05-27 18:02:34,247 [INFO] DbMcusAds:53 - JSON generation date=Thu Mar 06 15:54:21 GMT+01:00 2025 (1741272861825)
2025-05-27 18:02:34,248 [FATAL] Updater:351 - Updater called before beeing initialized
2025-05-27 18:02:34,327 [WARN] DetailPanel:346 - Failed to get advertising image, set to default
2025-05-27 18:02:34,635 [FATAL] Updater:351 - Updater called before beeing initialized
2025-05-27 18:02:34,638 [FATAL] Updater:351 - Updater called before beeing initialized
2025-05-27 18:02:34,639 [FATAL] Updater:351 - Updater called before beeing initialized
2025-05-27 18:02:34,639 [WARN] DetailPanel:346 - Failed to get advertising image, set to default
2025-05-27 18:02:34,640 [FATAL] Updater:351 - Updater called before beeing initialized
2025-05-27 18:02:34,726 [ERROR] Updater:1198 - MainUpdater not yet initialized. External WinMGr cannot be set.
2025-05-27 18:02:34,741 [INFO] Updater:1134 - Updater Version found : 6.13.0
2025-05-27 18:02:34,766 [INFO] ApplicationProperties:184 - Using Application install path: C:\ST\STM32CubeIDE_1.17.0\STM32CubeIDE\plugins\com.st.stm32cube.common.mx_6.13.0.202411220809
2025-05-27 18:02:35,388 [INFO] MainUpdater:2872 - connection check result : 10
2025-05-27 18:02:35,389 [INFO] MainUpdater:289 - Updater Check For Update Now.
2025-05-27 18:02:35,390 [INFO] MicroXplorer:498 - Change Database Version : DB.6.0.130
2025-05-27 18:02:35,416 [INFO] McuFinderGlobals:63 - Set McuFinder mode to 2 (CubeIDE integrated)
2025-05-27 18:02:35,433 [INFO] UserAuth:486 - Internet connection configuration mode: 1
2025-05-27 18:02:35,504 [INFO] JxBrowserEngine:152 - Initiate JxBrowser Engine with user profile folder
2025-05-27 18:02:35,611 [WARN] MainUpdater:1193 - Updater busy. Cannot search thirdparties
2025-05-27 18:02:35,611 [INFO] ThirdPartyUpdaterWithRetryManager:96 - Updater plugin is busy. [1/15]
2025-05-27 18:02:35,654 [INFO] CheckServerUpdateThread:120 - End of CheckServer Thread
2025-05-27 18:02:35,840 [INFO] MainUpdater:2872 - connection check result : 10
2025-05-27 18:02:35,853 [INFO] MainUpdater:2872 - connection check result : 10
2025-05-27 18:02:36,108 [INFO] MicroXplorer:468 - Change Database Path : 
2025-05-27 18:02:36,108 [INFO] MicroXplorer:498 - Change Database Version : DB.6.0.130
2025-05-27 18:02:36,122 [WARN] ThirdParty:871 - waiting for thirdparty lock release [close project]
2025-05-27 18:02:37,033 [INFO] WebApp:168 - Instantiating new browser for Auth
2025-05-27 18:02:38,182 [INFO] WebApp:449 - Apply proxy settings
2025-05-27 18:02:38,184 [INFO] WebApp:534 - Chromium requires no authentication
2025-05-27 18:02:38,201 [INFO] WebApp:477 - Direct internet connection detected
2025-05-27 18:02:38,244 [INFO] WebApp:880 - Register for checkConnection events
2025-05-27 18:02:38,245 [INFO] WebApp:449 - Apply proxy settings
2025-05-27 18:02:38,245 [INFO] WebApp:534 - Chromium requires no authentication
2025-05-27 18:02:38,246 [INFO] WebApp:477 - Direct internet connection detected
2025-05-27 18:02:38,438 [INFO] WebApp:187 - Connection restablished
2025-05-27 18:02:38,624 [INFO] WebApp:221 - Starting web application
2025-05-27 18:02:38,624 [INFO] WebApp:579 - Web application path used C:\ST\STM32CubeIDE_1.17.0\STM32CubeIDE\plugins\com.st.stm32cube.common.mx_6.13.0.202411220809\db\plugins\mcufinder\reactClient1\index.html
2025-05-27 18:02:38,893 [INFO] UserAuth:486 - Internet connection configuration mode: 1
2025-05-27 18:02:39,151 [WARN] PackLoader:240 - Cannot read IP mode file for STMicroelectronics.FP-SNS-MOTENVWB1.1.4.0
2025-05-27 18:02:39,185 [WARN] PackLoader:240 - Cannot read IP mode file for STMicroelectronics.FP-ATR-ASTRA1.2.0.2
2025-05-27 18:02:39,215 [WARN] PackLoader:240 - Cannot read IP mode file for STMicroelectronics.FP-ATR-ASTRA1.2.0.1
2025-05-27 18:02:39,243 [WARN] PackLoader:240 - Cannot read IP mode file for STMicroelectronics.X-CUBE-SMBUS.2.1.0
2025-05-27 18:02:39,274 [WARN] PackLoader:240 - Cannot read IP mode file for STMicroelectronics.X-CUBE-WB05N.1.1.0
2025-05-27 18:02:39,310 [WARN] PackLoader:240 - Cannot read IP mode file for STMicroelectronics.X-CUBE-ST60.1.0.0
2025-05-27 18:02:39,378 [WARN] PackLoader:240 - Cannot read IP mode file for STMicroelectronics.X-CUBE-AZRTOS-F7.1.1.0
2025-05-27 18:02:39,407 [WARN] PackLoader:240 - Cannot read IP mode file for STMicroelectronics.FP-SNS-FLIGHT1.5.0.2
2025-05-27 18:02:39,460 [WARN] PackLoader:240 - Cannot read IP mode file for Infineon.AIROC-Wi-Fi-Bluetooth-STM32.1.7.0
2025-05-27 18:02:39,492 [WARN] PackLoader:240 - Cannot read IP mode file for STMicroelectronics.X-CUBE-DISPLAY.3.0.0
2025-05-27 18:02:39,519 [WARN] PackLoader:240 - Cannot read IP mode file for STMicroelectronics.X-CUBE-BLE1.7.0.0
2025-05-27 18:02:39,537 [WARN] PackLoader:240 - Cannot read IP mode file for STMicroelectronics.X-CUBE-NFC10.1.0.0
2025-05-27 18:02:39,569 [WARN] PackLoader:240 - Cannot read IP mode file for STMicroelectronics.X-CUBE-BLEMGR.4.0.0
2025-05-27 18:02:39,603 [WARN] PackLoader:240 - Cannot read IP mode file for emotas.I-CUBE-CANOPEN.1.3.0
2025-05-27 18:02:39,628 [WARN] PackLoader:240 - Cannot read IP mode file for STMicroelectronics.X-CUBE-AI.10.0.0
2025-05-27 18:02:39,649 [WARN] PackLoader:240 - Cannot read IP mode file for STMicroelectronics.FP-SNS-SMARTAG2.1.2.0
2025-05-27 18:02:39,665 [WARN] PackLoader:240 - Cannot read IP mode file for STMicroelectronics.FP-SNS-FLIGHT1.5.1.0
2025-05-27 18:02:39,759 [WARN] PackLoader:240 - Cannot read IP mode file for STMicroelectronics.X-CUBE-MEMS1.11.1.0
2025-05-27 18:02:40,306 [INFO] LogOutputStream:77 - [STDOUT_REDIRECT] 1 : Invalid condition id : UX_CORESTACK_Condition cause : null
2025-05-27 18:02:40,310 [INFO] LogOutputStream:77 - [STDOUT_REDIRECT] 1 : Invalid condition id : UX_CORESTACK_Condition cause : null
2025-05-27 18:02:40,311 [INFO] LogOutputStream:77 - [STDOUT_REDIRECT] 1 : Invalid condition id : UX_CORESTACK_Condition cause : null
2025-05-27 18:02:40,313 [INFO] LogOutputStream:77 - [STDOUT_REDIRECT] 1 : Invalid condition id : UX_CORESTACK_Condition cause : null
2025-05-27 18:02:40,316 [INFO] LogOutputStream:77 - [STDOUT_REDIRECT] 1 : Invalid condition id : UX_CORESTACK_Condition cause : null
2025-05-27 18:02:40,319 [WARN] PackLoader:240 - Cannot read IP mode file for STMicroelectronics.X-CUBE-AZRTOS-WL.2.0.0
2025-05-27 18:02:40,340 [WARN] PackLoader:240 - Cannot read IP mode file for STMicroelectronics.FP-SNS-MOTENV1.5.0.0
2025-05-27 18:02:40,361 [WARN] PackLoader:240 - Cannot read IP mode file for wolfSSL.I-CUBE-wolfMQTT.1.19.0
2025-05-27 18:02:40,389 [WARN] PackLoader:240 - Cannot read IP mode file for WES.I-CUBE-Cesium.1.3.0
2025-05-27 18:02:40,410 [WARN] PackLoader:240 - Cannot read IP mode file for STMicroelectronics.X-CUBE-BLE2.3.3.0
2025-05-27 18:02:40,444 [WARN] PackLoader:240 - Cannot read IP mode file for STMicroelectronics.X-CUBE-NFC9.1.0.0
2025-05-27 18:02:40,465 [WARN] PackLoader:240 - Cannot read IP mode file for STMicroelectronics.X-CUBE-BLE1.7.1.0
2025-05-27 18:02:40,543 [WARN] PackLoader:240 - Cannot read IP mode file for STMicroelectronics.X-CUBE-MEMS1.11.2.0
2025-05-27 18:02:40,703 [WARN] PackLoader:240 - Cannot read IP mode file for STMicroelectronics.X-CUBE-AZRTOS-G0.1.1.0
2025-05-27 18:02:40,730 [WARN] PackLoader:240 - Cannot read IP mode file for STMicroelectronics.X-CUBE-SAFEA1.1.2.2
2025-05-27 18:02:40,755 [WARN] PackLoader:240 - Cannot read IP mode file for STMicroelectronics.X-CUBE-NFC4.3.0.0
2025-05-27 18:02:40,781 [WARN] PackLoader:240 - Cannot read IP mode file for EmbeddedOffice.I-CUBE-FS-RTOS.1.0.1
2025-05-27 18:02:40,802 [WARN] PackLoader:240 - Cannot read IP mode file for STMicroelectronics.X-CUBE-WB05N.2.0.0
2025-05-27 18:02:40,823 [WARN] PackLoader:240 - Cannot read IP mode file for STMicroelectronics.X-CUBE-TCPP.4.2.0
2025-05-27 18:02:40,848 [WARN] PackLoader:240 - Cannot read IP mode file for RealThread.X-CUBE-RT-Thread_Nano.4.1.1
2025-05-27 18:02:40,868 [WARN] PackLoader:240 - Cannot read IP mode file for STMicroelectronics.FP-ATR-SIGFOX1.3.2.0
2025-05-27 18:02:40,886 [WARN] ConditionMgr:438 - getConditionDescription Invalid condition id : Cortex-A Device cause : null
2025-05-27 18:02:40,914 [WARN] ConditionMgr:1044 - genDependencies : Invalid condition id : Cortex-A Device cause : null
2025-05-27 18:02:40,914 [WARN] ConditionMgr:1044 - genDependencies : Invalid condition id : Cortex-A Device cause : null
2025-05-27 18:02:40,915 [WARN] ConditionMgr:1044 - genDependencies : Invalid condition id : Cortex-A Device cause : null
2025-05-27 18:02:40,935 [WARN] PackLoader:240 - Cannot read IP mode file for STMicroelectronics.X-CUBE-EEPRMA1.5.1.0
2025-05-27 18:02:40,956 [WARN] PackLoader:240 - Cannot read IP mode file for wolfSSL.I-CUBE-wolfSSL.5.7.6
2025-05-27 18:02:40,982 [WARN] PackLoader:240 - Cannot read IP mode file for ITTIA_DB.I-CUBE-ITTIADB.8.9.0
2025-05-27 18:02:41,019 [WARN] PackLoader:240 - Cannot read IP mode file for SEGGER.I-CUBE-embOS.1.3.1
2025-05-27 18:02:41,074 [WARN] PackLoader:240 - Cannot read IP mode file for STMicroelectronics.X-CUBE-ALGOBUILD.1.4.0
2025-05-27 18:02:41,110 [WARN] PackLoader:240 - Cannot read IP mode file for STMicroelectronics.X-CUBE-AZRTOS-F4.1.1.0
2025-05-27 18:02:41,133 [WARN] PackLoader:240 - Cannot read IP mode file for Avnet-IotConnect.X-CUBE-IoTC-DA16k-PMOD.1.0.0
2025-05-27 18:02:41,152 [WARN] PackLoader:240 - Cannot read IP mode file for STMicroelectronics.X-CUBE-ISPU.2.1.0
2025-05-27 18:02:41,187 [WARN] PackLoader:240 - Cannot read IP mode file for STMicroelectronics.X-CUBE-AZRTOS-L5.2.0.0
2025-05-27 18:02:41,210 [WARN] PackLoader:240 - Cannot read IP mode file for STMicroelectronics.X-CUBE-NFC6.3.1.0
2025-05-27 18:02:41,233 [WARN] PackLoader:240 - Cannot read IP mode file for STMicroelectronics.X-CUBE-DPower.1.2.0
2025-05-27 18:02:41,256 [WARN] PackLoader:240 - Cannot read IP mode file for STMicroelectronics.X-CUBE-FREERTOS.1.3.1
2025-05-27 18:02:41,272 [WARN] PackLoader:240 - Cannot read IP mode file for STMicroelectronics.X-CUBE-FREERTOS.1.3.0
2025-05-27 18:02:41,290 [WARN] PackLoader:240 - Cannot read IP mode file for STMicroelectronics.X-CUBE-NFC7.1.0.1
2025-05-27 18:02:41,311 [WARN] PackLoader:240 - Cannot read IP mode file for STMicroelectronics.X-CUBE-DPower.1.3.0
2025-05-27 18:02:41,351 [WARN] ConditionMgr:438 - getConditionDescription Invalid condition id : LAN8742 Phy interface Condition cause : null
2025-05-27 18:02:41,352 [WARN] PackLoader:240 - Cannot read IP mode file for STMicroelectronics.X-CUBE-AZRTOS-L4.2.0.0
2025-05-27 18:02:41,353 [WARN] ConditionMgr:1044 - genDependencies : Invalid condition id : LAN8742 Phy interface Condition cause : null
2025-05-27 18:02:41,353 [WARN] ConditionMgr:1044 - genDependencies : Invalid condition id : LAN8742 Phy interface Condition cause : null
2025-05-27 18:02:41,354 [WARN] ConditionMgr:1044 - genDependencies : Invalid condition id : LAN8742 Phy interface Condition cause : null
2025-05-27 18:02:41,379 [WARN] PackLoader:240 - Cannot read IP mode file for STMicroelectronics.X-CUBE-SFXS2LP1.4.0.0
2025-05-27 18:02:41,423 [WARN] PackLoader:240 - Cannot read IP mode file for STMicroelectronics.X-CUBE-AZRTOS-H7.3.3.0
2025-05-27 18:02:41,465 [WARN] ConditionMgr:438 - getConditionDescription Invalid condition id : UX DEVICE CLASS RTOS Condition cause : null
2025-05-27 18:02:41,465 [WARN] ConditionMgr:438 - getConditionDescription Invalid condition id : UX DEVICE CLASS RTOS Condition cause : null
2025-05-27 18:02:41,468 [WARN] PackLoader:240 - Cannot read IP mode file for STMicroelectronics.X-CUBE-AZRTOS-WB.2.0.0
2025-05-27 18:02:41,469 [WARN] ConditionMgr:1044 - genDependencies : Invalid condition id : UX DEVICE CLASS RTOS Condition cause : null
2025-05-27 18:02:41,469 [WARN] ConditionMgr:1044 - genDependencies : Invalid condition id : UX DEVICE CLASS RTOS Condition cause : null
2025-05-27 18:02:41,469 [WARN] ConditionMgr:1044 - genDependencies : Invalid condition id : UX DEVICE CLASS RTOS Condition cause : null
2025-05-27 18:02:41,470 [WARN] ConditionMgr:1044 - genDependencies : Invalid condition id : UX DEVICE CLASS RTOS Condition cause : null
2025-05-27 18:02:41,470 [WARN] ConditionMgr:1044 - genDependencies : Invalid condition id : UX DEVICE CLASS RTOS Condition cause : null
2025-05-27 18:02:41,495 [WARN] PackLoader:240 - Cannot read IP mode file for STMicroelectronics.X-CUBE-GNSS1.7.0.1
2025-05-27 18:02:41,520 [WARN] PackLoader:240 - Cannot read IP mode file for STMicroelectronics.X-CUBE-TOUCHGFX.4.25.0
2025-05-27 18:02:41,543 [WARN] PackLoader:240 - Cannot read IP mode file for STMicroelectronics.FP-SNS-STBOX1.2.0.0
2025-05-27 18:02:41,576 [WARN] PackLoader:240 - Cannot read IP mode file for STMicroelectronics.X-CUBE-SUBG2.5.0.0
2025-05-27 18:02:41,634 [WARN] PackLoader:240 - Cannot read IP mode file for STMicroelectronics.X-CUBE-AZRTOS-H7RS.1.1.0
2025-05-27 18:02:41,656 [WARN] PackLoader:240 - Cannot read IP mode file for Cesanta.I-CUBE-Mongoose.7.13.0
2025-05-27 18:02:41,692 [WARN] PackLoader:240 - Cannot read IP mode file for STMicroelectronics.X-CUBE-AZRTOS-G4.2.0.0
2025-05-27 18:02:41,726 [WARN] PackLoader:240 - Cannot read IP mode file for STMicroelectronics.X-CUBE-NFC7.2.0.0
2025-05-27 18:02:41,759 [WARN] PackLoader:240 - Cannot read IP mode file for STMicroelectronics.X-CUBE-IPS.3.1.0
2025-05-27 18:02:41,785 [WARN] PackLoader:240 - Cannot read IP mode file for STMicroelectronics.X-CUBE-ALS.1.0.2
2025-05-27 18:02:41,806 [WARN] PackLoader:240 - Cannot read IP mode file for STMicroelectronics.X-CUBE-TOUCHGFX.4.24.2
2025-05-27 18:02:41,827 [WARN] PackLoader:240 - Cannot read IP mode file for wolfSSL.I-CUBE-wolfTPM.3.4.0
2025-05-27 18:02:41,848 [WARN] PackLoader:240 - Cannot read IP mode file for portGmbH.I-Cube-SoM-uGOAL.1.1.0
2025-05-27 18:02:41,882 [WARN] PackLoader:240 - Cannot read IP mode file for STMicroelectronics.X-CUBE-AZRTOS-H7RS.1.0.0
2025-05-27 18:02:41,908 [WARN] PackLoader:240 - Cannot read IP mode file for STMicroelectronics.X-CUBE-TOF1.3.4.2
2025-05-27 18:02:41,940 [WARN] PackLoader:240 - Cannot read IP mode file for STMicroelectronics.X-CUBE-TOF1.3.4.3
2025-05-27 18:02:41,966 [WARN] PackLoader:240 - Cannot read IP mode file for wolfSSL.I-CUBE-wolfSSH.1.4.17
2025-05-27 18:02:41,967 [INFO] ThirdParty:978 - Integrity check success = true
2025-05-27 18:02:41,968 [INFO] IntegrityCheckThread:100 - exiting critical section [integrity check]
2025-05-27 18:02:41,968 [INFO] IntegrityCheckThread:103 - End integrity checks thread
2025-05-27 18:02:41,968 [INFO] ThirdParty:873 - entering critical section [close project]
2025-05-27 18:02:41,969 [INFO] ThirdParty:883 - exiting critical section [close project]
2025-05-27 18:02:41,972 [INFO] PinOutPanel:1589 - setPackage(No Configuration,No Configuration)
2025-05-27 18:02:41,979 [INFO] UtilMem:75 - Begin LoadConfig() Used Memory: 227269200 Bytes (309329920)
2025-05-27 18:02:41,981 [INFO] MicroXplorer:468 - Change Database Path : 
2025-05-27 18:02:41,981 [INFO] MicroXplorer:498 - Change Database Version : DB.6.0.130
2025-05-27 18:02:41,981 [INFO] OpenFileManager:332 - Change cursor
2025-05-27 18:02:42,016 [INFO] Mcu:2035 - Initializing MCU STM32G431R(6-8-B)Tx STM32G431RBTx STM32G431RBT6
2025-05-27 18:02:46,584 [INFO] Context:748 - Trying to add GPIOservice into a context  which must be forbidden
2025-05-27 18:02:47,567 [INFO] ApiDbMcu:508 - Load IP Config File for NUCLEO-G431RB
2025-05-27 18:02:47,749 [INFO] ImportTextPane:218 - (OptionalMessage_ERROR) Unable to find key (Mcu.IP12) in loaded IOC file
2025-05-27 18:02:47,749 [INFO] ImportTextPane:218 - (OptionalMessage_ERROR) Unknown IP (dummy)
2025-05-27 18:02:48,064 [INFO] RtosManager:555 - Registered RTOS mode: class=CMSIS, group=RTOS, mode=CMSIS_V1, owner=FREERTOS
2025-05-27 18:02:48,064 [INFO] RtosManager:555 - Registered RTOS mode: class=CMSIS, group=RTOS2, mode=CMSIS_V2, owner=FREERTOS
2025-05-27 18:02:48,064 [INFO] RtosManager:555 - Registered RTOS mode: class=RTOS, group=Core, mode=CMSIS_V1, owner=FREERTOS
2025-05-27 18:02:48,065 [INFO] RtosManager:555 - Registered RTOS mode: class=RTOS, group=Core, mode=CMSIS_V2, owner=FREERTOS
2025-05-27 18:02:48,065 [WARN] ModelIntegratedComponent:184 - Missing modes for component STMicroelectronics:FreeRTOS:0.0.1:STMicroelectronics:RTOS:FreeRTOS:Core:::10.2.0:
2025-05-27 18:02:48,107 [WARN] ModelIntegratedComponent:63 - No mode defined for component null
2025-05-27 18:02:48,107 [WARN] ModelIntegratedComponent:63 - No mode defined for component null
2025-05-27 18:02:48,108 [WARN] ModelIntegratedComponent:63 - No mode defined for component null
2025-05-27 18:02:48,108 [WARN] ModelIntegratedComponent:63 - No mode defined for component null
2025-05-27 18:02:48,108 [WARN] ModelIntegratedComponent:63 - No mode defined for component null
2025-05-27 18:02:48,108 [WARN] ModelIntegratedComponent:63 - No mode defined for component null
2025-05-27 18:02:48,108 [WARN] ModelIntegratedComponent:63 - No mode defined for component null
2025-05-27 18:02:48,108 [WARN] ModelIntegratedComponent:63 - No mode defined for component null
2025-05-27 18:02:48,108 [WARN] ModelIntegratedComponent:63 - No mode defined for component null
2025-05-27 18:02:48,108 [WARN] ModelIntegratedComponent:63 - No mode defined for component null
2025-05-27 18:02:48,108 [WARN] ModelIntegratedComponent:63 - No mode defined for component null
2025-05-27 18:02:48,108 [WARN] ModelIntegratedComponent:63 - No mode defined for component null
2025-05-27 18:02:48,108 [WARN] ModelIntegratedComponent:63 - No mode defined for component null
2025-05-27 18:02:48,108 [WARN] ModelIntegratedComponent:63 - No mode defined for component null
2025-05-27 18:02:48,108 [WARN] ModelIntegratedComponent:63 - No mode defined for component null
2025-05-27 18:02:48,108 [WARN] ModelIntegratedComponent:63 - No mode defined for component null
2025-05-27 18:02:48,109 [WARN] ModelIntegratedComponent:63 - No mode defined for component null
2025-05-27 18:02:48,109 [WARN] ModelIntegratedComponent:63 - No mode defined for component null
2025-05-27 18:02:48,109 [WARN] ModelIntegratedComponent:63 - No mode defined for component null
2025-05-27 18:02:48,109 [WARN] ModelIntegratedComponent:63 - No mode defined for component null
2025-05-27 18:02:48,109 [WARN] ModelIntegratedComponent:63 - No mode defined for component null
2025-05-27 18:02:48,109 [WARN] ModelIntegratedComponent:63 - No mode defined for component null
2025-05-27 18:02:48,109 [WARN] ModelIntegratedComponent:63 - No mode defined for component null
2025-05-27 18:02:48,109 [WARN] ModelIntegratedComponent:63 - No mode defined for component null
2025-05-27 18:02:48,110 [WARN] ModelIntegratedComponent:63 - No mode defined for component null
2025-05-27 18:02:48,110 [WARN] ModelIntegratedComponent:63 - No mode defined for component null
2025-05-27 18:02:48,110 [WARN] ModelIntegratedComponent:63 - No mode defined for component null
2025-05-27 18:02:48,110 [WARN] ModelIntegratedComponent:63 - No mode defined for component null
2025-05-27 18:02:48,111 [WARN] ModelIntegratedComponent:63 - No mode defined for component null
2025-05-27 18:02:48,111 [WARN] ModelIntegratedComponent:63 - No mode defined for component null
2025-05-27 18:02:48,111 [WARN] ModelIntegratedComponent:63 - No mode defined for component null
2025-05-27 18:02:48,111 [WARN] ModelIntegratedComponent:63 - No mode defined for component null
2025-05-27 18:02:48,111 [WARN] ModelIntegratedComponent:63 - No mode defined for component null
2025-05-27 18:02:48,111 [WARN] ModelIntegratedComponent:63 - No mode defined for component null
2025-05-27 18:02:48,111 [WARN] ModelIntegratedComponent:63 - No mode defined for component null
2025-05-27 18:02:48,112 [WARN] ModelPack:524 - Component already loaded: STMicroelectronics:HAL Drivers:0.0.0:STMicroelectronics:Device:STMicro_Driver:XSPI:HAL::0.0.1:HAL_XSPI
2025-05-27 18:02:48,240 [INFO] ThirdPartyModel:298 - Start build external matchings
2025-05-27 18:02:49,144 [INFO] ThirdPartyModel:316 - End build external matchings
2025-05-27 18:02:50,082 [INFO] ApiDb:581 - Connected to CubeFinder SQLite database (C:\Users\thepd\.stmcufinder\plugins\mcufinder\mcu\cube-finder-db.db)
2025-05-27 18:02:50,269 [INFO] ApiDb:668 - CubeFinder database Data Model version=2.1
2025-05-27 18:02:50,269 [INFO] ApiDb:669 - CubeFinder database Configuration version=3.0.39
2025-05-27 18:02:50,270 [INFO] ApiDb:670 - CubeFinder database generation date=2025-02-18 (1739885696)
2025-05-27 18:02:50,270 [INFO] ApiDb:671 - CubeFinder database FW Pack versions=[FP-ATR-ASTRA1_V2.0.0, FP-SNS-FLIGHT1_V5.0.2, FP-SNS-MOTENV1_V5.0.0, FP-SNS-MOTENVWB1_V1.4.0, FP-SNS-SMARTAG2_V1.2.0, FP-SNS-STBOX1_V2.0.0, STM32Cube_FW_C0_V1.4.0, STM32Cube_FW_F4_V1.28.1, STM32Cube_FW_F7_V1.17.2, STM32Cube_FW_G0_V1.6.2, STM32Cube_FW_G4_V1.6.1, STM32Cube_FW_H5_V1.5.0, STM32Cube_FW_H7RS_V1.2.0, STM32Cube_FW_H7_V1.12.1, STM32Cube_FW_L0_V1.12.2, STM32Cube_FW_L4_V1.18.1, STM32Cube_FW_L5_V1.5.1, STM32Cube_FW_N6_V1.1.0, STM32Cube_FW_U0_V1.2.0, STM32Cube_FW_U3_V1.1.0, STM32Cube_FW_U5_V1.7.0, STM32Cube_FW_WB0_V1.2.0, STM32Cube_FW_WBA_V1.6.0, STM32Cube_FW_WB_V1.22.0, STM32Cube_FW_WL3_V1.1.0, STM32Cube_FW_WL_V1.3.1, X-CUBE-ALGOBUILD_V1.4.0, X-CUBE-ALS_V1.0.2, X-CUBE-AZRTOS-F4_V1.1.0, X-CUBE-AZRTOS-F7_V1.1.0, X-CUBE-AZRTOS-G0_V1.1.0, X-CUBE-AZRTOS-G4_V2.0.0, X-CUBE-AZRTOS-H7RS_V1.0.0, X-CUBE-AZRTOS-H7_V3.3.0, X-CUBE-AZRTOS-L4_V2.0.0, X-CUBE-AZRTOS-L5_V2.0.0, X-CUBE-AZRTOS-WB_V2.0.0, X-CUBE-AZRTOS-WL_V2.0.0, X-CUBE-BLE1_V7.0.0, X-CUBE-BLE2_V3.3.0, X-CUBE-BLEMGR_V4.0.0, X-CUBE-EEPRMA1_V5.1.0, X-CUBE-FREERTOS_V1.3.0, X-CUBE-GNSS1_V6.0.0, X-CUBE-MEMS1_V11.1.0, X-CUBE-NFC4_V3.0.0, X-CUBE-NFC7_V1.0.1, X-CUBE-SFXS2LP1_V4.0.0, X-CUBE-SUBG2_V5.0.0, X-CUBE-TOF1_V3.4.2]
2025-05-27 18:02:50,467 [INFO] DbBoardsSqlite:226 - include board P-NUCLEO-WB55-NUCLEO as a kit item of type 'Nucleo-64'
2025-05-27 18:02:50,467 [INFO] DbBoardsSqlite:226 - include board P-NUCLEO-WB55-USBDONGLE as a kit item of type 'Nucleo USB Dongle'
2025-05-27 18:02:50,469 [INFO] DbBoardsSqlite:226 - include board STEVAL-IDP005V1 as a kit item of type 'Evaluation Board'
2025-05-27 18:02:50,469 [INFO] DbBoardsSqlite:226 - include board STEVAL-IDP005V2 as a kit item of type 'Evaluation Board'
2025-05-27 18:02:51,375 [INFO] ApiDb:240 - Found 858 in-development CPN: [B-G473E-ZEST1S, B-WB1M-WPAN1, B-WBA5M-WPAN, B-WL5M-SUBG1, NUCLEO-C031C6, NUCLEO-C051C8, NUCLEO-C071RB, NUCLEO-C092RC, NUCLEO-H503RB, NUCLEO-H533RE, NUCLEO-H563ZI, NUCLEO-H7S3L8, NUCLEO-N657X0-Q, NUCLEO-U031R8, NUCLEO-U083RC, NUCLEO-U385RG-Q, NUCLEO-U545RE-Q, NUCLEO-U5A5ZJ-Q, NUCLEO-WB05KZ, NUCLEO-WB07CC, NUCLEO-WB09KE, NUCLEO-WBA52CG, NUCLEO-WBA55CG, NUCLEO-WL33CC1, NUCLEO-WL33CC2, STEVAL-PROTEUS1, STEVAL-SMARTAG2, STEVAL-STWINBX1, STM320518-EVAL, STM32C0116-DK, STM32C011D6Y3TR, STM32C011D6Y6TR, STM32C011F4P3, STM32C011F4P6, STM32C011F4U3, STM32C011F4U6TR, STM32C011F6P3, STM32C011F6P6, STM32C011F6U3, STM32C011F6U6TR, STM32C011J4M3, STM32C011J4M6, STM32C011J6M3, STM32C011J6M6, STM32C0316-DK, STM32C031C4T3, STM32C031C4T6, STM32C031C4U3, STM32C031C4U6, STM32C031C6T3, STM32C031C6T6, STM32C031C6U3, STM32C031C6U6, STM32C031F4P3, STM32C031F4P6, STM32C031F6P3, STM32C031F6P6, STM32C031G4U3, STM32C031G4U6, STM32C031G6U3, STM32C031G6U6, STM32C031K4T3, STM32C031K4T6, STM32C031K4U3, STM32C031K4U6, STM32C031K6T3, STM32C031K6T6, STM32C031K6U3, STM32C031K6U6, STM32C051C6T6, STM32C051C6U6, STM32C051C8T6, STM32C051C8U6, STM32C051D8Y6TR, STM32C051F6P6, STM32C051F8P6, STM32C051G6U6, STM32C051G8U6, STM32C051K6T6, STM32C051K6U6, STM32C051K8T6, STM32C071C8T6, STM32C071C8T6N, STM32C071C8U6, STM32C071C8U6N, STM32C071CBT6, STM32C071CBT6N, STM32C071CBU6, STM32C071CBU6N, STM32C071F8P6, STM32C071F8P6N, STM32C071FBP6, STM32C071FBP6N, STM32C071FBY6TR, STM32C071G8U6, STM32C071G8U6N, STM32C071GBU6, STM32C071GBU6N, STM32C071K8T6, STM32C071K8T6N, STM32C071K8U6, STM32C071K8U6N, STM32C071KBT6, STM32C071KBT6N, STM32C071KBU6, STM32C071KBU6N, STM32C071R8T6, STM32C071R8T6N, STM32C071RBI6N, STM32C071RBT6, STM32C071RBT6N, STM32C091CBT6, STM32C091CBU6, STM32C091CCT6, STM32C091CCU6, STM32C091ECY6TR, STM32C091FBP6, STM32C091FCP6, STM32C091GBU6, STM32C091GCU6, STM32C091KBT6, STM32C091KBU6, STM32C091KCT6, STM32C091KCU6, STM32C091RBT6, STM32C091RCI6, STM32C091RCT6, STM32C092CBT6, STM32C092CBU6, STM32C092CCT6, STM32C092CCU6, STM32C092ECY6TR, STM32C092FBP6, STM32C092FCP6, STM32C092GBU6, STM32C092GCU6, STM32C092KBT6, STM32C092KBU6, STM32C092KCT6, STM32C092KCU6, STM32C092RBT6, STM32C092RCI6, STM32C092RCT6, STM32G071K8TXN, STM32G071K8UXN, STM32G081GBU6N, STM32G081KBT6N, STM32G081KBUXN, STM32G0B1CCT6N, STM32G0B1KCT6, STM32G0B1NEY6TR, STM32G0B1RCT6N, STM32G0C1CCT6, STM32G0C1CCT6N, STM32G0C1CCU6N, STM32G0C1CET6N, STM32G0C1CEU6N, STM32G0C1KCT6, STM32G0C1NEY6TR, STM32G0C1RCI6N, STM32G0C1RCT6N, STM32G0C1REI6N, STM32G0C1RET6N, STM32G0C1VCI6, STM32G0C1VEI6, STM32G411C6T3, STM32G411C6T6, STM32G411C6U3, STM32G411C6U6, STM32G411C8T3, STM32G411C8T6, STM32G411C8U3, STM32G411C8U6, STM32G411CBT3, STM32G411CBT6, STM32G411CBU3, STM32G411CBU6, STM32G411CCT3, STM32G411CCT6, STM32G411CCU3, STM32G411CCU6, STM32G411K6T3, STM32G411K6T6, STM32G411K6U3, STM32G411K6U6, STM32G411K8T3, STM32G411K8T6, STM32G411K8U3, STM32G411K8U6, STM32G411KBT3, STM32G411KBT6, STM32G411KBU3, STM32G411KBU6, STM32G411M6T3, STM32G411M6T6, STM32G411M8T3, STM32G411M8T6, STM32G411MBT3, STM32G411MBT6, STM32G411MCT3, STM32G411MCT6, STM32G411R6T3, STM32G411R6T6, STM32G411R8T3, STM32G411R8T6, STM32G411RBT3, STM32G411RBT6, STM32G411RCT3, STM32G411RCT6, STM32G414CBT3, STM32G414CBT6, STM32G414CBU3, STM32G414CBU6, STM32G414CCT3, STM32G414CCT6, STM32G414CCU3, STM32G414CCU6, STM32G414MBT3, STM32G414MBT6, STM32G414MCT3, STM32G414MCT6, STM32G414RBT3, STM32G414RBT6, STM32G414RCT3, STM32G414RCT6, STM32G414VBT3, STM32G414VBT6, STM32G414VCT3, STM32G414VCT6, STM32G431CBT3Z, STM32G431RBT3Z, STM32G471CCT6, STM32G471CCU6, STM32G471CET3, STM32G471CET6, STM32G471CEU3, STM32G471CEU6, STM32G471MCT6, STM32G471MET3, STM32G471MET6, STM32G471MEY6TR, STM32G471QCT6, STM32G471QET3, STM32G471RCT6, STM32G471RET3, STM32G471RET6, STM32G471VCH6, STM32G471VCI6, STM32G471VCT6, STM32G471VEH3, STM32G471VEH6, STM32G471VEI3, STM32G471VEI6, STM32G471VET3, STM32G471VET6, STM32G473QET3Z, STM32G473RET3Z, STM32G474CCT6, STM32G491RET3Z, STM32H503CBT6, STM32H503CBU6, STM32H503EBY6TR, STM32H503KBU6, STM32H503RBT6, STM32H523CCT6, STM32H523CCU6, STM32H523CET6, STM32H523CEU6, STM32H523HEY6TR, STM32H523RCT6, STM32H523RET6, STM32H523VCI6, STM32H523VCT6, STM32H523VEI6, STM32H523VET6, STM32H523ZCJ6, STM32H523ZCT6, STM32H523ZEJ6, STM32H523ZET6, STM32H533CET6, STM32H533CEU6, STM32H533HEY6TR, STM32H533RET6, STM32H533VEI6, STM32H533VET6, STM32H533ZEJ6, STM32H533ZET6, STM32H562AGI6, STM32H562AII6, STM32H562IGK6, STM32H562IGT6, STM32H562IIK6, STM32H562IIT6, STM32H562RGT6, STM32H562RGV6, STM32H562RIT6, STM32H562RIV6, STM32H562VGT6, STM32H562VIT6, STM32H562ZGT6, STM32H562ZIT6, STM32H563AGI6, STM32H563AII3Q, STM32H563AII6, STM32H563IGK6, STM32H563IGT6, STM32H563IIK3Q, STM32H563IIK6, STM32H563IIT3Q, STM32H563IIT6, STM32H563MIY3QTR, STM32H563RGT6, STM32H563RGV6, STM32H563RIT6, STM32H563RIV6, STM32H563VGT6, STM32H563VIT3Q, STM32H563VIT6, STM32H563ZGT6, STM32H563ZIT3Q, STM32H563ZIT6, STM32H573AII3Q, STM32H573AII6, STM32H573I-DK, STM32H573IIK3Q, STM32H573IIK6, STM32H573IIT3Q, STM32H573IIT6, STM32H573MIY3QTR, STM32H573RIT6, STM32H573RIV6, STM32H573VIT3Q, STM32H573VIT6, STM32H573ZIT3Q, STM32H573ZIT6, STM32H7R3A8I6, STM32H7R3I8K6, STM32H7R3I8T6, STM32H7R3L8H6, STM32H7R3L8H6H, STM32H7R3R8V6, STM32H7R3V8H6, STM32H7R3V8T6, STM32H7R3V8Y6TR, STM32H7R3Z8J6, STM32H7R3Z8T6, STM32H7R7A8I6, STM32H7R7I8K6, STM32H7R7I8T6, STM32H7R7L8H6, STM32H7R7L8H6H, STM32H7R7Z8J6, STM32H7S3A8I6, STM32H7S3I8K6, STM32H7S3I8T6, STM32H7S3L8H6, STM32H7S3L8H6H, STM32H7S3R8V6, STM32H7S3V8H6, STM32H7S3V8T6, STM32H7S3V8Y6TR, STM32H7S3Z8J6, STM32H7S3Z8T6, STM32H7S78-DK, STM32H7S7A8I6, STM32H7S7I8K6, STM32H7S7I8T6, STM32H7S7L8H6, STM32H7S7L8H6H, STM32H7S7Z8J6, STM32L4R5QGI6STR, STM32MP131AAE3, STM32MP131AAF3, STM32MP131AAG3, STM32MP131CAE3, STM32MP131CAF3, STM32MP131CAG3, STM32MP131DAE7, STM32MP131DAF7, STM32MP131DAG7, STM32MP131FAE7, STM32MP131FAF7, STM32MP131FAG7, STM32MP133AAE3, STM32MP133AAF3, STM32MP133AAG3, STM32MP133CAE3, STM32MP133CAF3, STM32MP133CAG3, STM32MP133DAE7, STM32MP133DAF7, STM32MP133DAG7, STM32MP133FAE7, STM32MP133FAF7, STM32MP133FAG7, STM32MP135AAE3, STM32MP135AAF3, STM32MP135AAG3, STM32MP135CAE3, STM32MP135CAF3, STM32MP135CAG3, STM32MP135DAE7, STM32MP135DAF7, STM32MP135DAG7, STM32MP135F-DK, STM32MP135FAE7, STM32MP135FAF7, STM32MP135FAF7T, STM32MP135FAF7U, STM32MP135FAG7, STM32MP231AAJ3, STM32MP231AAK3, STM32MP231AAL3, STM32MP231CAJ3, STM32MP231CAK3, STM32MP231CAL3, STM32MP231DAJ3, STM32MP231DAK3, STM32MP231DAL3, STM32MP231FAJ3, STM32MP231FAK3, STM32MP231FAL3, STM32MP233AAJ3, STM32MP233AAK3, STM32MP233AAL3, STM32MP233CAJ3, STM32MP233CAK3, STM32MP233CAL3, STM32MP233DAJ3, STM32MP233DAK3, STM32MP233DAL3, STM32MP233FAJ3, STM32MP233FAK3, STM32MP233FAL3, STM32MP235AAJ3, STM32MP235AAK3, STM32MP235AAL3, STM32MP235CAJ3, STM32MP235CAK3, STM32MP235CAL3, STM32MP235DAJ3, STM32MP235DAK3, STM32MP235DAL3, STM32MP235FAJ3, STM32MP235FAK3, STM32MP235FAL3, STM32MP251AAI3, STM32MP251AAJ3, STM32MP251AAK3, STM32MP251AAL3, STM32MP251CAI3, STM32MP251CAJ3, STM32MP251CAK3, STM32MP251CAL3, STM32MP251DAI3, STM32MP251DAJ3, STM32MP251DAK3, STM32MP251DAL3, STM32MP251FAI3, STM32MP251FAJ3, STM32MP251FAK3, STM32MP251FAL3, STM32MP253AAI3, STM32MP253AAJ3, STM32MP253AAK3, STM32MP253AAL3, STM32MP253CAI3, STM32MP253CAJ3, STM32MP253CAK3, STM32MP253CAL3, STM32MP253DAI3, STM32MP253DAJ3, STM32MP253DAK3, STM32MP253DAL3, STM32MP253FAI3, STM32MP253FAJ3, STM32MP253FAK3, STM32MP253FAL3, STM32MP255AAI3, STM32MP255AAJ3, STM32MP255AAK3, STM32MP255AAL3, STM32MP255CAI3, STM32MP255CAJ3, STM32MP255CAK3, STM32MP255CAL3, STM32MP255DAI3, STM32MP255DAJ3, STM32MP255DAK3, STM32MP255DAL3, STM32MP255FAI3, STM32MP255FAJ3, STM32MP255FAK3, STM32MP255FAL3, STM32MP257AAI3, STM32MP257AAJ3, STM32MP257AAK3, STM32MP257AAL3, STM32MP257CAI3, STM32MP257CAJ3, STM32MP257CAK3, STM32MP257CAL3, STM32MP257DAI3, STM32MP257DAJ3, STM32MP257DAK3, STM32MP257DAL3, STM32MP257F-DK, STM32MP257F-EV1, STM32MP257FAI3, STM32MP257FAJ3, STM32MP257FAK3, STM32MP257FAL3, STM32N645A0H3Q, STM32N645B0H3Q, STM32N645I0H3Q, STM32N645L0H3Q, STM32N645X0H3Q, STM32N645Z0H3Q, STM32N647A0H3Q, STM32N647B0H3Q, STM32N647I0H3Q, STM32N647L0H3Q, STM32N647X0H3Q, STM32N647Z0H3Q, STM32N655A0H3Q, STM32N655B0H3Q, STM32N655I0H3Q, STM32N655L0H3Q, STM32N655X0H3Q, STM32N655Z0H3Q, STM32N6570-DK, STM32N657A0H3Q, STM32N657B0H3Q, STM32N657I0H3Q, STM32N657L0H3Q, STM32N657X0H3Q, STM32N657Z0H3Q, STM32U031C6T6, STM32U031C6U6, STM32U031C8T6, STM32U031C8U6, STM32U031F4P6, STM32U031F6P6, STM32U031F8P6, STM32U031G6Y6TR, STM32U031G8Y6TR, STM32U031K4U6, STM32U031K6U6, STM32U031K8U6, STM32U031R6I6, STM32U031R6T6, STM32U031R8I6, STM32U031R8T6, STM32U073C8T6, STM32U073C8U6, STM32U073CBT6, STM32U073CBU6, STM32U073CCT6, STM32U073CCU6, STM32U073H8Y6TR, STM32U073HBY6TR, STM32U073HCY6TR, STM32U073K8U6, STM32U073KBU6, STM32U073KCU6, STM32U073M8I6, STM32U073M8T6, STM32U073MBI6, STM32U073MBT6, STM32U073MCI6, STM32U073MCT6, STM32U073R8I6, STM32U073R8T6, STM32U073RBI6, STM32U073RBT6, STM32U073RCI6, STM32U073RCT6, STM32U083C-DK, STM32U083CCT6, STM32U083CCU6, STM32U083HCY6TR, STM32U083KCU6, STM32U083MCI6, STM32U083MCT6, STM32U083RCI6, STM32U083RCT6, STM32U375CET6, STM32U375CET6Q, STM32U375CEU6, STM32U375CEU6Q, STM32U375CEY6QTR, STM32U375CGT6, STM32U375CGT6Q, STM32U375CGU6, STM32U375CGU6Q, STM32U375CGY6QTR, STM32U375KEU6, STM32U375KGU6, STM32U375REI6, STM32U375REI6Q, STM32U375RET6, STM32U375RET6Q, STM32U375REY6GTR, STM32U375REY6QTR, STM32U375RGI6, STM32U375RGI6Q, STM32U375RGT6, STM32U375RGT6Q, STM32U375RGY6GTR, STM32U375RGY6QTR, STM32U375VEI6, STM32U375VEI6Q, STM32U375VET6, STM32U375VET6Q, STM32U375VGI6, STM32U375VGI6Q, STM32U375VGT6, STM32U375VGT6Q, STM32U385CGT6, STM32U385CGT6Q, STM32U385CGU6, STM32U385CGU6Q, STM32U385CGY6QTR, STM32U385KGU6, STM32U385RGI6, STM32U385RGI6Q, STM32U385RGT6, STM32U385RGT6Q, STM32U385RGY6GTR, STM32U385RGY6QTR, STM32U385VGI6, STM32U385VGI6Q, STM32U385VGT6, STM32U385VGT6Q, STM32U535CBT6, STM32U535CBT6Q, STM32U535CBU6, STM32U535CBU6Q, STM32U535CCT6, STM32U535CCT6Q, STM32U535CCU6, STM32U535CCU6Q, STM32U535CET6, STM32U535CET6Q, STM32U535CEU6, STM32U535CEU6Q, STM32U535JEY6QTR, STM32U535NCY6QTR, STM32U535NEY6QTR, STM32U535RBI6, STM32U535RBI6Q, STM32U535RBT6, STM32U535RBT6Q, STM32U535RCI6, STM32U535RCI6Q, STM32U535RCT6, STM32U535RCT6Q, STM32U535REI6, STM32U535REI6Q, STM32U535RET6, STM32U535RET6Q, STM32U535VCI6, STM32U535VCI6Q, STM32U535VCT6, STM32U535VCT6Q, STM32U535VEI6, STM32U535VEI6Q, STM32U535VET6, STM32U535VET6Q, STM32U545CET6, STM32U545CET6Q, STM32U545CEU6, STM32U545CEU6Q, STM32U545JEY6QTR, STM32U545NEY6QTR, STM32U545REI6, STM32U545REI6Q, STM32U545RET6, STM32U545RET6Q, STM32U545VEI6, STM32U545VEI6Q, STM32U545VET6, STM32U545VET6Q, STM32U595AIH6, STM32U595AIH6Q, STM32U595AJH6, STM32U595AJH6Q, STM32U595QII6, STM32U595QII6Q, STM32U595QJI6, STM32U595QJI6Q, STM32U595RIT6, STM32U595RIT6Q, STM32U595RJT6, STM32U595RJT6Q, STM32U595VIT6, STM32U595VIT6Q, STM32U595VJT6, STM32U595VJT6Q, STM32U595ZIT6, STM32U595ZIT6Q, STM32U595ZIY6QTR, STM32U595ZJT6, STM32U595ZJT6Q, STM32U595ZJY6QTR, STM32U599BJY6QTR, STM32U599NIH6Q, STM32U599NJH6Q, STM32U599VIT6Q, STM32U599VJT6, STM32U599VJT6Q, STM32U599ZIT6Q, STM32U599ZIY6QTR, STM32U599ZJT6Q, STM32U599ZJY6QTR, STM32U5A5AJH6, STM32U5A5AJH6Q, STM32U5A5QII3Q , STM32U5A5QJI6, STM32U5A5QJI6Q, STM32U5A5RJT6, STM32U5A5RJT6Q, STM32U5A5VJT6, STM32U5A5VJT6Q, STM32U5A5ZJT6, STM32U5A5ZJT6Q, STM32U5A5ZJY6QTR, STM32U5A9BJY6QTR, STM32U5A9J-DK, STM32U5A9NJH6Q, STM32U5A9VJT6Q, STM32U5A9ZJT6Q, STM32U5A9ZJY6QTR, STM32U5F7VIT6, STM32U5F7VIT6Q, STM32U5F7VJT6, STM32U5F7VJT6Q, STM32U5F9BJY6QTR, STM32U5F9NJH6Q, STM32U5F9VIT6Q, STM32U5F9VJT6Q, STM32U5F9ZIJ6QTR, STM32U5F9ZIT6Q, STM32U5F9ZJJ6QTR, STM32U5F9ZJT6Q, STM32U5G7VJT6, STM32U5G7VJT6Q, STM32U5G9BJY6QTR, STM32U5G9J-DK1, STM32U5G9J-DK2, STM32U5G9NJH6Q, STM32U5G9VJT6Q, STM32U5G9ZJJ6QTR, STM32U5G9ZJT6Q, STM32WB05KZV6TR, STM32WB05KZV7TR, STM32WB05TZF6TR, STM32WB05TZF7TR, STM32WB06CCF6TR, STM32WB06CCF7TR, STM32WB06CCV6TR, STM32WB06CCV7TR, STM32WB06KCV6TR, STM32WB06KCV7TR, STM32WB07CCF6TR, STM32WB07CCF7TR, STM32WB07CCV6TR, STM32WB07CCV7TR, STM32WB07KCV6TR, STM32WB07KCV7TR, STM32WB09KEV6TR, STM32WB09KEV7TR, STM32WB09TEF6TR, STM32WB09TEF7TR, STM32WB1MMCH6, STM32WBA50KGU6, STM32WBA50KGU6TR, STM32WBA52CEU6, STM32WBA52CEU6TR, STM32WBA52CEU7, STM32WBA52CEU7TR, STM32WBA52CGU6, STM32WBA52CGU6TR, STM32WBA52CGU6U, STM32WBA52CGU7, STM32WBA52CGU7TR, STM32WBA52KEU6, STM32WBA52KEU6TR, STM32WBA52KGU6, STM32WBA52KGU6TR, STM32WBA54CEU6, STM32WBA54CEU6TR, STM32WBA54CEU7, STM32WBA54CEU7TR, STM32WBA54CGU6, STM32WBA54CGU6TR, STM32WBA54CGU7, STM32WBA54CGU7TR, STM32WBA54KEU6, STM32WBA54KEU6TR, STM32WBA54KEU7, STM32WBA54KEU7TR, STM32WBA54KGU6, STM32WBA54KGU6TR, STM32WBA54KGU7, STM32WBA54KGU7TR, STM32WBA55CEU6, STM32WBA55CEU6TR, STM32WBA55CEU7, STM32WBA55CEU7TR, STM32WBA55CGU6, STM32WBA55CGU6TR, STM32WBA55CGU6U, STM32WBA55CGU7, STM32WBA55CGU7TR, STM32WBA55G-DK1, STM32WBA55HEF6, STM32WBA55HEF7, STM32WBA55HGF6, STM32WBA55HGF7, STM32WBA55UEI6, STM32WBA55UEI6TR, STM32WBA55UEI7, STM32WBA55UEI7TR, STM32WBA55UGI6, STM32WBA55UGI6TR, STM32WBA55UGI7, STM32WBA55UGI7TR, STM32WBA5MJGH6TR, STM32WBA5MJGH6U, STM32WL33C8V6, STM32WL33C8V6TR, STM32WL33C8V7, STM32WL33C8V7TR, STM32WL33CBV6, STM32WL33CBV6TR, STM32WL33CBV7, STM32WL33CBV7TR, STM32WL33CCV6, STM32WL33CCV6TR, STM32WL33CCV7, STM32WL33CCV7A, STM32WL33CCV7ATR, STM32WL33CCV7TR, STM32WL33K8V6, STM32WL33K8V6TR, STM32WL33K8V7, STM32WL33K8V7TR, STM32WL33KBV6, STM32WL33KBV6TR, STM32WL33KBV7, STM32WL33KBV7TR, STM32WL33KCV6, STM32WL33KCV6TR, STM32WL33KCV7, STM32WL33KCV7TR, STM32WL5MOCH6, STM32WL5MOCH6TR]
2025-05-27 18:02:51,381 [INFO] ApiDb:668 - CubeFinder database Data Model version=2.1
2025-05-27 18:02:51,382 [INFO] ApiDb:669 - CubeFinder database Configuration version=3.0.39
2025-05-27 18:02:51,382 [INFO] ApiDb:670 - CubeFinder database generation date=2025-02-18 (1739885696)
2025-05-27 18:02:51,382 [INFO] ApiDb:671 - CubeFinder database FW Pack versions=[FP-ATR-ASTRA1_V2.0.0, FP-SNS-FLIGHT1_V5.0.2, FP-SNS-MOTENV1_V5.0.0, FP-SNS-MOTENVWB1_V1.4.0, FP-SNS-SMARTAG2_V1.2.0, FP-SNS-STBOX1_V2.0.0, STM32Cube_FW_C0_V1.4.0, STM32Cube_FW_F4_V1.28.1, STM32Cube_FW_F7_V1.17.2, STM32Cube_FW_G0_V1.6.2, STM32Cube_FW_G4_V1.6.1, STM32Cube_FW_H5_V1.5.0, STM32Cube_FW_H7RS_V1.2.0, STM32Cube_FW_H7_V1.12.1, STM32Cube_FW_L0_V1.12.2, STM32Cube_FW_L4_V1.18.1, STM32Cube_FW_L5_V1.5.1, STM32Cube_FW_N6_V1.1.0, STM32Cube_FW_U0_V1.2.0, STM32Cube_FW_U3_V1.1.0, STM32Cube_FW_U5_V1.7.0, STM32Cube_FW_WB0_V1.2.0, STM32Cube_FW_WBA_V1.6.0, STM32Cube_FW_WB_V1.22.0, STM32Cube_FW_WL3_V1.1.0, STM32Cube_FW_WL_V1.3.1, X-CUBE-ALGOBUILD_V1.4.0, X-CUBE-ALS_V1.0.2, X-CUBE-AZRTOS-F4_V1.1.0, X-CUBE-AZRTOS-F7_V1.1.0, X-CUBE-AZRTOS-G0_V1.1.0, X-CUBE-AZRTOS-G4_V2.0.0, X-CUBE-AZRTOS-H7RS_V1.0.0, X-CUBE-AZRTOS-H7_V3.3.0, X-CUBE-AZRTOS-L4_V2.0.0, X-CUBE-AZRTOS-L5_V2.0.0, X-CUBE-AZRTOS-WB_V2.0.0, X-CUBE-AZRTOS-WL_V2.0.0, X-CUBE-BLE1_V7.0.0, X-CUBE-BLE2_V3.3.0, X-CUBE-BLEMGR_V4.0.0, X-CUBE-EEPRMA1_V5.1.0, X-CUBE-FREERTOS_V1.3.0, X-CUBE-GNSS1_V6.0.0, X-CUBE-MEMS1_V11.1.0, X-CUBE-NFC4_V3.0.0, X-CUBE-NFC7_V1.0.1, X-CUBE-SFXS2LP1_V4.0.0, X-CUBE-SUBG2_V5.0.0, X-CUBE-TOF1_V3.4.2]
2025-05-27 18:02:54,711 [INFO] ApiDb:240 - Found 858 in-development CPN: [B-G473E-ZEST1S, B-WB1M-WPAN1, B-WBA5M-WPAN, B-WL5M-SUBG1, NUCLEO-C031C6, NUCLEO-C051C8, NUCLEO-C071RB, NUCLEO-C092RC, NUCLEO-H503RB, NUCLEO-H533RE, NUCLEO-H563ZI, NUCLEO-H7S3L8, NUCLEO-N657X0-Q, NUCLEO-U031R8, NUCLEO-U083RC, NUCLEO-U385RG-Q, NUCLEO-U545RE-Q, NUCLEO-U5A5ZJ-Q, NUCLEO-WB05KZ, NUCLEO-WB07CC, NUCLEO-WB09KE, NUCLEO-WBA52CG, NUCLEO-WBA55CG, NUCLEO-WL33CC1, NUCLEO-WL33CC2, STEVAL-PROTEUS1, STEVAL-SMARTAG2, STEVAL-STWINBX1, STM320518-EVAL, STM32C0116-DK, STM32C011D6Y3TR, STM32C011D6Y6TR, STM32C011F4P3, STM32C011F4P6, STM32C011F4U3, STM32C011F4U6TR, STM32C011F6P3, STM32C011F6P6, STM32C011F6U3, STM32C011F6U6TR, STM32C011J4M3, STM32C011J4M6, STM32C011J6M3, STM32C011J6M6, STM32C0316-DK, STM32C031C4T3, STM32C031C4T6, STM32C031C4U3, STM32C031C4U6, STM32C031C6T3, STM32C031C6T6, STM32C031C6U3, STM32C031C6U6, STM32C031F4P3, STM32C031F4P6, STM32C031F6P3, STM32C031F6P6, STM32C031G4U3, STM32C031G4U6, STM32C031G6U3, STM32C031G6U6, STM32C031K4T3, STM32C031K4T6, STM32C031K4U3, STM32C031K4U6, STM32C031K6T3, STM32C031K6T6, STM32C031K6U3, STM32C031K6U6, STM32C051C6T6, STM32C051C6U6, STM32C051C8T6, STM32C051C8U6, STM32C051D8Y6TR, STM32C051F6P6, STM32C051F8P6, STM32C051G6U6, STM32C051G8U6, STM32C051K6T6, STM32C051K6U6, STM32C051K8T6, STM32C071C8T6, STM32C071C8T6N, STM32C071C8U6, STM32C071C8U6N, STM32C071CBT6, STM32C071CBT6N, STM32C071CBU6, STM32C071CBU6N, STM32C071F8P6, STM32C071F8P6N, STM32C071FBP6, STM32C071FBP6N, STM32C071FBY6TR, STM32C071G8U6, STM32C071G8U6N, STM32C071GBU6, STM32C071GBU6N, STM32C071K8T6, STM32C071K8T6N, STM32C071K8U6, STM32C071K8U6N, STM32C071KBT6, STM32C071KBT6N, STM32C071KBU6, STM32C071KBU6N, STM32C071R8T6, STM32C071R8T6N, STM32C071RBI6N, STM32C071RBT6, STM32C071RBT6N, STM32C091CBT6, STM32C091CBU6, STM32C091CCT6, STM32C091CCU6, STM32C091ECY6TR, STM32C091FBP6, STM32C091FCP6, STM32C091GBU6, STM32C091GCU6, STM32C091KBT6, STM32C091KBU6, STM32C091KCT6, STM32C091KCU6, STM32C091RBT6, STM32C091RCI6, STM32C091RCT6, STM32C092CBT6, STM32C092CBU6, STM32C092CCT6, STM32C092CCU6, STM32C092ECY6TR, STM32C092FBP6, STM32C092FCP6, STM32C092GBU6, STM32C092GCU6, STM32C092KBT6, STM32C092KBU6, STM32C092KCT6, STM32C092KCU6, STM32C092RBT6, STM32C092RCI6, STM32C092RCT6, STM32G071K8TXN, STM32G071K8UXN, STM32G081GBU6N, STM32G081KBT6N, STM32G081KBUXN, STM32G0B1CCT6N, STM32G0B1KCT6, STM32G0B1NEY6TR, STM32G0B1RCT6N, STM32G0C1CCT6, STM32G0C1CCT6N, STM32G0C1CCU6N, STM32G0C1CET6N, STM32G0C1CEU6N, STM32G0C1KCT6, STM32G0C1NEY6TR, STM32G0C1RCI6N, STM32G0C1RCT6N, STM32G0C1REI6N, STM32G0C1RET6N, STM32G0C1VCI6, STM32G0C1VEI6, STM32G411C6T3, STM32G411C6T6, STM32G411C6U3, STM32G411C6U6, STM32G411C8T3, STM32G411C8T6, STM32G411C8U3, STM32G411C8U6, STM32G411CBT3, STM32G411CBT6, STM32G411CBU3, STM32G411CBU6, STM32G411CCT3, STM32G411CCT6, STM32G411CCU3, STM32G411CCU6, STM32G411K6T3, STM32G411K6T6, STM32G411K6U3, STM32G411K6U6, STM32G411K8T3, STM32G411K8T6, STM32G411K8U3, STM32G411K8U6, STM32G411KBT3, STM32G411KBT6, STM32G411KBU3, STM32G411KBU6, STM32G411M6T3, STM32G411M6T6, STM32G411M8T3, STM32G411M8T6, STM32G411MBT3, STM32G411MBT6, STM32G411MCT3, STM32G411MCT6, STM32G411R6T3, STM32G411R6T6, STM32G411R8T3, STM32G411R8T6, STM32G411RBT3, STM32G411RBT6, STM32G411RCT3, STM32G411RCT6, STM32G414CBT3, STM32G414CBT6, STM32G414CBU3, STM32G414CBU6, STM32G414CCT3, STM32G414CCT6, STM32G414CCU3, STM32G414CCU6, STM32G414MBT3, STM32G414MBT6, STM32G414MCT3, STM32G414MCT6, STM32G414RBT3, STM32G414RBT6, STM32G414RCT3, STM32G414RCT6, STM32G414VBT3, STM32G414VBT6, STM32G414VCT3, STM32G414VCT6, STM32G431CBT3Z, STM32G431RBT3Z, STM32G471CCT6, STM32G471CCU6, STM32G471CET3, STM32G471CET6, STM32G471CEU3, STM32G471CEU6, STM32G471MCT6, STM32G471MET3, STM32G471MET6, STM32G471MEY6TR, STM32G471QCT6, STM32G471QET3, STM32G471RCT6, STM32G471RET3, STM32G471RET6, STM32G471VCH6, STM32G471VCI6, STM32G471VCT6, STM32G471VEH3, STM32G471VEH6, STM32G471VEI3, STM32G471VEI6, STM32G471VET3, STM32G471VET6, STM32G473QET3Z, STM32G473RET3Z, STM32G474CCT6, STM32G491RET3Z, STM32H503CBT6, STM32H503CBU6, STM32H503EBY6TR, STM32H503KBU6, STM32H503RBT6, STM32H523CCT6, STM32H523CCU6, STM32H523CET6, STM32H523CEU6, STM32H523HEY6TR, STM32H523RCT6, STM32H523RET6, STM32H523VCI6, STM32H523VCT6, STM32H523VEI6, STM32H523VET6, STM32H523ZCJ6, STM32H523ZCT6, STM32H523ZEJ6, STM32H523ZET6, STM32H533CET6, STM32H533CEU6, STM32H533HEY6TR, STM32H533RET6, STM32H533VEI6, STM32H533VET6, STM32H533ZEJ6, STM32H533ZET6, STM32H562AGI6, STM32H562AII6, STM32H562IGK6, STM32H562IGT6, STM32H562IIK6, STM32H562IIT6, STM32H562RGT6, STM32H562RGV6, STM32H562RIT6, STM32H562RIV6, STM32H562VGT6, STM32H562VIT6, STM32H562ZGT6, STM32H562ZIT6, STM32H563AGI6, STM32H563AII3Q, STM32H563AII6, STM32H563IGK6, STM32H563IGT6, STM32H563IIK3Q, STM32H563IIK6, STM32H563IIT3Q, STM32H563IIT6, STM32H563MIY3QTR, STM32H563RGT6, STM32H563RGV6, STM32H563RIT6, STM32H563RIV6, STM32H563VGT6, STM32H563VIT3Q, STM32H563VIT6, STM32H563ZGT6, STM32H563ZIT3Q, STM32H563ZIT6, STM32H573AII3Q, STM32H573AII6, STM32H573I-DK, STM32H573IIK3Q, STM32H573IIK6, STM32H573IIT3Q, STM32H573IIT6, STM32H573MIY3QTR, STM32H573RIT6, STM32H573RIV6, STM32H573VIT3Q, STM32H573VIT6, STM32H573ZIT3Q, STM32H573ZIT6, STM32H7R3A8I6, STM32H7R3I8K6, STM32H7R3I8T6, STM32H7R3L8H6, STM32H7R3L8H6H, STM32H7R3R8V6, STM32H7R3V8H6, STM32H7R3V8T6, STM32H7R3V8Y6TR, STM32H7R3Z8J6, STM32H7R3Z8T6, STM32H7R7A8I6, STM32H7R7I8K6, STM32H7R7I8T6, STM32H7R7L8H6, STM32H7R7L8H6H, STM32H7R7Z8J6, STM32H7S3A8I6, STM32H7S3I8K6, STM32H7S3I8T6, STM32H7S3L8H6, STM32H7S3L8H6H, STM32H7S3R8V6, STM32H7S3V8H6, STM32H7S3V8T6, STM32H7S3V8Y6TR, STM32H7S3Z8J6, STM32H7S3Z8T6, STM32H7S78-DK, STM32H7S7A8I6, STM32H7S7I8K6, STM32H7S7I8T6, STM32H7S7L8H6, STM32H7S7L8H6H, STM32H7S7Z8J6, STM32L4R5QGI6STR, STM32MP131AAE3, STM32MP131AAF3, STM32MP131AAG3, STM32MP131CAE3, STM32MP131CAF3, STM32MP131CAG3, STM32MP131DAE7, STM32MP131DAF7, STM32MP131DAG7, STM32MP131FAE7, STM32MP131FAF7, STM32MP131FAG7, STM32MP133AAE3, STM32MP133AAF3, STM32MP133AAG3, STM32MP133CAE3, STM32MP133CAF3, STM32MP133CAG3, STM32MP133DAE7, STM32MP133DAF7, STM32MP133DAG7, STM32MP133FAE7, STM32MP133FAF7, STM32MP133FAG7, STM32MP135AAE3, STM32MP135AAF3, STM32MP135AAG3, STM32MP135CAE3, STM32MP135CAF3, STM32MP135CAG3, STM32MP135DAE7, STM32MP135DAF7, STM32MP135DAG7, STM32MP135F-DK, STM32MP135FAE7, STM32MP135FAF7, STM32MP135FAF7T, STM32MP135FAF7U, STM32MP135FAG7, STM32MP231AAJ3, STM32MP231AAK3, STM32MP231AAL3, STM32MP231CAJ3, STM32MP231CAK3, STM32MP231CAL3, STM32MP231DAJ3, STM32MP231DAK3, STM32MP231DAL3, STM32MP231FAJ3, STM32MP231FAK3, STM32MP231FAL3, STM32MP233AAJ3, STM32MP233AAK3, STM32MP233AAL3, STM32MP233CAJ3, STM32MP233CAK3, STM32MP233CAL3, STM32MP233DAJ3, STM32MP233DAK3, STM32MP233DAL3, STM32MP233FAJ3, STM32MP233FAK3, STM32MP233FAL3, STM32MP235AAJ3, STM32MP235AAK3, STM32MP235AAL3, STM32MP235CAJ3, STM32MP235CAK3, STM32MP235CAL3, STM32MP235DAJ3, STM32MP235DAK3, STM32MP235DAL3, STM32MP235FAJ3, STM32MP235FAK3, STM32MP235FAL3, STM32MP251AAI3, STM32MP251AAJ3, STM32MP251AAK3, STM32MP251AAL3, STM32MP251CAI3, STM32MP251CAJ3, STM32MP251CAK3, STM32MP251CAL3, STM32MP251DAI3, STM32MP251DAJ3, STM32MP251DAK3, STM32MP251DAL3, STM32MP251FAI3, STM32MP251FAJ3, STM32MP251FAK3, STM32MP251FAL3, STM32MP253AAI3, STM32MP253AAJ3, STM32MP253AAK3, STM32MP253AAL3, STM32MP253CAI3, STM32MP253CAJ3, STM32MP253CAK3, STM32MP253CAL3, STM32MP253DAI3, STM32MP253DAJ3, STM32MP253DAK3, STM32MP253DAL3, STM32MP253FAI3, STM32MP253FAJ3, STM32MP253FAK3, STM32MP253FAL3, STM32MP255AAI3, STM32MP255AAJ3, STM32MP255AAK3, STM32MP255AAL3, STM32MP255CAI3, STM32MP255CAJ3, STM32MP255CAK3, STM32MP255CAL3, STM32MP255DAI3, STM32MP255DAJ3, STM32MP255DAK3, STM32MP255DAL3, STM32MP255FAI3, STM32MP255FAJ3, STM32MP255FAK3, STM32MP255FAL3, STM32MP257AAI3, STM32MP257AAJ3, STM32MP257AAK3, STM32MP257AAL3, STM32MP257CAI3, STM32MP257CAJ3, STM32MP257CAK3, STM32MP257CAL3, STM32MP257DAI3, STM32MP257DAJ3, STM32MP257DAK3, STM32MP257DAL3, STM32MP257F-DK, STM32MP257F-EV1, STM32MP257FAI3, STM32MP257FAJ3, STM32MP257FAK3, STM32MP257FAL3, STM32N645A0H3Q, STM32N645B0H3Q, STM32N645I0H3Q, STM32N645L0H3Q, STM32N645X0H3Q, STM32N645Z0H3Q, STM32N647A0H3Q, STM32N647B0H3Q, STM32N647I0H3Q, STM32N647L0H3Q, STM32N647X0H3Q, STM32N647Z0H3Q, STM32N655A0H3Q, STM32N655B0H3Q, STM32N655I0H3Q, STM32N655L0H3Q, STM32N655X0H3Q, STM32N655Z0H3Q, STM32N6570-DK, STM32N657A0H3Q, STM32N657B0H3Q, STM32N657I0H3Q, STM32N657L0H3Q, STM32N657X0H3Q, STM32N657Z0H3Q, STM32U031C6T6, STM32U031C6U6, STM32U031C8T6, STM32U031C8U6, STM32U031F4P6, STM32U031F6P6, STM32U031F8P6, STM32U031G6Y6TR, STM32U031G8Y6TR, STM32U031K4U6, STM32U031K6U6, STM32U031K8U6, STM32U031R6I6, STM32U031R6T6, STM32U031R8I6, STM32U031R8T6, STM32U073C8T6, STM32U073C8U6, STM32U073CBT6, STM32U073CBU6, STM32U073CCT6, STM32U073CCU6, STM32U073H8Y6TR, STM32U073HBY6TR, STM32U073HCY6TR, STM32U073K8U6, STM32U073KBU6, STM32U073KCU6, STM32U073M8I6, STM32U073M8T6, STM32U073MBI6, STM32U073MBT6, STM32U073MCI6, STM32U073MCT6, STM32U073R8I6, STM32U073R8T6, STM32U073RBI6, STM32U073RBT6, STM32U073RCI6, STM32U073RCT6, STM32U083C-DK, STM32U083CCT6, STM32U083CCU6, STM32U083HCY6TR, STM32U083KCU6, STM32U083MCI6, STM32U083MCT6, STM32U083RCI6, STM32U083RCT6, STM32U375CET6, STM32U375CET6Q, STM32U375CEU6, STM32U375CEU6Q, STM32U375CEY6QTR, STM32U375CGT6, STM32U375CGT6Q, STM32U375CGU6, STM32U375CGU6Q, STM32U375CGY6QTR, STM32U375KEU6, STM32U375KGU6, STM32U375REI6, STM32U375REI6Q, STM32U375RET6, STM32U375RET6Q, STM32U375REY6GTR, STM32U375REY6QTR, STM32U375RGI6, STM32U375RGI6Q, STM32U375RGT6, STM32U375RGT6Q, STM32U375RGY6GTR, STM32U375RGY6QTR, STM32U375VEI6, STM32U375VEI6Q, STM32U375VET6, STM32U375VET6Q, STM32U375VGI6, STM32U375VGI6Q, STM32U375VGT6, STM32U375VGT6Q, STM32U385CGT6, STM32U385CGT6Q, STM32U385CGU6, STM32U385CGU6Q, STM32U385CGY6QTR, STM32U385KGU6, STM32U385RGI6, STM32U385RGI6Q, STM32U385RGT6, STM32U385RGT6Q, STM32U385RGY6GTR, STM32U385RGY6QTR, STM32U385VGI6, STM32U385VGI6Q, STM32U385VGT6, STM32U385VGT6Q, STM32U535CBT6, STM32U535CBT6Q, STM32U535CBU6, STM32U535CBU6Q, STM32U535CCT6, STM32U535CCT6Q, STM32U535CCU6, STM32U535CCU6Q, STM32U535CET6, STM32U535CET6Q, STM32U535CEU6, STM32U535CEU6Q, STM32U535JEY6QTR, STM32U535NCY6QTR, STM32U535NEY6QTR, STM32U535RBI6, STM32U535RBI6Q, STM32U535RBT6, STM32U535RBT6Q, STM32U535RCI6, STM32U535RCI6Q, STM32U535RCT6, STM32U535RCT6Q, STM32U535REI6, STM32U535REI6Q, STM32U535RET6, STM32U535RET6Q, STM32U535VCI6, STM32U535VCI6Q, STM32U535VCT6, STM32U535VCT6Q, STM32U535VEI6, STM32U535VEI6Q, STM32U535VET6, STM32U535VET6Q, STM32U545CET6, STM32U545CET6Q, STM32U545CEU6, STM32U545CEU6Q, STM32U545JEY6QTR, STM32U545NEY6QTR, STM32U545REI6, STM32U545REI6Q, STM32U545RET6, STM32U545RET6Q, STM32U545VEI6, STM32U545VEI6Q, STM32U545VET6, STM32U545VET6Q, STM32U595AIH6, STM32U595AIH6Q, STM32U595AJH6, STM32U595AJH6Q, STM32U595QII6, STM32U595QII6Q, STM32U595QJI6, STM32U595QJI6Q, STM32U595RIT6, STM32U595RIT6Q, STM32U595RJT6, STM32U595RJT6Q, STM32U595VIT6, STM32U595VIT6Q, STM32U595VJT6, STM32U595VJT6Q, STM32U595ZIT6, STM32U595ZIT6Q, STM32U595ZIY6QTR, STM32U595ZJT6, STM32U595ZJT6Q, STM32U595ZJY6QTR, STM32U599BJY6QTR, STM32U599NIH6Q, STM32U599NJH6Q, STM32U599VIT6Q, STM32U599VJT6, STM32U599VJT6Q, STM32U599ZIT6Q, STM32U599ZIY6QTR, STM32U599ZJT6Q, STM32U599ZJY6QTR, STM32U5A5AJH6, STM32U5A5AJH6Q, STM32U5A5QII3Q , STM32U5A5QJI6, STM32U5A5QJI6Q, STM32U5A5RJT6, STM32U5A5RJT6Q, STM32U5A5VJT6, STM32U5A5VJT6Q, STM32U5A5ZJT6, STM32U5A5ZJT6Q, STM32U5A5ZJY6QTR, STM32U5A9BJY6QTR, STM32U5A9J-DK, STM32U5A9NJH6Q, STM32U5A9VJT6Q, STM32U5A9ZJT6Q, STM32U5A9ZJY6QTR, STM32U5F7VIT6, STM32U5F7VIT6Q, STM32U5F7VJT6, STM32U5F7VJT6Q, STM32U5F9BJY6QTR, STM32U5F9NJH6Q, STM32U5F9VIT6Q, STM32U5F9VJT6Q, STM32U5F9ZIJ6QTR, STM32U5F9ZIT6Q, STM32U5F9ZJJ6QTR, STM32U5F9ZJT6Q, STM32U5G7VJT6, STM32U5G7VJT6Q, STM32U5G9BJY6QTR, STM32U5G9J-DK1, STM32U5G9J-DK2, STM32U5G9NJH6Q, STM32U5G9VJT6Q, STM32U5G9ZJJ6QTR, STM32U5G9ZJT6Q, STM32WB05KZV6TR, STM32WB05KZV7TR, STM32WB05TZF6TR, STM32WB05TZF7TR, STM32WB06CCF6TR, STM32WB06CCF7TR, STM32WB06CCV6TR, STM32WB06CCV7TR, STM32WB06KCV6TR, STM32WB06KCV7TR, STM32WB07CCF6TR, STM32WB07CCF7TR, STM32WB07CCV6TR, STM32WB07CCV7TR, STM32WB07KCV6TR, STM32WB07KCV7TR, STM32WB09KEV6TR, STM32WB09KEV7TR, STM32WB09TEF6TR, STM32WB09TEF7TR, STM32WB1MMCH6, STM32WBA50KGU6, STM32WBA50KGU6TR, STM32WBA52CEU6, STM32WBA52CEU6TR, STM32WBA52CEU7, STM32WBA52CEU7TR, STM32WBA52CGU6, STM32WBA52CGU6TR, STM32WBA52CGU6U, STM32WBA52CGU7, STM32WBA52CGU7TR, STM32WBA52KEU6, STM32WBA52KEU6TR, STM32WBA52KGU6, STM32WBA52KGU6TR, STM32WBA54CEU6, STM32WBA54CEU6TR, STM32WBA54CEU7, STM32WBA54CEU7TR, STM32WBA54CGU6, STM32WBA54CGU6TR, STM32WBA54CGU7, STM32WBA54CGU7TR, STM32WBA54KEU6, STM32WBA54KEU6TR, STM32WBA54KEU7, STM32WBA54KEU7TR, STM32WBA54KGU6, STM32WBA54KGU6TR, STM32WBA54KGU7, STM32WBA54KGU7TR, STM32WBA55CEU6, STM32WBA55CEU6TR, STM32WBA55CEU7, STM32WBA55CEU7TR, STM32WBA55CGU6, STM32WBA55CGU6TR, STM32WBA55CGU6U, STM32WBA55CGU7, STM32WBA55CGU7TR, STM32WBA55G-DK1, STM32WBA55HEF6, STM32WBA55HEF7, STM32WBA55HGF6, STM32WBA55HGF7, STM32WBA55UEI6, STM32WBA55UEI6TR, STM32WBA55UEI7, STM32WBA55UEI7TR, STM32WBA55UGI6, STM32WBA55UGI6TR, STM32WBA55UGI7, STM32WBA55UGI7TR, STM32WBA5MJGH6TR, STM32WBA5MJGH6U, STM32WL33C8V6, STM32WL33C8V6TR, STM32WL33C8V7, STM32WL33C8V7TR, STM32WL33CBV6, STM32WL33CBV6TR, STM32WL33CBV7, STM32WL33CBV7TR, STM32WL33CCV6, STM32WL33CCV6TR, STM32WL33CCV7, STM32WL33CCV7A, STM32WL33CCV7ATR, STM32WL33CCV7TR, STM32WL33K8V6, STM32WL33K8V6TR, STM32WL33K8V7, STM32WL33K8V7TR, STM32WL33KBV6, STM32WL33KBV6TR, STM32WL33KBV7, STM32WL33KBV7TR, STM32WL33KCV6, STM32WL33KCV6TR, STM32WL33KCV7, STM32WL33KCV7TR, STM32WL5MOCH6, STM32WL5MOCH6TR]
2025-05-27 18:02:54,719 [INFO] DbMcus:218 - Found 4670 MCUs, 4670 are supported
2025-05-27 18:02:54,722 [INFO] ApiDb:423 - Load user favorites file C:\Users\thepd/.stm32cubeide/favorites.mcus.txt: 0 item(s)
2025-05-27 18:02:54,723 [INFO] ApiDb:427 - User favorites MCUs=[]
2025-05-27 18:02:54,723 [INFO] DbMcus:224 - Set 0 / 0 favorites MCUs
2025-05-27 18:02:55,780 [INFO] BoardInfo:889 - No configuration file found for board P-NUCLEO-WB55
2025-05-27 18:02:55,784 [INFO] DbBoards:161 - Kit is not supported: P-NUCLEO-WB55
2025-05-27 18:02:55,804 [INFO] BoardInfo:889 - No configuration file found for board STEVAL-BFA001V1B
2025-05-27 18:02:55,807 [INFO] DbBoards:161 - Kit is not supported: STEVAL-BFA001V1B
2025-05-27 18:02:55,810 [INFO] BoardInfo:889 - No configuration file found for board STEVAL-BFA001V2B
2025-05-27 18:02:55,812 [INFO] DbBoards:161 - Kit is not supported: STEVAL-BFA001V2B
2025-05-27 18:02:56,217 [INFO] DbBoards:168 - Found 209 boards, 206 are supported
2025-05-27 18:02:56,217 [INFO] DbBoards:169 - Found 209 boards, 42 of them is supported for  Bsp
2025-05-27 18:02:56,227 [INFO] ApiDb:423 - Load user favorites file C:\Users\thepd/.stm32cubeide/favorites.boards.txt: 0 item(s)
2025-05-27 18:02:56,227 [INFO] ApiDb:427 - User favorites Boards=[]
2025-05-27 18:02:56,228 [INFO] DbBoards:198 - Set 0 / 0 favorites Boards
2025-05-27 18:02:56,280 [INFO] UtilMem:75 - End LoadConfig() Used Memory: 238499224 Bytes (449839104)
2025-05-27 18:02:56,510 [WARN] ThirdParty:833 - waiting for thirdparty lock release [change project]
2025-05-27 18:02:56,511 [INFO] ThirdParty:835 - entering critical section [change project]
2025-05-27 18:02:56,511 [INFO] ThirdParty:1030 - CMSIS Pack Vendor :STMicroelectronics USBPD 4.1
2025-05-27 18:02:56,511 [INFO] ThirdParty:1030 - CMSIS Pack Vendor :STMicroelectronics X-CUBE-AZRTOS-H7 3.3.0
2025-05-27 18:02:56,511 [INFO] ThirdParty:1030 - CMSIS Pack Vendor :STMicroelectronics X-CUBE-NFC9 1.0.0
2025-05-27 18:02:56,511 [INFO] ThirdParty:1030 - CMSIS Pack Vendor :STMicroelectronics USB_HOST 2.0.0
2025-05-27 18:02:56,511 [INFO] ThirdParty:1030 - CMSIS Pack Vendor :STMicroelectronics FP-SNS-MOTENVWB1 1.4.0
2025-05-27 18:02:56,511 [INFO] ThirdParty:1030 - CMSIS Pack Vendor :STMicroelectronics X-CUBE-AZRTOS-F4 1.1.0
2025-05-27 18:02:56,511 [INFO] ThirdParty:1030 - CMSIS Pack Vendor :STMicroelectronics LIBJPEG 8.0.0
2025-05-27 18:02:56,511 [INFO] ThirdParty:1030 - CMSIS Pack Vendor :STMicroelectronics FP-ATR-ASTRA1 2.0.2
2025-05-27 18:02:56,512 [INFO] ThirdParty:1030 - CMSIS Pack Vendor :STMicroelectronics FP-ATR-ASTRA1 2.0.1
2025-05-27 18:02:56,512 [INFO] ThirdParty:1030 - CMSIS Pack Vendor :STMicroelectronics X-CUBE-BLE1 7.1.0
2025-05-27 18:02:56,512 [INFO] ThirdParty:1030 - CMSIS Pack Vendor :Avnet-IotConnect X-CUBE-IoTC-DA16k-PMOD 1.0.0
2025-05-27 18:02:56,512 [INFO] ThirdParty:1030 - CMSIS Pack Vendor :STMicroelectronics X-CUBE-SMBUS 2.1.0
2025-05-27 18:02:56,512 [INFO] ThirdParty:1030 - CMSIS Pack Vendor :STMicroelectronics X-CUBE-WB05N 1.1.0
2025-05-27 18:02:56,512 [INFO] ThirdParty:1030 - CMSIS Pack Vendor :STMicroelectronics USB_DEVICE 3.0.0
2025-05-27 18:02:56,512 [INFO] ThirdParty:1030 - CMSIS Pack Vendor :STMicroelectronics X-CUBE-ISPU 2.1.0
2025-05-27 18:02:56,512 [INFO] ThirdParty:1030 - CMSIS Pack Vendor :STMicroelectronics X-CUBE-AZRTOS-WB 2.0.0
2025-05-27 18:02:56,512 [INFO] ThirdParty:1030 - CMSIS Pack Vendor :STMicroelectronics X-CUBE-ST60 1.0.0
2025-05-27 18:02:56,512 [INFO] ThirdParty:1030 - CMSIS Pack Vendor :STMicroelectronics X-CUBE-GNSS1 7.0.1
2025-05-27 18:02:56,512 [INFO] ThirdParty:1030 - CMSIS Pack Vendor :STMicroelectronics X-CUBE-AZRTOS-F7 1.1.0
2025-05-27 18:02:56,512 [INFO] ThirdParty:1030 - CMSIS Pack Vendor :STMicroelectronics X-CUBE-AZRTOS-L5 2.0.0
2025-05-27 18:02:56,512 [INFO] ThirdParty:1030 - CMSIS Pack Vendor :STMicroelectronics X-CUBE-TOUCHGFX 4.25.0
2025-05-27 18:02:56,512 [INFO] ThirdParty:1030 - CMSIS Pack Vendor :STMicroelectronics USB_DEVICE 2.0.0
2025-05-27 18:02:56,512 [INFO] ThirdParty:1030 - CMSIS Pack Vendor :STMicroelectronics X-CUBE-NFC6 3.1.0
2025-05-27 18:02:56,512 [INFO] ThirdParty:1030 - CMSIS Pack Vendor :STMicroelectronics FP-SNS-STBOX1 2.0.0
2025-05-27 18:02:56,513 [INFO] ThirdParty:1030 - CMSIS Pack Vendor :STMicroelectronics X-CUBE-MEMS1 11.2.0
2025-05-27 18:02:56,513 [INFO] ThirdParty:1030 - CMSIS Pack Vendor :STMicroelectronics FreeRTOS 0.0.1
2025-05-27 18:02:56,513 [INFO] ThirdParty:1030 - CMSIS Pack Vendor :STMicroelectronics X-CUBE-AZRTOS-G0 1.1.0
2025-05-27 18:02:56,513 [INFO] ThirdParty:1030 - CMSIS Pack Vendor :STMicroelectronics X-CUBE-SAFEA1 1.2.2
2025-05-27 18:02:56,513 [INFO] ThirdParty:1030 - CMSIS Pack Vendor :STMicroelectronics X-CUBE-NFC4 3.0.0
2025-05-27 18:02:56,513 [INFO] ThirdParty:1030 - CMSIS Pack Vendor :STMicroelectronics X-CUBE-DPower 1.2.0
2025-05-27 18:02:56,513 [INFO] ThirdParty:1030 - CMSIS Pack Vendor :STMicroelectronics X-CUBE-SUBG2 5.0.0
2025-05-27 18:02:56,513 [INFO] ThirdParty:1030 - CMSIS Pack Vendor :STMicroelectronics X-CUBE-AZRTOS-H7RS 1.1.0
2025-05-27 18:02:56,513 [INFO] ThirdParty:1030 - CMSIS Pack Vendor :STMicroelectronics STM32_WPAN 1.0.0
2025-05-27 18:02:56,513 [INFO] ThirdParty:1030 - CMSIS Pack Vendor :EmbeddedOffice I-CUBE-FS-RTOS 1.0.1
2025-05-27 18:02:56,513 [INFO] ThirdParty:1030 - CMSIS Pack Vendor :STMicroelectronics lwIP 2.0.3
2025-05-27 18:02:56,513 [INFO] ThirdParty:1030 - CMSIS Pack Vendor :STMicroelectronics FP-SNS-FLIGHT1 5.0.2
2025-05-27 18:02:56,513 [INFO] ThirdParty:1030 - CMSIS Pack Vendor :Cesanta I-CUBE-Mongoose 7.13.0
2025-05-27 18:02:56,513 [INFO] ThirdParty:1030 - CMSIS Pack Vendor :STMicroelectronics USB_HOST 1.0.0
2025-05-27 18:02:56,513 [INFO] ThirdParty:1030 - CMSIS Pack Vendor :Infineon AIROC-Wi-Fi-Bluetooth-STM32 1.7.0
2025-05-27 18:02:56,513 [INFO] ThirdParty:1030 - CMSIS Pack Vendor :STMicroelectronics X-CUBE-AZRTOS-G4 2.0.0
2025-05-27 18:02:56,514 [INFO] ThirdParty:1030 - CMSIS Pack Vendor :STMicroelectronics X-CUBE-WB05N 2.0.0
2025-05-27 18:02:56,514 [INFO] ThirdParty:1030 - CMSIS Pack Vendor :STMicroelectronics PDM2PCM 3.1.0
2025-05-27 18:02:56,514 [INFO] ThirdParty:1030 - CMSIS Pack Vendor :STMicroelectronics PDM2PCM 3.3.0
2025-05-27 18:02:56,514 [INFO] ThirdParty:1030 - CMSIS Pack Vendor :STMicroelectronics X-CUBE-DISPLAY 3.0.0
2025-05-27 18:02:56,514 [INFO] ThirdParty:1030 - CMSIS Pack Vendor :STMicroelectronics X-CUBE-NFC7 2.0.0
2025-05-27 18:02:56,514 [INFO] ThirdParty:1030 - CMSIS Pack Vendor :STMicroelectronics X-CUBE-TCPP 4.2.0
2025-05-27 18:02:56,514 [INFO] ThirdParty:1030 - CMSIS Pack Vendor :RealThread X-CUBE-RT-Thread_Nano 4.1.1
2025-05-27 18:02:56,514 [INFO] ThirdParty:1030 - CMSIS Pack Vendor :STMicroelectronics X-CUBE-BLE1 7.0.0
2025-05-27 18:02:56,514 [INFO] ThirdParty:1030 - CMSIS Pack Vendor :STMicroelectronics FP-ATR-SIGFOX1 3.2.0
2025-05-27 18:02:56,514 [INFO] ThirdParty:1030 - CMSIS Pack Vendor :STMicroelectronics X-CUBE-NFC10 1.0.0
2025-05-27 18:02:56,514 [INFO] ThirdParty:1030 - CMSIS Pack Vendor :quantropi X-CUBE-qispace-sdk-base 1.9.3
2025-05-27 18:02:56,514 [INFO] ThirdParty:1030 - CMSIS Pack Vendor :STMicroelectronics X-CUBE-BLEMGR 4.0.0
2025-05-27 18:02:56,514 [INFO] ThirdParty:1030 - CMSIS Pack Vendor :STMicroelectronics X-CUBE-EEPRMA1 5.1.0
2025-05-27 18:02:56,514 [INFO] ThirdParty:1030 - CMSIS Pack Vendor :STMicroelectronics X-CUBE-FREERTOS 1.3.1
2025-05-27 18:02:56,515 [INFO] ThirdParty:1030 - CMSIS Pack Vendor :STMicroelectronics HAL Drivers 0.0.0
2025-05-27 18:02:56,515 [INFO] ThirdParty:1030 - CMSIS Pack Vendor :STMicroelectronics MBEDTLS 2.16.2
2025-05-27 18:02:56,515 [INFO] ThirdParty:1030 - CMSIS Pack Vendor :STMicroelectronics X-CUBE-IPS 3.1.0
2025-05-27 18:02:56,515 [INFO] ThirdParty:1030 - CMSIS Pack Vendor :STMicroelectronics X-CUBE-ALS 1.0.2
2025-05-27 18:02:56,515 [INFO] ThirdParty:1030 - CMSIS Pack Vendor :emotas I-CUBE-CANOPEN 1.3.0
2025-05-27 18:02:56,515 [INFO] ThirdParty:1030 - CMSIS Pack Vendor :STMicroelectronics X-CUBE-FREERTOS 1.3.0
2025-05-27 18:02:56,515 [INFO] ThirdParty:1030 - CMSIS Pack Vendor :STMicroelectronics X-CUBE-NFC7 1.0.1
2025-05-27 18:02:56,515 [INFO] ThirdParty:1030 - CMSIS Pack Vendor :STMicroelectronics MBEDTLS 2.14.1
2025-05-27 18:02:56,515 [INFO] ThirdParty:1030 - CMSIS Pack Vendor :wolfSSL I-CUBE-wolfSSL 5.7.6
2025-05-27 18:02:56,515 [INFO] ThirdParty:1030 - CMSIS Pack Vendor :ITTIA_DB I-CUBE-ITTIADB 8.9.0
2025-05-27 18:02:56,515 [INFO] ThirdParty:1030 - CMSIS Pack Vendor :STMicroelectronics X-CUBE-TOUCHGFX 4.24.2
2025-05-27 18:02:56,515 [INFO] ThirdParty:1030 - CMSIS Pack Vendor :wolfSSL I-CUBE-wolfTPM 3.4.0
2025-05-27 18:02:56,515 [INFO] ThirdParty:1030 - CMSIS Pack Vendor :portGmbH I-Cube-SoM-uGOAL 1.1.0
2025-05-27 18:02:56,515 [INFO] ThirdParty:1030 - CMSIS Pack Vendor :STMicroelectronics X-CUBE-AI 10.0.0
2025-05-27 18:02:56,515 [INFO] ThirdParty:1030 - CMSIS Pack Vendor :STMicroelectronics ThreadX 1.0.0
2025-05-27 18:02:56,515 [INFO] ThirdParty:1030 - CMSIS Pack Vendor :STMicroelectronics FP-SNS-SMARTAG2 1.2.0
2025-05-27 18:02:56,516 [INFO] ThirdParty:1030 - CMSIS Pack Vendor :STMicroelectronics FP-SNS-FLIGHT1 5.1.0
2025-05-27 18:02:56,516 [INFO] ThirdParty:1030 - CMSIS Pack Vendor :STMicroelectronics X-CUBE-MEMS1 11.1.0
2025-05-27 18:02:56,516 [INFO] ThirdParty:1030 - CMSIS Pack Vendor :STMicroelectronics X-CUBE-AZRTOS-WL 2.0.0
2025-05-27 18:02:56,516 [INFO] ThirdParty:1030 - CMSIS Pack Vendor :SEGGER I-CUBE-embOS 1.3.1
2025-05-27 18:02:56,516 [INFO] ThirdParty:1030 - CMSIS Pack Vendor :STMicroelectronics X-CUBE-ALGOBUILD 1.4.0
2025-05-27 18:02:56,516 [INFO] ThirdParty:1030 - CMSIS Pack Vendor :STMicroelectronics X-CUBE-DPower 1.3.0
2025-05-27 18:02:56,516 [INFO] ThirdParty:1030 - CMSIS Pack Vendor :STMicroelectronics FP-SNS-MOTENV1 5.0.0
2025-05-27 18:02:56,516 [INFO] ThirdParty:1030 - CMSIS Pack Vendor :STMicroelectronics USB_DEVICE 1.0.0
2025-05-27 18:02:56,516 [INFO] ThirdParty:1030 - CMSIS Pack Vendor :STMicroelectronics X-CUBE-AZRTOS-H7RS 1.0.0
2025-05-27 18:02:56,516 [INFO] ThirdParty:1030 - CMSIS Pack Vendor :wolfSSL I-CUBE-wolfMQTT 1.19.0
2025-05-27 18:02:56,516 [INFO] ThirdParty:1030 - CMSIS Pack Vendor :STMicroelectronics X-CUBE-AZRTOS-L4 2.0.0
2025-05-27 18:02:56,516 [INFO] ThirdParty:1030 - CMSIS Pack Vendor :STMicroelectronics ThreadX 0.0.2
2025-05-27 18:02:56,516 [INFO] ThirdParty:1030 - CMSIS Pack Vendor :WES I-CUBE-Cesium 1.3.0
2025-05-27 18:02:56,516 [INFO] ThirdParty:1030 - CMSIS Pack Vendor :STMicroelectronics lwIP 2.1.2
2025-05-27 18:02:56,516 [INFO] ThirdParty:1030 - CMSIS Pack Vendor :STMicroelectronics X-CUBE-SFXS2LP1 4.0.0
2025-05-27 18:02:56,516 [INFO] ThirdParty:1030 - CMSIS Pack Vendor :STMicroelectronics X-CUBE-BLE2 3.3.0
2025-05-27 18:02:56,517 [INFO] ThirdParty:1030 - CMSIS Pack Vendor :STMicroelectronics X-CUBE-TOF1 3.4.2
2025-05-27 18:02:56,517 [INFO] ThirdParty:1030 - CMSIS Pack Vendor :STMicroelectronics X-CUBE-TOF1 3.4.3
2025-05-27 18:02:56,517 [INFO] ThirdParty:1030 - CMSIS Pack Vendor :STMicroelectronics PDM2PCM 3.2.0
2025-05-27 18:02:56,517 [INFO] ThirdParty:1030 - CMSIS Pack Vendor :wolfSSL I-CUBE-wolfSSH 1.4.17
2025-05-27 18:02:56,517 [INFO] ThirdParty:841 - exiting critical section [change project]
2025-05-27 18:02:57,247 [INFO] PinOutPanel:1589 - setPackage(No Configuration,No Configuration)
2025-05-27 18:02:57,249 [INFO] PinOutPanel:1589 - setPackage(STM32G431RBTx,LQFP64)
2025-05-27 18:02:57,820 [INFO] UtilMem:75 - Before build in PCC Used Memory: 415841072 Bytes (449839104)
2025-05-27 18:02:59,017 [INFO] UtilMem:75 - After build in PCC Used Memory: 338585728 Bytes (449839104)
2025-05-27 18:02:59,077 [INFO] IPUIPlugin:80 - create IPUIPlugin
2025-05-27 18:02:59,078 [INFO] IPUIPlugin:80 - create IPUIPlugin
2025-05-27 18:02:59,078 [INFO] IPUIPlugin:80 - create IPUIPlugin
2025-05-27 18:02:59,078 [INFO] IPUIPlugin:80 - create IPUIPlugin
2025-05-27 18:02:59,078 [INFO] IPUIPlugin:80 - create IPUIPlugin
2025-05-27 18:02:59,078 [INFO] IPUIPlugin:80 - create IPUIPlugin
2025-05-27 18:02:59,078 [INFO] IPUIPlugin:80 - create IPUIPlugin
2025-05-27 18:02:59,079 [INFO] IPUIPlugin:80 - create IPUIPlugin
2025-05-27 18:02:59,079 [INFO] IPUIPlugin:80 - create IPUIPlugin
2025-05-27 18:02:59,079 [INFO] IPUIPlugin:80 - create IPUIPlugin
2025-05-27 18:02:59,079 [INFO] IPUIPlugin:80 - create IPUIPlugin
2025-05-27 18:02:59,079 [INFO] IPUIPlugin:80 - create IPUIPlugin
2025-05-27 18:02:59,079 [INFO] IPUIPlugin:80 - create IPUIPlugin
2025-05-27 18:02:59,080 [INFO] IPUIPlugin:80 - create IPUIPlugin
2025-05-27 18:02:59,080 [INFO] IPUIPlugin:80 - create IPUIPlugin
2025-05-27 18:02:59,080 [INFO] IPUIPlugin:80 - create IPUIPlugin
2025-05-27 18:02:59,081 [INFO] IPUIPlugin:80 - create IPUIPlugin
2025-05-27 18:02:59,081 [INFO] IPUIPlugin:80 - create IPUIPlugin
2025-05-27 18:02:59,081 [INFO] IPUIPlugin:80 - create IPUIPlugin
2025-05-27 18:02:59,081 [INFO] IPUIPlugin:80 - create IPUIPlugin
2025-05-27 18:02:59,081 [INFO] IPUIPlugin:80 - create IPUIPlugin
2025-05-27 18:02:59,081 [INFO] IPUIPlugin:80 - create IPUIPlugin
2025-05-27 18:02:59,082 [INFO] IPUIPlugin:80 - create IPUIPlugin
2025-05-27 18:02:59,082 [INFO] IPUIPlugin:80 - create IPUIPlugin
2025-05-27 18:02:59,082 [INFO] IPUIPlugin:80 - create IPUIPlugin
2025-05-27 18:02:59,083 [INFO] IPUIPlugin:80 - create IPUIPlugin
2025-05-27 18:02:59,083 [INFO] IPUIPlugin:80 - create IPUIPlugin
2025-05-27 18:02:59,083 [INFO] IPUIPlugin:80 - create IPUIPlugin
2025-05-27 18:02:59,083 [INFO] IPUIPlugin:80 - create IPUIPlugin
2025-05-27 18:02:59,084 [INFO] IPUIPlugin:80 - create IPUIPlugin
2025-05-27 18:02:59,084 [INFO] IPUIPlugin:80 - create IPUIPlugin
2025-05-27 18:02:59,084 [INFO] IPUIPlugin:80 - create IPUIPlugin
2025-05-27 18:02:59,084 [INFO] IPUIPlugin:80 - create IPUIPlugin
2025-05-27 18:02:59,085 [INFO] IPUIPlugin:80 - create IPUIPlugin
2025-05-27 18:02:59,085 [INFO] IPUIPlugin:80 - create IPUIPlugin
2025-05-27 18:02:59,085 [INFO] IPUIPlugin:80 - create IPUIPlugin
2025-05-27 18:02:59,086 [INFO] IPUIPlugin:80 - create IPUIPlugin
2025-05-27 18:02:59,086 [INFO] IPUIPlugin:80 - create IPUIPlugin
2025-05-27 18:02:59,086 [INFO] IPUIPlugin:80 - create IPUIPlugin
2025-05-27 18:02:59,087 [INFO] IPUIPlugin:80 - create IPUIPlugin
2025-05-27 18:02:59,088 [INFO] IPUIPlugin:80 - create IPUIPlugin
2025-05-27 18:02:59,088 [INFO] IPUIPlugin:80 - create IPUIPlugin
2025-05-27 18:02:59,088 [INFO] IPUIPlugin:80 - create IPUIPlugin
2025-05-27 18:02:59,089 [INFO] IPUIPlugin:80 - create IPUIPlugin
2025-05-27 18:02:59,089 [INFO] IPUIPlugin:80 - create IPUIPlugin
2025-05-27 18:02:59,090 [INFO] IPUIPlugin:80 - create IPUIPlugin
2025-05-27 18:02:59,090 [INFO] IPUIPlugin:80 - create IPUIPlugin
2025-05-27 18:02:59,091 [INFO] IPUIPlugin:80 - create IPUIPlugin
2025-05-27 18:02:59,092 [INFO] IPUIPlugin:80 - create IPUIPlugin
2025-05-27 18:02:59,093 [INFO] IPUIPlugin:80 - create IPUIPlugin
2025-05-27 18:02:59,093 [INFO] IPUIPlugin:80 - create IPUIPlugin
2025-05-27 18:02:59,094 [INFO] IPUIPlugin:80 - create IPUIPlugin
2025-05-27 18:02:59,094 [INFO] IPUIPlugin:80 - create IPUIPlugin
2025-05-27 18:02:59,095 [INFO] IPUIPlugin:80 - create IPUIPlugin
2025-05-27 18:02:59,095 [INFO] IPUIPlugin:80 - create IPUIPlugin
2025-05-27 18:02:59,096 [INFO] IPUIPlugin:80 - create IPUIPlugin
2025-05-27 18:02:59,096 [INFO] IPUIPlugin:80 - create IPUIPlugin
2025-05-27 18:02:59,097 [INFO] IPUIPlugin:80 - create IPUIPlugin
2025-05-27 18:02:59,097 [INFO] IPUIPlugin:80 - create IPUIPlugin
2025-05-27 18:02:59,526 [INFO] CADModel:165 - CPN selected for project levelSTM32G431RBT6
2025-05-27 18:02:59,526 [INFO] CADModel:114 - Register for checkConnection events
2025-05-27 18:02:59,616 [INFO] OpenFileManager:363 - Restore cursor
2025-05-27 18:08:12,977 [INFO] NvicIntPanel:101 - NVIC parent = com.st.microxplorer.plugins.ip.nvic.MultiNvicIntPanel[,0,0,0x0,invalid,layout=javax.swing.BoxLayout,alignmentX=0.0,alignmentY=0.0,border=,flags=9,maximumSize=,minimumSize=,preferredSize=]
2025-05-27 18:08:24,982 [INFO] NvicIntPanel:101 - NVIC parent = com.st.microxplorer.plugins.ip.nvic.MultiNvicIntPanel[,0,0,0x0,invalid,layout=javax.swing.BoxLayout,alignmentX=0.0,alignmentY=0.0,border=,flags=9,maximumSize=,minimumSize=,preferredSize=]
2025-05-27 18:09:29,727 [INFO] UtilMem:75 - End SaveConfig() Used Memory: 750697168 Bytes (1073741824)
2025-05-27 18:09:30,408 [ERROR] IocParser:95 - Exception caught: Cannot invoke "java.lang.CharSequence.length()" because "this.text" is null
2025-05-27 18:09:33,516 [INFO] I2cTimingTraitement:330 - 0x40B285C2
2025-05-27 18:10:19,005 [INFO] I2cTimingTraitement:330 - 0x40B285C2
2025-05-27 18:11:52,305 [INFO] UtilMem:75 - End SaveConfig() Used Memory: 809238160 Bytes (1073741824)
2025-05-27 18:11:52,933 [ERROR] IocParser:95 - Exception caught: Cannot invoke "java.lang.CharSequence.length()" because "this.text" is null
2025-05-27 18:11:52,965 [INFO] BlockDiagram:2766 - set Specific Code input for plugin: TIM1_8G4
2025-05-27 18:11:52,966 [INFO] BlockDiagram:2766 - set Specific Code input for plugin: TIM1_8G4
2025-05-27 18:11:52,966 [INFO] BlockDiagram:2766 - set Specific Code input for plugin: TIM1_8G4
2025-05-27 18:11:52,966 [INFO] BlockDiagram:2766 - set Specific Code input for plugin: SYS
2025-05-27 18:11:52,966 [INFO] BlockDiagram:2766 - set Specific Code input for plugin: RCC
2025-05-27 18:11:52,966 [INFO] BlockDiagram:2766 - set Specific Code input for plugin: I2C
2025-05-27 18:11:52,966 [INFO] BlockDiagram:2766 - set Specific Code input for plugin: NVIC
2025-05-27 18:11:52,966 [INFO] BlockDiagram:2766 - set Specific Code input for plugin: USART
2025-05-27 18:11:52,966 [INFO] BlockDiagram:2766 - set Specific Code input for plugin: TIM1_8G4
2025-05-27 18:11:52,966 [INFO] BlockDiagram:2766 - set Specific Code input for plugin: TIM1_8G4
2025-05-27 18:11:52,967 [INFO] BlockDiagram:2766 - set Specific Code input for plugin: TIM1_8G4
2025-05-27 18:11:52,967 [INFO] BlockDiagram:2766 - set Specific Code input for plugin: GPIO
2025-05-27 18:11:52,967 [INFO] BlockDiagram:2766 - set Specific Code input for plugin: NUCLEO-G431RB
2025-05-27 18:11:52,969 [INFO] CodeGenerator:896 - code generatio: config db path: C:\ST\STM32CubeIDE_1.17.0\STM32CubeIDE\plugins\com.st.stm32cube.common.mx_6.13.0.202411220809\\db\
2025-05-27 18:11:53,300 [INFO] CodeEngine:255 - oldGeneratedFile, C:\Users\thepd\STM32CubeIDE\to_stm_base_proj_added_i2c\test\MXTmpFiles\license.tmp_save
2025-05-27 18:11:53,889 [INFO] CodeEngine:279 - Generated code: C:\Users\thepd\STM32CubeIDE\to_stm_base_proj_added_i2c\test\MXTmpFiles\license.tmp
2025-05-27 18:11:54,017 [INFO] CodeEngine:255 - oldGeneratedFile, C:\Users\thepd\STM32CubeIDE\to_stm_base_proj_added_i2c\test\Core\Src\gpio.c_save
2025-05-27 18:11:54,198 [INFO] CodeEngine:279 - Generated code: C:\Users\thepd\STM32CubeIDE\to_stm_base_proj_added_i2c\test\Core\Src\gpio.c
2025-05-27 18:11:54,208 [INFO] CodeEngine:255 - oldGeneratedFile, C:\Users\thepd\STM32CubeIDE\to_stm_base_proj_added_i2c\test\Core\Inc\gpio.h_save
2025-05-27 18:11:54,329 [INFO] CodeEngine:279 - Generated code: C:\Users\thepd\STM32CubeIDE\to_stm_base_proj_added_i2c\test\Core\Inc\gpio.h
2025-05-27 18:11:55,252 [INFO] CodeEngine:255 - oldGeneratedFile, C:\Users\thepd\STM32CubeIDE\to_stm_base_proj_added_i2c\test\Core\Src\i2c.c_save
2025-05-27 18:11:55,507 [INFO] CodeEngine:279 - Generated code: C:\Users\thepd\STM32CubeIDE\to_stm_base_proj_added_i2c\test\Core\Src\i2c.c
2025-05-27 18:11:55,547 [INFO] CodeEngine:255 - oldGeneratedFile, C:\Users\thepd\STM32CubeIDE\to_stm_base_proj_added_i2c\test\Core\Inc\i2c.h_save
2025-05-27 18:11:55,682 [INFO] CodeEngine:279 - Generated code: C:\Users\thepd\STM32CubeIDE\to_stm_base_proj_added_i2c\test\Core\Inc\i2c.h
2025-05-27 18:11:55,739 [INFO] CodeEngine:255 - oldGeneratedFile, C:\Users\thepd\STM32CubeIDE\to_stm_base_proj_added_i2c\test\Core\Inc\stm32g4xx_nucleo_conf.h_save
2025-05-27 18:11:55,863 [INFO] CodeEngine:279 - Generated code: C:\Users\thepd\STM32CubeIDE\to_stm_base_proj_added_i2c\test\Core\Inc\stm32g4xx_nucleo_conf.h
2025-05-27 18:11:55,882 [INFO] CodeEngine:255 - oldGeneratedFile, C:\Users\thepd\STM32CubeIDE\to_stm_base_proj_added_i2c\test\MXTmpFiles\bsp_inc.tmp_save
2025-05-27 18:11:55,984 [INFO] CodeEngine:279 - Generated code: C:\Users\thepd\STM32CubeIDE\to_stm_base_proj_added_i2c\test\MXTmpFiles\bsp_inc.tmp
2025-05-27 18:11:55,994 [INFO] CodeEngine:255 - oldGeneratedFile, C:\Users\thepd\STM32CubeIDE\to_stm_base_proj_added_i2c\test\MXTmpFiles\bsp_common_vars.tmp_save
2025-05-27 18:11:56,087 [INFO] CodeEngine:279 - Generated code: C:\Users\thepd\STM32CubeIDE\to_stm_base_proj_added_i2c\test\MXTmpFiles\bsp_common_vars.tmp
2025-05-27 18:11:56,096 [INFO] CodeEngine:255 - oldGeneratedFile, C:\Users\thepd\STM32CubeIDE\to_stm_base_proj_added_i2c\test\MXTmpFiles\bsp_common_init.tmp_save
2025-05-27 18:11:56,247 [INFO] CodeEngine:279 - Generated code: C:\Users\thepd\STM32CubeIDE\to_stm_base_proj_added_i2c\test\MXTmpFiles\bsp_common_init.tmp
2025-05-27 18:11:56,261 [INFO] CodeEngine:255 - oldGeneratedFile, C:\Users\thepd\STM32CubeIDE\to_stm_base_proj_added_i2c\test\MXTmpFiles\bsp_common_demo_before_while.tmp_save
2025-05-27 18:11:56,362 [INFO] CodeEngine:279 - Generated code: C:\Users\thepd\STM32CubeIDE\to_stm_base_proj_added_i2c\test\MXTmpFiles\bsp_common_demo_before_while.tmp
2025-05-27 18:11:56,380 [INFO] CodeEngine:255 - oldGeneratedFile, C:\Users\thepd\STM32CubeIDE\to_stm_base_proj_added_i2c\test\MXTmpFiles\bsp_common_demo_inside_while.tmp_save
2025-05-27 18:11:56,479 [INFO] CodeEngine:279 - Generated code: C:\Users\thepd\STM32CubeIDE\to_stm_base_proj_added_i2c\test\MXTmpFiles\bsp_common_demo_inside_while.tmp
2025-05-27 18:11:56,485 [INFO] CodeEngine:255 - oldGeneratedFile, C:\Users\thepd\STM32CubeIDE\to_stm_base_proj_added_i2c\test\MXTmpFiles\bsp_common_demo_fct.tmp_save
2025-05-27 18:11:56,565 [INFO] CodeEngine:279 - Generated code: C:\Users\thepd\STM32CubeIDE\to_stm_base_proj_added_i2c\test\MXTmpFiles\bsp_common_demo_fct.tmp
2025-05-27 18:11:56,598 [INFO] CodeEngine:255 - oldGeneratedFile, C:\Users\thepd\STM32CubeIDE\to_stm_base_proj_added_i2c\test\Core\Src\tim.c_save
2025-05-27 18:11:56,882 [INFO] CodeEngine:279 - Generated code: C:\Users\thepd\STM32CubeIDE\to_stm_base_proj_added_i2c\test\Core\Src\tim.c
2025-05-27 18:11:56,904 [INFO] CodeEngine:255 - oldGeneratedFile, C:\Users\thepd\STM32CubeIDE\to_stm_base_proj_added_i2c\test\Core\Inc\tim.h_save
2025-05-27 18:11:57,032 [INFO] CodeEngine:279 - Generated code: C:\Users\thepd\STM32CubeIDE\to_stm_base_proj_added_i2c\test\Core\Inc\tim.h
2025-05-27 18:11:57,064 [INFO] CodeEngine:255 - oldGeneratedFile, C:\Users\thepd\STM32CubeIDE\to_stm_base_proj_added_i2c\test\Core\Src\usart.c_save
2025-05-27 18:11:57,182 [INFO] CodeEngine:279 - Generated code: C:\Users\thepd\STM32CubeIDE\to_stm_base_proj_added_i2c\test\Core\Src\usart.c
2025-05-27 18:11:57,190 [INFO] CodeEngine:255 - oldGeneratedFile, C:\Users\thepd\STM32CubeIDE\to_stm_base_proj_added_i2c\test\Core\Inc\usart.h_save
2025-05-27 18:11:57,261 [INFO] CodeEngine:279 - Generated code: C:\Users\thepd\STM32CubeIDE\to_stm_base_proj_added_i2c\test\Core\Inc\usart.h
2025-05-27 18:11:57,304 [INFO] CodeEngine:255 - oldGeneratedFile, C:\Users\thepd\STM32CubeIDE\to_stm_base_proj_added_i2c\test\Core\Src\stm32g4xx_it.c_save
2025-05-27 18:11:57,450 [INFO] CodeEngine:279 - Generated code: C:\Users\thepd\STM32CubeIDE\to_stm_base_proj_added_i2c\test\Core\Src\stm32g4xx_it.c
2025-05-27 18:11:57,469 [INFO] CodeEngine:255 - oldGeneratedFile, C:\Users\thepd\STM32CubeIDE\to_stm_base_proj_added_i2c\test\Core\Inc\stm32g4xx_it.h_save
2025-05-27 18:11:57,574 [INFO] CodeEngine:279 - Generated code: C:\Users\thepd\STM32CubeIDE\to_stm_base_proj_added_i2c\test\Core\Inc\stm32g4xx_it.h
2025-05-27 18:11:57,630 [INFO] CodeEngine:255 - oldGeneratedFile, C:\Users\thepd\STM32CubeIDE\to_stm_base_proj_added_i2c\test\Core\Src\stm32g4xx_hal_msp.c_save
2025-05-27 18:11:57,804 [INFO] CodeEngine:279 - Generated code: C:\Users\thepd\STM32CubeIDE\to_stm_base_proj_added_i2c\test\Core\Src\stm32g4xx_hal_msp.c
2025-05-27 18:11:57,811 [INFO] CodeEngine:255 - oldGeneratedFile, C:\Users\thepd\STM32CubeIDE\to_stm_base_proj_added_i2c\test\MXTmpFiles\system.tmp_save
2025-05-27 18:11:57,907 [INFO] CodeEngine:279 - Generated code: C:\Users\thepd\STM32CubeIDE\to_stm_base_proj_added_i2c\test\MXTmpFiles\system.tmp
2025-05-27 18:11:57,950 [INFO] CodeEngine:311 - oldGeneratedFile, C:\Users\thepd\STM32CubeIDE\to_stm_base_proj_added_i2c\test\Core\Inc\stm32g4xx_hal_conf.h_save
2025-05-27 18:11:58,114 [INFO] CodeEngine:335 - Generated code: C:\Users\thepd\STM32CubeIDE\to_stm_base_proj_added_i2c\test\Core\Inc\stm32g4xx_hal_conf.h
2025-05-27 18:11:58,165 [WARN] IPConfigManager:3034 - Warning: the RefConfig RCC_CommonPeriphClockConfig is not available in your config.xml file
2025-05-27 18:11:58,169 [INFO] ApiDbMcu:508 - Load IP Config File for I2C1
2025-05-27 18:11:58,190 [INFO] ApiDbMcu:508 - Load IP Config File for TIM2
2025-05-27 18:11:58,218 [INFO] ApiDbMcu:508 - Load IP Config File for TIM3
2025-05-27 18:11:58,248 [INFO] ApiDbMcu:508 - Load IP Config File for TIM4
2025-05-27 18:11:58,277 [INFO] ApiDbMcu:508 - Load IP Config File for TIM8
2025-05-27 18:11:58,302 [INFO] ApiDbMcu:508 - Load IP Config File for TIM16
2025-05-27 18:11:58,357 [INFO] ApiDbMcu:508 - Load IP Config File for TIM17
2025-05-27 18:11:58,383 [INFO] ApiDbMcu:508 - Load IP Config File for USART1
2025-05-27 18:11:58,388 [INFO] ApiDbMcu:508 - Load IP Config File for RCC
2025-05-27 18:11:58,440 [INFO] CodeEngine:255 - oldGeneratedFile, C:\Users\thepd\STM32CubeIDE\to_stm_base_proj_added_i2c\test\Core\Inc\main.h_save
2025-05-27 18:11:58,595 [INFO] CodeEngine:279 - Generated code: C:\Users\thepd\STM32CubeIDE\to_stm_base_proj_added_i2c\test\Core\Inc\main.h
2025-05-27 18:11:58,618 [INFO] CodeEngine:255 - oldGeneratedFile, C:\Users\thepd\STM32CubeIDE\to_stm_base_proj_added_i2c\test\Core\Src\main.c_save
2025-05-27 18:11:58,868 [INFO] CodeEngine:279 - Generated code: C:\Users\thepd\STM32CubeIDE\to_stm_base_proj_added_i2c\test\Core\Src\main.c
2025-05-27 18:11:59,582 [INFO] ProjectBuilder:3289 - Time for Copy HAL[1] : 403mS.
2025-05-27 18:11:59,598 [INFO] ProjectBuilder:4876 - Project Generator version: 4.5.0-RC5
2025-05-27 18:11:59,723 [INFO] ConfigFileManager:1579 - The Die is : DIE468
2025-05-27 18:11:59,737 [INFO] ApiDbMcu:508 - Load IP Config File for FATFS
2025-05-27 18:11:59,751 [INFO] ApiDbMcu:508 - Load IP Config File for FREERTOS
2025-05-27 18:11:59,761 [INFO] ApiDbMcu:508 - Load IP Config File for USBPD
2025-05-27 18:11:59,793 [INFO] ApiDbMcu:508 - Load IP Config File for USB_DEVICE
2025-05-27 18:12:00,982 [INFO] LogOutputStream:77 - [STDOUT_REDIRECT] 
2025-05-27 18:12:03,875 [INFO] ProjectBuilder:5154 - Time for Generating toolchain IDE Files: 4276mS.
2025-05-27 18:12:03,877 [INFO] ProjectBuilder:3146 - Time for Copy CMSIS : 2mS.
2025-05-27 18:12:03,881 [INFO] ProjectBuilder:3146 - Time for Copy CMSIS : 0mS.
2025-05-27 18:22:02,240 [INFO] MainUpdater:2872 - connection check result : 10
2025-05-27 18:22:02,240 [INFO] MainUpdater:2872 - connection check result : 10
2025-05-27 18:22:02,258 [ERROR] IocParser:95 - Exception caught: Cannot invoke "java.lang.CharSequence.length()" because "this.text" is null
2025-05-27 18:22:02,448 [INFO] I2cTimingTraitement:330 - 0x40B285C2
2025-05-27 18:22:02,452 [INFO] MicroXplorer:468 - Change Database Path : 
2025-05-27 18:22:02,452 [INFO] MicroXplorer:498 - Change Database Version : DB.6.0.130
2025-05-27 18:22:02,480 [ERROR] ProjectManagerView:394 - 
java.lang.NullPointerException: Cannot invoke "javax.swing.JTextField.getText()" because the return value of "java.util.List.get(int)" is null
	at com.st.microxplorer.plugins.projectmanager.gui.ProjectChoiceTab$9.caretUpdate(ProjectChoiceTab.java:2616) ~[filemanager.jar:?]
	at javax.swing.text.JTextComponent.fireCaretUpdate(JTextComponent.java:408) ~[?:?]
	at javax.swing.text.JTextComponent$MutableCaretEvent.fire(JTextComponent.java:4484) ~[?:?]
	at javax.swing.text.JTextComponent$MutableCaretEvent.stateChanged(JTextComponent.java:4506) ~[?:?]
	at javax.swing.text.DefaultCaret.fireStateChanged(DefaultCaret.java:857) ~[?:?]
	at javax.swing.text.DefaultCaret.changeCaretPosition(DefaultCaret.java:1343) ~[?:?]
	at javax.swing.text.DefaultCaret.handleSetDot(DefaultCaret.java:1242) ~[?:?]
	at javax.swing.text.DefaultCaret.setDot(DefaultCaret.java:1223) ~[?:?]
	at javax.swing.text.DefaultCaret$Handler.insertUpdate(DefaultCaret.java:1819) ~[?:?]
	at javax.swing.text.AbstractDocument.fireInsertUpdate(AbstractDocument.java:227) ~[?:?]
	at javax.swing.text.AbstractDocument.handleInsertString(AbstractDocument.java:781) ~[?:?]
	at javax.swing.text.AbstractDocument.insertString(AbstractDocument.java:740) ~[?:?]
	at javax.swing.text.PlainDocument.insertString(PlainDocument.java:131) ~[?:?]
	at javax.swing.text.AbstractDocument.replace(AbstractDocument.java:699) ~[?:?]
	at javax.swing.text.JTextComponent.setText(JTextComponent.java:1725) ~[?:?]
	at com.st.microxplorer.plugins.projectmanager.gui.ProjectChoiceTab.createHeapStackFields(ProjectChoiceTab.java:975) ~[filemanager.jar:?]
	at com.st.microxplorer.plugins.projectmanager.gui.ProjectChoiceTab.buildLinkSettingsPanel(ProjectChoiceTab.java:3666) ~[filemanager.jar:?]
	at com.st.microxplorer.plugins.projectmanager.gui.ProjectChoiceTab.defineWindowsFields(ProjectChoiceTab.java:1934) ~[filemanager.jar:?]
	at com.st.microxplorer.plugins.projectmanager.gui.ProjectChoiceTab.updateSettings(ProjectChoiceTab.java:553) ~[filemanager.jar:?]
	at com.st.microxplorer.plugins.projectmanager.gui.ProjectSettingsPanel.UpdateDialog(ProjectSettingsPanel.java:245) ~[filemanager.jar:?]
	at com.st.microxplorer.plugins.projectmanager.ProjectManagerView.propertyChange(ProjectManagerView.java:391) ~[filemanager.jar:?]
	at java.beans.PropertyChangeSupport.fire(PropertyChangeSupport.java:343) ~[?:?]
	at java.beans.PropertyChangeSupport.firePropertyChange(PropertyChangeSupport.java:335) ~[?:?]
	at java.beans.PropertyChangeSupport.firePropertyChange(PropertyChangeSupport.java:268) ~[?:?]
	at com.st.microxplorer.util.MXPropertyChangeSupport.firePropertyChange(MXPropertyChangeSupport.java:54) ~[STM32CubeMX.jar:?]
	at com.st.microxplorer.mxsystem.MxSystem.closeConfig(MxSystem.java:899) ~[STM32CubeMX.jar:?]
	at com.st.microxplorer.maingui.MainPanel.closeConfig(MainPanel.java:789) ~[STM32CubeMX.jar:?]
	at com.st.microxplorer.plugins.filemanager.engine.OpenFileManager.loadConfigurationFile(OpenFileManager.java:265) ~[filemanager.jar:?]
	at com.st.microxplorer.plugins.filemanager.engine.MainFileManager.userLoadConfig(MainFileManager.java:340) ~[filemanager.jar:?]
	at com.st.microxplorer.plugins.filemanager.engine.MainFileManager.userLoadConfig(MainFileManager.java:318) ~[filemanager.jar:?]
	at com.st.microxplorer.plugins.filemanager.FileManagerView.getSpecificTask(FileManagerView.java:246) ~[filemanager.jar:?]
	at com.st.stm32cube.common.mx.editor.CubeMxEditor.getMxTabbedPaneInstance(CubeMxEditor.java:1198) ~[com.st.stm32cube.common.mx_6.13.0.202411220809/:?]
	at com.st.stm32cube.common.mx.editor.CubeMxEditor$12$1.createSwingComponent(CubeMxEditor.java:1068) ~[com.st.stm32cube.common.mx_6.13.0.202411220809/:?]
	at com.st.stm32cube.common.mx.oss.core.awtswtbridge.EmbeddedSwingComposite.doComponentCreation(EmbeddedSwingComposite.java:492) ~[com.st.stm32cube.common.mx.oss_6.13.0.202411220809/:?]
	at com.st.stm32cube.common.mx.oss.core.awtswtbridge.EmbeddedSwingComposite$4.run(EmbeddedSwingComposite.java:291) ~[com.st.stm32cube.common.mx.oss_6.13.0.202411220809/:?]
	at com.st.stm32cube.common.mx.oss.core.awtswtbridge.AwtEnvironment$2.run(AwtEnvironment.java:166) ~[com.st.stm32cube.common.mx.oss_6.13.0.202411220809/:?]
	at java.awt.event.InvocationEvent.dispatch(InvocationEvent.java:318) ~[?:?]
	at java.awt.EventQueue.dispatchEventImpl(EventQueue.java:773) ~[?:?]
	at java.awt.EventQueue$4.run(EventQueue.java:720) ~[?:?]
	at java.awt.EventQueue$4.run(EventQueue.java:714) ~[?:?]
	at java.security.AccessController.doPrivileged(AccessController.java:400) ~[?:?]
	at java.security.ProtectionDomain$JavaSecurityAccessImpl.doIntersectionPrivilege(ProtectionDomain.java:87) ~[?:?]
	at java.awt.EventQueue.dispatchEvent(EventQueue.java:742) ~[?:?]
	at java.awt.EventDispatchThread.pumpOneEventForFilters(EventDispatchThread.java:203) ~[?:?]
	at java.awt.EventDispatchThread.pumpEventsForFilter(EventDispatchThread.java:124) ~[?:?]
	at java.awt.EventDispatchThread.pumpEventsForHierarchy(EventDispatchThread.java:113) ~[?:?]
	at java.awt.EventDispatchThread.pumpEvents(EventDispatchThread.java:109) ~[?:?]
	at java.awt.EventDispatchThread.pumpEvents(EventDispatchThread.java:101) ~[?:?]
	at java.awt.EventDispatchThread.run(EventDispatchThread.java:90) ~[?:?]
2025-05-27 18:22:02,504 [WARN] ThirdParty:871 - waiting for thirdparty lock release [close project]
2025-05-27 18:22:02,504 [INFO] ThirdParty:873 - entering critical section [close project]
2025-05-27 18:22:02,504 [INFO] ThirdParty:883 - exiting critical section [close project]
2025-05-27 18:22:02,508 [INFO] PinOutPanel:1589 - setPackage(No Configuration,No Configuration)
2025-05-27 18:22:02,516 [INFO] UtilMem:75 - Begin LoadConfig() Used Memory: 825005696 Bytes (1073741824)
2025-05-27 18:22:02,517 [INFO] MicroXplorer:468 - Change Database Path : 
2025-05-27 18:22:02,517 [INFO] MicroXplorer:498 - Change Database Version : DB.6.0.130
2025-05-27 18:22:02,517 [INFO] OpenFileManager:332 - Change cursor
2025-05-27 18:22:02,562 [INFO] RulesReader:64 - Compatibility file has been processed (297 Rules)
2025-05-27 18:22:02,574 [INFO] Mcu:2035 - Initializing MCU STM32G431R(6-8-B)Tx STM32G431RBTx STM32G431RBT6
2025-05-27 18:22:06,654 [INFO] Context:748 - Trying to add GPIOservice into a context  which must be forbidden
2025-05-27 18:22:07,678 [INFO] ApiDbMcu:508 - Load IP Config File for NUCLEO-G431RB
2025-05-27 18:22:07,836 [INFO] ImportTextPane:218 - (OptionalMessage_ERROR) Unable to find key (Mcu.IP13) in loaded IOC file
2025-05-27 18:22:07,836 [INFO] ImportTextPane:218 - (OptionalMessage_ERROR) Unknown IP (dummy)
2025-05-27 18:22:08,006 [INFO] RtosManager:555 - Registered RTOS mode: class=CMSIS, group=RTOS, mode=CMSIS_V1, owner=FREERTOS
2025-05-27 18:22:08,006 [INFO] RtosManager:555 - Registered RTOS mode: class=CMSIS, group=RTOS2, mode=CMSIS_V2, owner=FREERTOS
2025-05-27 18:22:08,006 [INFO] RtosManager:555 - Registered RTOS mode: class=RTOS, group=Core, mode=CMSIS_V1, owner=FREERTOS
2025-05-27 18:22:08,006 [INFO] RtosManager:555 - Registered RTOS mode: class=RTOS, group=Core, mode=CMSIS_V2, owner=FREERTOS
2025-05-27 18:22:08,006 [WARN] ModelIntegratedComponent:184 - Missing modes for component STMicroelectronics:FreeRTOS:0.0.1:STMicroelectronics:RTOS:FreeRTOS:Core:::10.2.0:
2025-05-27 18:22:08,020 [WARN] ModelIntegratedComponent:63 - No mode defined for component null
2025-05-27 18:22:08,020 [WARN] ModelIntegratedComponent:63 - No mode defined for component null
2025-05-27 18:22:08,020 [WARN] ModelIntegratedComponent:63 - No mode defined for component null
2025-05-27 18:22:08,020 [WARN] ModelIntegratedComponent:63 - No mode defined for component null
2025-05-27 18:22:08,020 [WARN] ModelIntegratedComponent:63 - No mode defined for component null
2025-05-27 18:22:08,020 [WARN] ModelIntegratedComponent:63 - No mode defined for component null
2025-05-27 18:22:08,020 [WARN] ModelIntegratedComponent:63 - No mode defined for component null
2025-05-27 18:22:08,020 [WARN] ModelIntegratedComponent:63 - No mode defined for component null
2025-05-27 18:22:08,020 [WARN] ModelIntegratedComponent:63 - No mode defined for component null
2025-05-27 18:22:08,020 [WARN] ModelIntegratedComponent:63 - No mode defined for component null
2025-05-27 18:22:08,020 [WARN] ModelIntegratedComponent:63 - No mode defined for component null
2025-05-27 18:22:08,020 [WARN] ModelIntegratedComponent:63 - No mode defined for component null
2025-05-27 18:22:08,020 [WARN] ModelIntegratedComponent:63 - No mode defined for component null
2025-05-27 18:22:08,020 [WARN] ModelIntegratedComponent:63 - No mode defined for component null
2025-05-27 18:22:08,020 [WARN] ModelIntegratedComponent:63 - No mode defined for component null
2025-05-27 18:22:08,021 [WARN] ModelIntegratedComponent:63 - No mode defined for component null
2025-05-27 18:22:08,021 [WARN] ModelIntegratedComponent:63 - No mode defined for component null
2025-05-27 18:22:08,021 [WARN] ModelIntegratedComponent:63 - No mode defined for component null
2025-05-27 18:22:08,021 [WARN] ModelIntegratedComponent:63 - No mode defined for component null
2025-05-27 18:22:08,021 [WARN] ModelIntegratedComponent:63 - No mode defined for component null
2025-05-27 18:22:08,021 [WARN] ModelIntegratedComponent:63 - No mode defined for component null
2025-05-27 18:22:08,021 [WARN] ModelIntegratedComponent:63 - No mode defined for component null
2025-05-27 18:22:08,021 [WARN] ModelIntegratedComponent:63 - No mode defined for component null
2025-05-27 18:22:08,021 [WARN] ModelIntegratedComponent:63 - No mode defined for component null
2025-05-27 18:22:08,021 [WARN] ModelIntegratedComponent:63 - No mode defined for component null
2025-05-27 18:22:08,021 [WARN] ModelIntegratedComponent:63 - No mode defined for component null
2025-05-27 18:22:08,021 [WARN] ModelIntegratedComponent:63 - No mode defined for component null
2025-05-27 18:22:08,021 [WARN] ModelIntegratedComponent:63 - No mode defined for component null
2025-05-27 18:22:08,021 [WARN] ModelIntegratedComponent:63 - No mode defined for component null
2025-05-27 18:22:08,021 [WARN] ModelIntegratedComponent:63 - No mode defined for component null
2025-05-27 18:22:08,021 [WARN] ModelIntegratedComponent:63 - No mode defined for component null
2025-05-27 18:22:08,021 [WARN] ModelIntegratedComponent:63 - No mode defined for component null
2025-05-27 18:22:08,021 [WARN] ModelIntegratedComponent:63 - No mode defined for component null
2025-05-27 18:22:08,021 [WARN] ModelIntegratedComponent:63 - No mode defined for component null
2025-05-27 18:22:08,021 [WARN] ModelIntegratedComponent:63 - No mode defined for component null
2025-05-27 18:22:08,022 [WARN] ModelPack:524 - Component already loaded: STMicroelectronics:HAL Drivers:0.0.0:STMicroelectronics:Device:STMicro_Driver:XSPI:HAL::0.0.1:HAL_XSPI
2025-05-27 18:22:08,113 [INFO] ThirdPartyModel:298 - Start build external matchings
2025-05-27 18:22:08,956 [INFO] ThirdPartyModel:316 - End build external matchings
2025-05-27 18:22:09,665 [INFO] UtilMem:75 - End LoadConfig() Used Memory: 885399864 Bytes (1073741824)
2025-05-27 18:22:09,726 [WARN] ThirdParty:833 - waiting for thirdparty lock release [change project]
2025-05-27 18:22:09,727 [INFO] ThirdParty:835 - entering critical section [change project]
2025-05-27 18:22:09,727 [INFO] ThirdParty:1030 - CMSIS Pack Vendor :STMicroelectronics USBPD 4.1
2025-05-27 18:22:09,727 [INFO] ThirdParty:1030 - CMSIS Pack Vendor :STMicroelectronics X-CUBE-AZRTOS-H7 3.3.0
2025-05-27 18:22:09,727 [INFO] ThirdParty:1030 - CMSIS Pack Vendor :STMicroelectronics X-CUBE-NFC9 1.0.0
2025-05-27 18:22:09,727 [INFO] ThirdParty:1030 - CMSIS Pack Vendor :STMicroelectronics USB_HOST 2.0.0
2025-05-27 18:22:09,727 [INFO] ThirdParty:1030 - CMSIS Pack Vendor :STMicroelectronics FP-SNS-MOTENVWB1 1.4.0
2025-05-27 18:22:09,727 [INFO] ThirdParty:1030 - CMSIS Pack Vendor :STMicroelectronics X-CUBE-AZRTOS-F4 1.1.0
2025-05-27 18:22:09,727 [INFO] ThirdParty:1030 - CMSIS Pack Vendor :STMicroelectronics LIBJPEG 8.0.0
2025-05-27 18:22:09,727 [INFO] ThirdParty:1030 - CMSIS Pack Vendor :STMicroelectronics FP-ATR-ASTRA1 2.0.2
2025-05-27 18:22:09,728 [INFO] ThirdParty:1030 - CMSIS Pack Vendor :STMicroelectronics FP-ATR-ASTRA1 2.0.1
2025-05-27 18:22:09,728 [INFO] ThirdParty:1030 - CMSIS Pack Vendor :STMicroelectronics X-CUBE-BLE1 7.1.0
2025-05-27 18:22:09,728 [INFO] ThirdParty:1030 - CMSIS Pack Vendor :Avnet-IotConnect X-CUBE-IoTC-DA16k-PMOD 1.0.0
2025-05-27 18:22:09,728 [INFO] ThirdParty:1030 - CMSIS Pack Vendor :STMicroelectronics X-CUBE-SMBUS 2.1.0
2025-05-27 18:22:09,729 [INFO] ThirdParty:1030 - CMSIS Pack Vendor :STMicroelectronics X-CUBE-WB05N 1.1.0
2025-05-27 18:22:09,729 [INFO] ThirdParty:1030 - CMSIS Pack Vendor :STMicroelectronics USB_DEVICE 3.0.0
2025-05-27 18:22:09,729 [INFO] ThirdParty:1030 - CMSIS Pack Vendor :STMicroelectronics X-CUBE-ISPU 2.1.0
2025-05-27 18:22:09,729 [INFO] ThirdParty:1030 - CMSIS Pack Vendor :STMicroelectronics X-CUBE-AZRTOS-WB 2.0.0
2025-05-27 18:22:09,729 [INFO] ThirdParty:1030 - CMSIS Pack Vendor :STMicroelectronics X-CUBE-ST60 1.0.0
2025-05-27 18:22:09,729 [INFO] ThirdParty:1030 - CMSIS Pack Vendor :STMicroelectronics X-CUBE-GNSS1 7.0.1
2025-05-27 18:22:09,729 [INFO] ThirdParty:1030 - CMSIS Pack Vendor :STMicroelectronics X-CUBE-AZRTOS-F7 1.1.0
2025-05-27 18:22:09,729 [INFO] ThirdParty:1030 - CMSIS Pack Vendor :STMicroelectronics X-CUBE-AZRTOS-L5 2.0.0
2025-05-27 18:22:09,729 [INFO] ThirdParty:1030 - CMSIS Pack Vendor :STMicroelectronics X-CUBE-TOUCHGFX 4.25.0
2025-05-27 18:22:09,730 [INFO] ThirdParty:1030 - CMSIS Pack Vendor :STMicroelectronics USB_DEVICE 2.0.0
2025-05-27 18:22:09,730 [INFO] ThirdParty:1030 - CMSIS Pack Vendor :STMicroelectronics X-CUBE-NFC6 3.1.0
2025-05-27 18:22:09,730 [INFO] ThirdParty:1030 - CMSIS Pack Vendor :STMicroelectronics FP-SNS-STBOX1 2.0.0
2025-05-27 18:22:09,730 [INFO] ThirdParty:1030 - CMSIS Pack Vendor :STMicroelectronics X-CUBE-MEMS1 11.2.0
2025-05-27 18:22:09,730 [INFO] ThirdParty:1030 - CMSIS Pack Vendor :STMicroelectronics FreeRTOS 0.0.1
2025-05-27 18:22:09,730 [INFO] ThirdParty:1030 - CMSIS Pack Vendor :STMicroelectronics X-CUBE-AZRTOS-G0 1.1.0
2025-05-27 18:22:09,730 [INFO] ThirdParty:1030 - CMSIS Pack Vendor :STMicroelectronics X-CUBE-SAFEA1 1.2.2
2025-05-27 18:22:09,730 [INFO] ThirdParty:1030 - CMSIS Pack Vendor :STMicroelectronics X-CUBE-NFC4 3.0.0
2025-05-27 18:22:09,730 [INFO] ThirdParty:1030 - CMSIS Pack Vendor :STMicroelectronics X-CUBE-DPower 1.2.0
2025-05-27 18:22:09,730 [INFO] ThirdParty:1030 - CMSIS Pack Vendor :STMicroelectronics X-CUBE-SUBG2 5.0.0
2025-05-27 18:22:09,730 [INFO] ThirdParty:1030 - CMSIS Pack Vendor :STMicroelectronics X-CUBE-AZRTOS-H7RS 1.1.0
2025-05-27 18:22:09,730 [INFO] ThirdParty:1030 - CMSIS Pack Vendor :STMicroelectronics STM32_WPAN 1.0.0
2025-05-27 18:22:09,730 [INFO] ThirdParty:1030 - CMSIS Pack Vendor :EmbeddedOffice I-CUBE-FS-RTOS 1.0.1
2025-05-27 18:22:09,730 [INFO] ThirdParty:1030 - CMSIS Pack Vendor :STMicroelectronics lwIP 2.0.3
2025-05-27 18:22:09,730 [INFO] ThirdParty:1030 - CMSIS Pack Vendor :STMicroelectronics FP-SNS-FLIGHT1 5.0.2
2025-05-27 18:22:09,730 [INFO] ThirdParty:1030 - CMSIS Pack Vendor :Cesanta I-CUBE-Mongoose 7.13.0
2025-05-27 18:22:09,731 [INFO] ThirdParty:1030 - CMSIS Pack Vendor :STMicroelectronics USB_HOST 1.0.0
2025-05-27 18:22:09,731 [INFO] ThirdParty:1030 - CMSIS Pack Vendor :Infineon AIROC-Wi-Fi-Bluetooth-STM32 1.7.0
2025-05-27 18:22:09,731 [INFO] ThirdParty:1030 - CMSIS Pack Vendor :STMicroelectronics X-CUBE-AZRTOS-G4 2.0.0
2025-05-27 18:22:09,731 [INFO] ThirdParty:1030 - CMSIS Pack Vendor :STMicroelectronics X-CUBE-WB05N 2.0.0
2025-05-27 18:22:09,731 [INFO] ThirdParty:1030 - CMSIS Pack Vendor :STMicroelectronics PDM2PCM 3.1.0
2025-05-27 18:22:09,731 [INFO] ThirdParty:1030 - CMSIS Pack Vendor :STMicroelectronics PDM2PCM 3.3.0
2025-05-27 18:22:09,731 [INFO] ThirdParty:1030 - CMSIS Pack Vendor :STMicroelectronics X-CUBE-DISPLAY 3.0.0
2025-05-27 18:22:09,731 [INFO] ThirdParty:1030 - CMSIS Pack Vendor :STMicroelectronics X-CUBE-NFC7 2.0.0
2025-05-27 18:22:09,731 [INFO] ThirdParty:1030 - CMSIS Pack Vendor :STMicroelectronics X-CUBE-TCPP 4.2.0
2025-05-27 18:22:09,731 [INFO] ThirdParty:1030 - CMSIS Pack Vendor :RealThread X-CUBE-RT-Thread_Nano 4.1.1
2025-05-27 18:22:09,731 [INFO] ThirdParty:1030 - CMSIS Pack Vendor :STMicroelectronics X-CUBE-BLE1 7.0.0
2025-05-27 18:22:09,731 [INFO] ThirdParty:1030 - CMSIS Pack Vendor :STMicroelectronics FP-ATR-SIGFOX1 3.2.0
2025-05-27 18:22:09,732 [INFO] ThirdParty:1030 - CMSIS Pack Vendor :STMicroelectronics X-CUBE-NFC10 1.0.0
2025-05-27 18:22:09,732 [INFO] ThirdParty:1030 - CMSIS Pack Vendor :quantropi X-CUBE-qispace-sdk-base 1.9.3
2025-05-27 18:22:09,732 [INFO] ThirdParty:1030 - CMSIS Pack Vendor :STMicroelectronics X-CUBE-BLEMGR 4.0.0
2025-05-27 18:22:09,732 [INFO] ThirdParty:1030 - CMSIS Pack Vendor :STMicroelectronics X-CUBE-EEPRMA1 5.1.0
2025-05-27 18:22:09,732 [INFO] ThirdParty:1030 - CMSIS Pack Vendor :STMicroelectronics X-CUBE-FREERTOS 1.3.1
2025-05-27 18:22:09,732 [INFO] ThirdParty:1030 - CMSIS Pack Vendor :STMicroelectronics HAL Drivers 0.0.0
2025-05-27 18:22:09,732 [INFO] ThirdParty:1030 - CMSIS Pack Vendor :STMicroelectronics MBEDTLS 2.16.2
2025-05-27 18:22:09,732 [INFO] ThirdParty:1030 - CMSIS Pack Vendor :STMicroelectronics X-CUBE-IPS 3.1.0
2025-05-27 18:22:09,733 [INFO] ThirdParty:1030 - CMSIS Pack Vendor :STMicroelectronics X-CUBE-ALS 1.0.2
2025-05-27 18:22:09,733 [INFO] ThirdParty:1030 - CMSIS Pack Vendor :emotas I-CUBE-CANOPEN 1.3.0
2025-05-27 18:22:09,733 [INFO] ThirdParty:1030 - CMSIS Pack Vendor :STMicroelectronics X-CUBE-FREERTOS 1.3.0
2025-05-27 18:22:09,733 [INFO] ThirdParty:1030 - CMSIS Pack Vendor :STMicroelectronics X-CUBE-NFC7 1.0.1
2025-05-27 18:22:09,733 [INFO] ThirdParty:1030 - CMSIS Pack Vendor :STMicroelectronics MBEDTLS 2.14.1
2025-05-27 18:22:09,733 [INFO] ThirdParty:1030 - CMSIS Pack Vendor :wolfSSL I-CUBE-wolfSSL 5.7.6
2025-05-27 18:22:09,733 [INFO] ThirdParty:1030 - CMSIS Pack Vendor :ITTIA_DB I-CUBE-ITTIADB 8.9.0
2025-05-27 18:22:09,733 [INFO] ThirdParty:1030 - CMSIS Pack Vendor :STMicroelectronics X-CUBE-TOUCHGFX 4.24.2
2025-05-27 18:22:09,733 [INFO] ThirdParty:1030 - CMSIS Pack Vendor :wolfSSL I-CUBE-wolfTPM 3.4.0
2025-05-27 18:22:09,733 [INFO] ThirdParty:1030 - CMSIS Pack Vendor :portGmbH I-Cube-SoM-uGOAL 1.1.0
2025-05-27 18:22:09,733 [INFO] ThirdParty:1030 - CMSIS Pack Vendor :STMicroelectronics X-CUBE-AI 10.0.0
2025-05-27 18:22:09,733 [INFO] ThirdParty:1030 - CMSIS Pack Vendor :STMicroelectronics ThreadX 1.0.0
2025-05-27 18:22:09,733 [INFO] ThirdParty:1030 - CMSIS Pack Vendor :STMicroelectronics FP-SNS-SMARTAG2 1.2.0
2025-05-27 18:22:09,734 [INFO] ThirdParty:1030 - CMSIS Pack Vendor :STMicroelectronics FP-SNS-FLIGHT1 5.1.0
2025-05-27 18:22:09,734 [INFO] ThirdParty:1030 - CMSIS Pack Vendor :STMicroelectronics X-CUBE-MEMS1 11.1.0
2025-05-27 18:22:09,734 [INFO] ThirdParty:1030 - CMSIS Pack Vendor :STMicroelectronics X-CUBE-AZRTOS-WL 2.0.0
2025-05-27 18:22:09,734 [INFO] ThirdParty:1030 - CMSIS Pack Vendor :SEGGER I-CUBE-embOS 1.3.1
2025-05-27 18:22:09,734 [INFO] ThirdParty:1030 - CMSIS Pack Vendor :STMicroelectronics X-CUBE-ALGOBUILD 1.4.0
2025-05-27 18:22:09,734 [INFO] ThirdParty:1030 - CMSIS Pack Vendor :STMicroelectronics X-CUBE-DPower 1.3.0
2025-05-27 18:22:09,734 [INFO] ThirdParty:1030 - CMSIS Pack Vendor :STMicroelectronics FP-SNS-MOTENV1 5.0.0
2025-05-27 18:22:09,734 [INFO] ThirdParty:1030 - CMSIS Pack Vendor :STMicroelectronics USB_DEVICE 1.0.0
2025-05-27 18:22:09,735 [INFO] ThirdParty:1030 - CMSIS Pack Vendor :STMicroelectronics X-CUBE-AZRTOS-H7RS 1.0.0
2025-05-27 18:22:09,737 [INFO] ThirdParty:1030 - CMSIS Pack Vendor :wolfSSL I-CUBE-wolfMQTT 1.19.0
2025-05-27 18:22:09,737 [INFO] ThirdParty:1030 - CMSIS Pack Vendor :STMicroelectronics X-CUBE-AZRTOS-L4 2.0.0
2025-05-27 18:22:09,737 [INFO] ThirdParty:1030 - CMSIS Pack Vendor :STMicroelectronics ThreadX 0.0.2
2025-05-27 18:22:09,737 [INFO] ThirdParty:1030 - CMSIS Pack Vendor :WES I-CUBE-Cesium 1.3.0
2025-05-27 18:22:09,737 [INFO] ThirdParty:1030 - CMSIS Pack Vendor :STMicroelectronics lwIP 2.1.2
2025-05-27 18:22:09,738 [INFO] ThirdParty:1030 - CMSIS Pack Vendor :STMicroelectronics X-CUBE-SFXS2LP1 4.0.0
2025-05-27 18:22:09,738 [INFO] ThirdParty:1030 - CMSIS Pack Vendor :STMicroelectronics X-CUBE-BLE2 3.3.0
2025-05-27 18:22:09,738 [INFO] ThirdParty:1030 - CMSIS Pack Vendor :STMicroelectronics X-CUBE-TOF1 3.4.2
2025-05-27 18:22:09,738 [INFO] ThirdParty:1030 - CMSIS Pack Vendor :STMicroelectronics X-CUBE-TOF1 3.4.3
2025-05-27 18:22:09,738 [INFO] ThirdParty:1030 - CMSIS Pack Vendor :STMicroelectronics PDM2PCM 3.2.0
2025-05-27 18:22:09,739 [INFO] ThirdParty:1030 - CMSIS Pack Vendor :wolfSSL I-CUBE-wolfSSH 1.4.17
2025-05-27 18:22:09,739 [INFO] ThirdParty:841 - exiting critical section [change project]
2025-05-27 18:22:10,013 [ERROR] LogOutputStream:75 - [STDERR_REDIRECT] Exception in thread "AWT-EventQueue-0" java.lang.ArrayIndexOutOfBoundsException: 0 >= 0
2025-05-27 18:22:10,015 [ERROR] LogOutputStream:75 - [STDERR_REDIRECT] 	at java.base/java.util.Vector.elementAt(Vector.java:466)
2025-05-27 18:22:10,018 [ERROR] LogOutputStream:75 - [STDERR_REDIRECT] 	at java.desktop/javax.swing.table.DefaultTableColumnModel.getColumn(DefaultTableColumnModel.java:298)
2025-05-27 18:22:10,020 [ERROR] LogOutputStream:75 - [STDERR_REDIRECT] 	at java.desktop/javax.swing.JTable.getCellRect(JTable.java:3018)
2025-05-27 18:22:10,022 [ERROR] LogOutputStream:75 - [STDERR_REDIRECT] 	at java.desktop/javax.swing.plaf.basic.BasicTableUI.createTableSize(BasicTableUI.java:1745)
2025-05-27 18:22:10,025 [ERROR] LogOutputStream:75 - [STDERR_REDIRECT] 	at java.desktop/javax.swing.plaf.basic.BasicTableUI.getPreferredSize(BasicTableUI.java:1784)
2025-05-27 18:22:10,027 [ERROR] LogOutputStream:75 - [STDERR_REDIRECT] 	at java.desktop/javax.swing.JComponent.getPreferredSize(JComponent.java:1734)
2025-05-27 18:22:10,031 [ERROR] LogOutputStream:75 - [STDERR_REDIRECT] 	at java.desktop/javax.swing.ScrollPaneLayout.preferredLayoutSize(ScrollPaneLayout.java:503)
2025-05-27 18:22:10,034 [ERROR] LogOutputStream:75 - [STDERR_REDIRECT] 	at java.desktop/java.awt.Container.preferredSize(Container.java:1826)
2025-05-27 18:22:10,036 [ERROR] LogOutputStream:75 - [STDERR_REDIRECT] 	at java.desktop/java.awt.Container.getPreferredSize(Container.java:1810)
2025-05-27 18:22:10,038 [ERROR] LogOutputStream:75 - [STDERR_REDIRECT] 	at java.desktop/javax.swing.JComponent.getPreferredSize(JComponent.java:1736)
2025-05-27 18:22:10,040 [ERROR] LogOutputStream:75 - [STDERR_REDIRECT] 	at org.jdesktop.swingx.VerticalLayout.preferredLayoutSize(VerticalLayout.java:80)
2025-05-27 18:22:10,042 [ERROR] LogOutputStream:75 - [STDERR_REDIRECT] 	at java.desktop/java.awt.Container.preferredSize(Container.java:1826)
2025-05-27 18:22:10,042 [INFO] PinOutPanel:1589 - setPackage(No Configuration,No Configuration)
2025-05-27 18:22:10,043 [ERROR] LogOutputStream:75 - [STDERR_REDIRECT] 	at java.desktop/java.awt.Container.getPreferredSize(Container.java:1810)
2025-05-27 18:22:10,043 [INFO] PinOutPanel:1589 - setPackage(STM32G431RBTx,LQFP64)
2025-05-27 18:22:10,046 [ERROR] LogOutputStream:75 - [STDERR_REDIRECT] 	at java.desktop/javax.swing.JComponent.getPreferredSize(JComponent.java:1736)
2025-05-27 18:22:10,050 [ERROR] LogOutputStream:75 - [STDERR_REDIRECT] 	at org.jdesktop.swingx.JXCollapsiblePane$AnimationListener.actionPerformed(JXCollapsiblePane.java:817)
2025-05-27 18:22:10,052 [ERROR] LogOutputStream:75 - [STDERR_REDIRECT] 	at java.desktop/javax.swing.Timer.fireActionPerformed(Timer.java:311)
2025-05-27 18:22:10,054 [ERROR] LogOutputStream:75 - [STDERR_REDIRECT] 	at java.desktop/javax.swing.Timer$DoPostEvent.run(Timer.java:243)
2025-05-27 18:22:10,058 [ERROR] LogOutputStream:75 - [STDERR_REDIRECT] 	at java.desktop/java.awt.event.InvocationEvent.dispatch(InvocationEvent.java:318)
2025-05-27 18:22:10,061 [ERROR] LogOutputStream:75 - [STDERR_REDIRECT] 	at java.desktop/java.awt.EventQueue.dispatchEventImpl(EventQueue.java:773)
2025-05-27 18:22:10,066 [ERROR] LogOutputStream:75 - [STDERR_REDIRECT] 	at java.desktop/java.awt.EventQueue$4.run(EventQueue.java:720)
2025-05-27 18:22:10,069 [ERROR] LogOutputStream:75 - [STDERR_REDIRECT] 	at java.desktop/java.awt.EventQueue$4.run(EventQueue.java:714)
2025-05-27 18:22:10,072 [ERROR] LogOutputStream:75 - [STDERR_REDIRECT] 	at java.base/java.security.AccessController.doPrivileged(AccessController.java:400)
2025-05-27 18:22:10,075 [ERROR] LogOutputStream:75 - [STDERR_REDIRECT] 	at java.base/java.security.ProtectionDomain$JavaSecurityAccessImpl.doIntersectionPrivilege(ProtectionDomain.java:87)
2025-05-27 18:22:10,078 [ERROR] LogOutputStream:75 - [STDERR_REDIRECT] 	at java.desktop/java.awt.EventQueue.dispatchEvent(EventQueue.java:742)
2025-05-27 18:22:10,081 [ERROR] LogOutputStream:75 - [STDERR_REDIRECT] 	at java.desktop/java.awt.EventDispatchThread.pumpOneEventForFilters(EventDispatchThread.java:203)
2025-05-27 18:22:10,084 [ERROR] LogOutputStream:75 - [STDERR_REDIRECT] 	at java.desktop/java.awt.EventDispatchThread.pumpEventsForFilter(EventDispatchThread.java:124)
2025-05-27 18:22:10,086 [ERROR] LogOutputStream:75 - [STDERR_REDIRECT] 	at java.desktop/java.awt.EventDispatchThread.pumpEventsForFilter(EventDispatchThread.java:117)
2025-05-27 18:22:10,088 [ERROR] LogOutputStream:75 - [STDERR_REDIRECT] 	at java.desktop/java.awt.WaitDispatchSupport$2.run(WaitDispatchSupport.java:191)
2025-05-27 18:22:10,089 [ERROR] LogOutputStream:75 - [STDERR_REDIRECT] 	at java.desktop/java.awt.WaitDispatchSupport$4.run(WaitDispatchSupport.java:236)
2025-05-27 18:22:10,091 [ERROR] LogOutputStream:75 - [STDERR_REDIRECT] 	at java.desktop/java.awt.WaitDispatchSupport$4.run(WaitDispatchSupport.java:234)
2025-05-27 18:22:10,093 [ERROR] LogOutputStream:75 - [STDERR_REDIRECT] 	at java.base/java.security.AccessController.doPrivileged(AccessController.java:319)
2025-05-27 18:22:10,094 [ERROR] LogOutputStream:75 - [STDERR_REDIRECT] 	at java.desktop/java.awt.WaitDispatchSupport.enter(WaitDispatchSupport.java:234)
2025-05-27 18:22:10,096 [ERROR] LogOutputStream:75 - [STDERR_REDIRECT] 	at java.desktop/java.awt.Dialog.show(Dialog.java:1079)
2025-05-27 18:22:10,098 [ERROR] LogOutputStream:75 - [STDERR_REDIRECT] 	at java.desktop/java.awt.Component.show(Component.java:1728)
2025-05-27 18:22:10,099 [ERROR] LogOutputStream:75 - [STDERR_REDIRECT] 	at java.desktop/java.awt.Component.setVisible(Component.java:1675)
2025-05-27 18:22:10,100 [ERROR] LogOutputStream:75 - [STDERR_REDIRECT] 	at java.desktop/java.awt.Window.setVisible(Window.java:1036)
2025-05-27 18:22:10,101 [ERROR] LogOutputStream:75 - [STDERR_REDIRECT] 	at java.desktop/java.awt.Dialog.setVisible(Dialog.java:1015)
2025-05-27 18:22:10,102 [ERROR] LogOutputStream:75 - [STDERR_REDIRECT] 	at com.st.microxplorer.util.ProcessBarDialog.doAction(ProcessBarDialog.java:173)
2025-05-27 18:22:10,103 [ERROR] LogOutputStream:75 - [STDERR_REDIRECT] 	at com.st.microxplorer.mxsystem.MxSystem.completeLoadConfig(MxSystem.java:828)
2025-05-27 18:22:10,105 [ERROR] LogOutputStream:75 - [STDERR_REDIRECT] 	at com.st.microxplorer.plugins.filemanager.engine.OpenFileManager.LoadConfig(OpenFileManager.java:355)
2025-05-27 18:22:10,107 [ERROR] LogOutputStream:75 - [STDERR_REDIRECT] 	at com.st.microxplorer.plugins.filemanager.engine.OpenFileManager.loadConfigurationFile(OpenFileManager.java:269)
2025-05-27 18:22:10,110 [ERROR] LogOutputStream:75 - [STDERR_REDIRECT] 	at com.st.microxplorer.plugins.filemanager.engine.MainFileManager.userLoadConfig(MainFileManager.java:340)
2025-05-27 18:22:10,113 [ERROR] LogOutputStream:75 - [STDERR_REDIRECT] 	at com.st.microxplorer.plugins.filemanager.engine.MainFileManager.userLoadConfig(MainFileManager.java:318)
2025-05-27 18:22:10,116 [ERROR] LogOutputStream:75 - [STDERR_REDIRECT] 	at com.st.microxplorer.plugins.filemanager.FileManagerView.getSpecificTask(FileManagerView.java:246)
2025-05-27 18:22:10,136 [ERROR] LogOutputStream:75 - [STDERR_REDIRECT] 	at com.st.stm32cube.common.mx.editor.CubeMxEditor.getMxTabbedPaneInstance(CubeMxEditor.java:1198)
2025-05-27 18:22:10,138 [ERROR] LogOutputStream:75 - [STDERR_REDIRECT] 	at com.st.stm32cube.common.mx.editor.CubeMxEditor$12$1.createSwingComponent(CubeMxEditor.java:1068)
2025-05-27 18:22:10,140 [ERROR] LogOutputStream:75 - [STDERR_REDIRECT] 	at com.st.stm32cube.common.mx.oss.core.awtswtbridge.EmbeddedSwingComposite.doComponentCreation(EmbeddedSwingComposite.java:492)
2025-05-27 18:22:10,143 [ERROR] LogOutputStream:75 - [STDERR_REDIRECT] 	at com.st.stm32cube.common.mx.oss.core.awtswtbridge.EmbeddedSwingComposite$4.run(EmbeddedSwingComposite.java:291)
2025-05-27 18:22:10,145 [ERROR] LogOutputStream:75 - [STDERR_REDIRECT] 	at com.st.stm32cube.common.mx.oss.core.awtswtbridge.AwtEnvironment$2.run(AwtEnvironment.java:166)
2025-05-27 18:22:10,148 [ERROR] LogOutputStream:75 - [STDERR_REDIRECT] 	at java.desktop/java.awt.event.InvocationEvent.dispatch(InvocationEvent.java:318)
2025-05-27 18:22:10,150 [ERROR] LogOutputStream:75 - [STDERR_REDIRECT] 	at java.desktop/java.awt.EventQueue.dispatchEventImpl(EventQueue.java:773)
2025-05-27 18:22:10,152 [ERROR] LogOutputStream:75 - [STDERR_REDIRECT] 	at java.desktop/java.awt.EventQueue$4.run(EventQueue.java:720)
2025-05-27 18:22:10,153 [ERROR] LogOutputStream:75 - [STDERR_REDIRECT] 	at java.desktop/java.awt.EventQueue$4.run(EventQueue.java:714)
2025-05-27 18:22:10,154 [ERROR] LogOutputStream:75 - [STDERR_REDIRECT] 	at java.base/java.security.AccessController.doPrivileged(AccessController.java:400)
2025-05-27 18:22:10,156 [ERROR] LogOutputStream:75 - [STDERR_REDIRECT] 	at java.base/java.security.ProtectionDomain$JavaSecurityAccessImpl.doIntersectionPrivilege(ProtectionDomain.java:87)
2025-05-27 18:22:10,157 [ERROR] LogOutputStream:75 - [STDERR_REDIRECT] 	at java.desktop/java.awt.EventQueue.dispatchEvent(EventQueue.java:742)
2025-05-27 18:22:10,158 [ERROR] LogOutputStream:75 - [STDERR_REDIRECT] 	at java.desktop/java.awt.EventDispatchThread.pumpOneEventForFilters(EventDispatchThread.java:203)
2025-05-27 18:22:10,161 [ERROR] LogOutputStream:75 - [STDERR_REDIRECT] 	at java.desktop/java.awt.EventDispatchThread.pumpEventsForFilter(EventDispatchThread.java:124)
2025-05-27 18:22:10,166 [ERROR] LogOutputStream:75 - [STDERR_REDIRECT] 	at java.desktop/java.awt.EventDispatchThread.pumpEventsForHierarchy(EventDispatchThread.java:113)
2025-05-27 18:22:10,168 [ERROR] LogOutputStream:75 - [STDERR_REDIRECT] 	at java.desktop/java.awt.EventDispatchThread.pumpEvents(EventDispatchThread.java:109)
2025-05-27 18:22:10,170 [ERROR] LogOutputStream:75 - [STDERR_REDIRECT] 	at java.desktop/java.awt.EventDispatchThread.pumpEvents(EventDispatchThread.java:101)
2025-05-27 18:22:10,172 [ERROR] LogOutputStream:75 - [STDERR_REDIRECT] 	at java.desktop/java.awt.EventDispatchThread.run(EventDispatchThread.java:90)
2025-05-27 18:22:10,322 [INFO] UtilMem:75 - Before build in PCC Used Memory: 806005248 Bytes (1073741824)
2025-05-27 18:22:10,999 [INFO] UtilMem:75 - After build in PCC Used Memory: 899854848 Bytes (1073741824)
2025-05-27 18:22:11,034 [INFO] IPUIPlugin:80 - create IPUIPlugin
2025-05-27 18:22:11,034 [INFO] IPUIPlugin:80 - create IPUIPlugin
2025-05-27 18:22:11,034 [INFO] IPUIPlugin:80 - create IPUIPlugin
2025-05-27 18:22:11,034 [INFO] IPUIPlugin:80 - create IPUIPlugin
2025-05-27 18:22:11,034 [INFO] IPUIPlugin:80 - create IPUIPlugin
2025-05-27 18:22:11,034 [INFO] IPUIPlugin:80 - create IPUIPlugin
2025-05-27 18:22:11,034 [INFO] IPUIPlugin:80 - create IPUIPlugin
2025-05-27 18:22:11,035 [INFO] IPUIPlugin:80 - create IPUIPlugin
2025-05-27 18:22:11,035 [INFO] IPUIPlugin:80 - create IPUIPlugin
2025-05-27 18:22:11,035 [INFO] IPUIPlugin:80 - create IPUIPlugin
2025-05-27 18:22:11,035 [INFO] IPUIPlugin:80 - create IPUIPlugin
2025-05-27 18:22:11,035 [INFO] IPUIPlugin:80 - create IPUIPlugin
2025-05-27 18:22:11,035 [INFO] IPUIPlugin:80 - create IPUIPlugin
2025-05-27 18:22:11,036 [INFO] IPUIPlugin:80 - create IPUIPlugin
2025-05-27 18:22:11,036 [INFO] IPUIPlugin:80 - create IPUIPlugin
2025-05-27 18:22:11,036 [INFO] IPUIPlugin:80 - create IPUIPlugin
2025-05-27 18:22:11,036 [INFO] IPUIPlugin:80 - create IPUIPlugin
2025-05-27 18:22:11,036 [INFO] IPUIPlugin:80 - create IPUIPlugin
2025-05-27 18:22:11,037 [INFO] IPUIPlugin:80 - create IPUIPlugin
2025-05-27 18:22:11,037 [INFO] IPUIPlugin:80 - create IPUIPlugin
2025-05-27 18:22:11,037 [INFO] IPUIPlugin:80 - create IPUIPlugin
2025-05-27 18:22:11,037 [INFO] IPUIPlugin:80 - create IPUIPlugin
2025-05-27 18:22:11,037 [INFO] IPUIPlugin:80 - create IPUIPlugin
2025-05-27 18:22:11,037 [INFO] IPUIPlugin:80 - create IPUIPlugin
2025-05-27 18:22:11,038 [INFO] IPUIPlugin:80 - create IPUIPlugin
2025-05-27 18:22:11,038 [INFO] IPUIPlugin:80 - create IPUIPlugin
2025-05-27 18:22:11,038 [INFO] IPUIPlugin:80 - create IPUIPlugin
2025-05-27 18:22:11,039 [INFO] IPUIPlugin:80 - create IPUIPlugin
2025-05-27 18:22:11,039 [INFO] IPUIPlugin:80 - create IPUIPlugin
2025-05-27 18:22:11,039 [INFO] IPUIPlugin:80 - create IPUIPlugin
2025-05-27 18:22:11,039 [INFO] IPUIPlugin:80 - create IPUIPlugin
2025-05-27 18:22:11,040 [INFO] IPUIPlugin:80 - create IPUIPlugin
2025-05-27 18:22:11,040 [INFO] IPUIPlugin:80 - create IPUIPlugin
2025-05-27 18:22:11,040 [INFO] IPUIPlugin:80 - create IPUIPlugin
2025-05-27 18:22:11,040 [INFO] IPUIPlugin:80 - create IPUIPlugin
2025-05-27 18:22:11,041 [INFO] IPUIPlugin:80 - create IPUIPlugin
2025-05-27 18:22:11,041 [INFO] IPUIPlugin:80 - create IPUIPlugin
2025-05-27 18:22:11,041 [INFO] IPUIPlugin:80 - create IPUIPlugin
2025-05-27 18:22:11,042 [INFO] IPUIPlugin:80 - create IPUIPlugin
2025-05-27 18:22:11,042 [INFO] IPUIPlugin:80 - create IPUIPlugin
2025-05-27 18:22:11,042 [INFO] IPUIPlugin:80 - create IPUIPlugin
2025-05-27 18:22:11,042 [INFO] IPUIPlugin:80 - create IPUIPlugin
2025-05-27 18:22:11,043 [INFO] IPUIPlugin:80 - create IPUIPlugin
2025-05-27 18:22:11,043 [INFO] IPUIPlugin:80 - create IPUIPlugin
2025-05-27 18:22:11,043 [INFO] IPUIPlugin:80 - create IPUIPlugin
2025-05-27 18:22:11,044 [INFO] IPUIPlugin:80 - create IPUIPlugin
2025-05-27 18:22:11,044 [INFO] IPUIPlugin:80 - create IPUIPlugin
2025-05-27 18:22:11,045 [INFO] IPUIPlugin:80 - create IPUIPlugin
2025-05-27 18:22:11,045 [INFO] IPUIPlugin:80 - create IPUIPlugin
2025-05-27 18:22:11,046 [INFO] IPUIPlugin:80 - create IPUIPlugin
2025-05-27 18:22:11,046 [INFO] IPUIPlugin:80 - create IPUIPlugin
2025-05-27 18:22:11,046 [INFO] IPUIPlugin:80 - create IPUIPlugin
2025-05-27 18:22:11,046 [INFO] IPUIPlugin:80 - create IPUIPlugin
2025-05-27 18:22:11,047 [INFO] IPUIPlugin:80 - create IPUIPlugin
2025-05-27 18:22:11,047 [INFO] IPUIPlugin:80 - create IPUIPlugin
2025-05-27 18:22:11,047 [INFO] IPUIPlugin:80 - create IPUIPlugin
2025-05-27 18:22:11,047 [INFO] IPUIPlugin:80 - create IPUIPlugin
2025-05-27 18:22:11,048 [INFO] IPUIPlugin:80 - create IPUIPlugin
2025-05-27 18:22:11,048 [INFO] IPUIPlugin:80 - create IPUIPlugin
2025-05-27 18:22:11,133 [INFO] CADModel:165 - CPN selected for project levelSTM32G431RBT6
2025-05-27 18:22:11,133 [INFO] CADModel:114 - Register for checkConnection events
2025-05-27 18:22:11,211 [INFO] OpenFileManager:363 - Restore cursor
2025-05-27 18:23:54,161 [INFO] UtilMem:75 - End SaveConfig() Used Memory: 887671360 Bytes (1073741824)
2025-05-27 18:23:55,159 [ERROR] IocParser:95 - Exception caught: Cannot invoke "java.lang.CharSequence.length()" because "this.text" is null
2025-05-27 18:23:55,944 [INFO] UtilMem:75 - End SaveConfig() Used Memory: 914412096 Bytes (1073741824)
2025-05-27 18:23:57,747 [INFO] UtilMem:75 - End SaveConfig() Used Memory: 955306560 Bytes (1073741824)
2025-05-27 18:23:58,066 [ERROR] IocParser:95 - Exception caught: Cannot invoke "java.lang.CharSequence.length()" because "this.text" is null
2025-05-27 18:23:58,452 [INFO] BlockDiagram:2766 - set Specific Code input for plugin: TIM1_8G4
2025-05-27 18:23:58,452 [INFO] BlockDiagram:2766 - set Specific Code input for plugin: TIM1_8G4
2025-05-27 18:23:58,452 [INFO] BlockDiagram:2766 - set Specific Code input for plugin: TIM1_8G4
2025-05-27 18:23:58,452 [INFO] BlockDiagram:2766 - set Specific Code input for plugin: SYS
2025-05-27 18:23:58,453 [INFO] BlockDiagram:2766 - set Specific Code input for plugin: RCC
2025-05-27 18:23:58,453 [INFO] BlockDiagram:2766 - set Specific Code input for plugin: I2C
2025-05-27 18:23:58,453 [INFO] BlockDiagram:2766 - set Specific Code input for plugin: NVIC
2025-05-27 18:23:58,453 [INFO] BlockDiagram:2766 - set Specific Code input for plugin: USART
2025-05-27 18:23:58,453 [INFO] BlockDiagram:2766 - set Specific Code input for plugin: TIM1_8G4
2025-05-27 18:23:58,453 [INFO] BlockDiagram:2766 - set Specific Code input for plugin: TIM1_8G4
2025-05-27 18:23:58,453 [INFO] BlockDiagram:2766 - set Specific Code input for plugin: TIM1_8G4
2025-05-27 18:23:58,456 [INFO] BlockDiagram:2766 - set Specific Code input for plugin: GPIO
2025-05-27 18:23:58,456 [INFO] BlockDiagram:2766 - set Specific Code input for plugin: NUCLEO-G431RB
2025-05-27 18:23:58,460 [INFO] CodeGenerator:896 - code generatio: config db path: C:\ST\STM32CubeIDE_1.17.0\STM32CubeIDE\plugins\com.st.stm32cube.common.mx_6.13.0.202411220809\\db\
2025-05-27 18:23:58,963 [INFO] CodeEngine:255 - oldGeneratedFile, C:\Users\thepd\STM32CubeIDE\to_stm_base_proj_added_i2c\test\MXTmpFiles\license.tmp_save
2025-05-27 18:23:59,270 [INFO] CodeEngine:279 - Generated code: C:\Users\thepd\STM32CubeIDE\to_stm_base_proj_added_i2c\test\MXTmpFiles\license.tmp
2025-05-27 18:23:59,420 [INFO] CodeEngine:255 - oldGeneratedFile, C:\Users\thepd\STM32CubeIDE\to_stm_base_proj_added_i2c\test\Core\Src\gpio.c_save
2025-05-27 18:23:59,557 [INFO] CodeEngine:279 - Generated code: C:\Users\thepd\STM32CubeIDE\to_stm_base_proj_added_i2c\test\Core\Src\gpio.c
2025-05-27 18:23:59,566 [INFO] CodeEngine:255 - oldGeneratedFile, C:\Users\thepd\STM32CubeIDE\to_stm_base_proj_added_i2c\test\Core\Inc\gpio.h_save
2025-05-27 18:23:59,668 [INFO] CodeEngine:279 - Generated code: C:\Users\thepd\STM32CubeIDE\to_stm_base_proj_added_i2c\test\Core\Inc\gpio.h
2025-05-27 18:24:00,647 [INFO] CodeEngine:255 - oldGeneratedFile, C:\Users\thepd\STM32CubeIDE\to_stm_base_proj_added_i2c\test\Core\Src\i2c.c_save
2025-05-27 18:24:00,820 [INFO] CodeEngine:279 - Generated code: C:\Users\thepd\STM32CubeIDE\to_stm_base_proj_added_i2c\test\Core\Src\i2c.c
2025-05-27 18:24:00,832 [INFO] CodeEngine:255 - oldGeneratedFile, C:\Users\thepd\STM32CubeIDE\to_stm_base_proj_added_i2c\test\Core\Inc\i2c.h_save
2025-05-27 18:24:00,940 [INFO] CodeEngine:279 - Generated code: C:\Users\thepd\STM32CubeIDE\to_stm_base_proj_added_i2c\test\Core\Inc\i2c.h
2025-05-27 18:24:00,977 [INFO] CodeEngine:255 - oldGeneratedFile, C:\Users\thepd\STM32CubeIDE\to_stm_base_proj_added_i2c\test\Core\Inc\stm32g4xx_nucleo_conf.h_save
2025-05-27 18:24:01,093 [INFO] CodeEngine:279 - Generated code: C:\Users\thepd\STM32CubeIDE\to_stm_base_proj_added_i2c\test\Core\Inc\stm32g4xx_nucleo_conf.h
2025-05-27 18:24:01,101 [INFO] CodeEngine:255 - oldGeneratedFile, C:\Users\thepd\STM32CubeIDE\to_stm_base_proj_added_i2c\test\MXTmpFiles\bsp_inc.tmp_save
2025-05-27 18:24:01,191 [INFO] CodeEngine:279 - Generated code: C:\Users\thepd\STM32CubeIDE\to_stm_base_proj_added_i2c\test\MXTmpFiles\bsp_inc.tmp
2025-05-27 18:24:01,198 [INFO] CodeEngine:255 - oldGeneratedFile, C:\Users\thepd\STM32CubeIDE\to_stm_base_proj_added_i2c\test\MXTmpFiles\bsp_common_vars.tmp_save
2025-05-27 18:24:01,302 [INFO] CodeEngine:279 - Generated code: C:\Users\thepd\STM32CubeIDE\to_stm_base_proj_added_i2c\test\MXTmpFiles\bsp_common_vars.tmp
2025-05-27 18:24:01,310 [INFO] CodeEngine:255 - oldGeneratedFile, C:\Users\thepd\STM32CubeIDE\to_stm_base_proj_added_i2c\test\MXTmpFiles\bsp_common_init.tmp_save
2025-05-27 18:24:01,441 [INFO] CodeEngine:279 - Generated code: C:\Users\thepd\STM32CubeIDE\to_stm_base_proj_added_i2c\test\MXTmpFiles\bsp_common_init.tmp
2025-05-27 18:24:01,448 [INFO] CodeEngine:255 - oldGeneratedFile, C:\Users\thepd\STM32CubeIDE\to_stm_base_proj_added_i2c\test\MXTmpFiles\bsp_common_demo_before_while.tmp_save
2025-05-27 18:24:01,538 [INFO] CodeEngine:279 - Generated code: C:\Users\thepd\STM32CubeIDE\to_stm_base_proj_added_i2c\test\MXTmpFiles\bsp_common_demo_before_while.tmp
2025-05-27 18:24:01,546 [INFO] CodeEngine:255 - oldGeneratedFile, C:\Users\thepd\STM32CubeIDE\to_stm_base_proj_added_i2c\test\MXTmpFiles\bsp_common_demo_inside_while.tmp_save
2025-05-27 18:24:01,657 [INFO] CodeEngine:279 - Generated code: C:\Users\thepd\STM32CubeIDE\to_stm_base_proj_added_i2c\test\MXTmpFiles\bsp_common_demo_inside_while.tmp
2025-05-27 18:24:01,664 [INFO] CodeEngine:255 - oldGeneratedFile, C:\Users\thepd\STM32CubeIDE\to_stm_base_proj_added_i2c\test\MXTmpFiles\bsp_common_demo_fct.tmp_save
2025-05-27 18:24:01,747 [INFO] CodeEngine:279 - Generated code: C:\Users\thepd\STM32CubeIDE\to_stm_base_proj_added_i2c\test\MXTmpFiles\bsp_common_demo_fct.tmp
2025-05-27 18:24:01,790 [INFO] CodeEngine:255 - oldGeneratedFile, C:\Users\thepd\STM32CubeIDE\to_stm_base_proj_added_i2c\test\Core\Src\tim.c_save
2025-05-27 18:24:02,060 [INFO] CodeEngine:279 - Generated code: C:\Users\thepd\STM32CubeIDE\to_stm_base_proj_added_i2c\test\Core\Src\tim.c
2025-05-27 18:24:02,081 [INFO] CodeEngine:255 - oldGeneratedFile, C:\Users\thepd\STM32CubeIDE\to_stm_base_proj_added_i2c\test\Core\Inc\tim.h_save
2025-05-27 18:24:02,174 [INFO] CodeEngine:279 - Generated code: C:\Users\thepd\STM32CubeIDE\to_stm_base_proj_added_i2c\test\Core\Inc\tim.h
2025-05-27 18:24:02,213 [INFO] CodeEngine:255 - oldGeneratedFile, C:\Users\thepd\STM32CubeIDE\to_stm_base_proj_added_i2c\test\Core\Src\usart.c_save
2025-05-27 18:24:02,345 [INFO] CodeEngine:279 - Generated code: C:\Users\thepd\STM32CubeIDE\to_stm_base_proj_added_i2c\test\Core\Src\usart.c
2025-05-27 18:24:02,355 [INFO] CodeEngine:255 - oldGeneratedFile, C:\Users\thepd\STM32CubeIDE\to_stm_base_proj_added_i2c\test\Core\Inc\usart.h_save
2025-05-27 18:24:02,443 [INFO] CodeEngine:279 - Generated code: C:\Users\thepd\STM32CubeIDE\to_stm_base_proj_added_i2c\test\Core\Inc\usart.h
2025-05-27 18:24:02,483 [INFO] CodeEngine:255 - oldGeneratedFile, C:\Users\thepd\STM32CubeIDE\to_stm_base_proj_added_i2c\test\Core\Src\stm32g4xx_it.c_save
2025-05-27 18:24:02,811 [INFO] CodeEngine:279 - Generated code: C:\Users\thepd\STM32CubeIDE\to_stm_base_proj_added_i2c\test\Core\Src\stm32g4xx_it.c
2025-05-27 18:24:02,823 [INFO] CodeEngine:255 - oldGeneratedFile, C:\Users\thepd\STM32CubeIDE\to_stm_base_proj_added_i2c\test\Core\Inc\stm32g4xx_it.h_save
2025-05-27 18:24:02,918 [INFO] CodeEngine:279 - Generated code: C:\Users\thepd\STM32CubeIDE\to_stm_base_proj_added_i2c\test\Core\Inc\stm32g4xx_it.h
2025-05-27 18:24:02,968 [INFO] CodeEngine:255 - oldGeneratedFile, C:\Users\thepd\STM32CubeIDE\to_stm_base_proj_added_i2c\test\Core\Src\stm32g4xx_hal_msp.c_save
2025-05-27 18:24:03,107 [INFO] CodeEngine:279 - Generated code: C:\Users\thepd\STM32CubeIDE\to_stm_base_proj_added_i2c\test\Core\Src\stm32g4xx_hal_msp.c
2025-05-27 18:24:03,114 [INFO] CodeEngine:255 - oldGeneratedFile, C:\Users\thepd\STM32CubeIDE\to_stm_base_proj_added_i2c\test\MXTmpFiles\system.tmp_save
2025-05-27 18:24:03,216 [INFO] CodeEngine:279 - Generated code: C:\Users\thepd\STM32CubeIDE\to_stm_base_proj_added_i2c\test\MXTmpFiles\system.tmp
2025-05-27 18:24:03,260 [INFO] CodeEngine:311 - oldGeneratedFile, C:\Users\thepd\STM32CubeIDE\to_stm_base_proj_added_i2c\test\Core\Inc\stm32g4xx_hal_conf.h_save
2025-05-27 18:24:03,435 [INFO] CodeEngine:335 - Generated code: C:\Users\thepd\STM32CubeIDE\to_stm_base_proj_added_i2c\test\Core\Inc\stm32g4xx_hal_conf.h
2025-05-27 18:24:03,484 [WARN] IPConfigManager:3034 - Warning: the RefConfig RCC_CommonPeriphClockConfig is not available in your config.xml file
2025-05-27 18:24:03,493 [INFO] ApiDbMcu:508 - Load IP Config File for I2C1
2025-05-27 18:24:03,527 [INFO] ApiDbMcu:508 - Load IP Config File for TIM2
2025-05-27 18:24:03,548 [INFO] ApiDbMcu:508 - Load IP Config File for TIM3
2025-05-27 18:24:03,568 [INFO] ApiDbMcu:508 - Load IP Config File for TIM4
2025-05-27 18:24:03,595 [INFO] ApiDbMcu:508 - Load IP Config File for TIM8
2025-05-27 18:24:03,616 [INFO] ApiDbMcu:508 - Load IP Config File for TIM16
2025-05-27 18:24:03,642 [INFO] ApiDbMcu:508 - Load IP Config File for TIM17
2025-05-27 18:24:03,658 [INFO] ApiDbMcu:508 - Load IP Config File for USART1
2025-05-27 18:24:03,662 [INFO] ApiDbMcu:508 - Load IP Config File for RCC
2025-05-27 18:24:03,705 [INFO] CodeEngine:255 - oldGeneratedFile, C:\Users\thepd\STM32CubeIDE\to_stm_base_proj_added_i2c\test\Core\Inc\main.h_save
2025-05-27 18:24:03,851 [INFO] CodeEngine:279 - Generated code: C:\Users\thepd\STM32CubeIDE\to_stm_base_proj_added_i2c\test\Core\Inc\main.h
2025-05-27 18:24:03,879 [INFO] CodeEngine:255 - oldGeneratedFile, C:\Users\thepd\STM32CubeIDE\to_stm_base_proj_added_i2c\test\Core\Src\main.c_save
2025-05-27 18:24:04,045 [INFO] CodeEngine:279 - Generated code: C:\Users\thepd\STM32CubeIDE\to_stm_base_proj_added_i2c\test\Core\Src\main.c
2025-05-27 18:24:04,596 [INFO] ProjectBuilder:3289 - Time for Copy HAL[1] : 335mS.
2025-05-27 18:24:04,601 [INFO] ProjectBuilder:4876 - Project Generator version: 4.5.0-RC5
2025-05-27 18:24:04,706 [INFO] ConfigFileManager:1579 - The Die is : DIE468
2025-05-27 18:24:04,710 [INFO] ApiDbMcu:508 - Load IP Config File for FATFS
2025-05-27 18:24:04,719 [INFO] ApiDbMcu:508 - Load IP Config File for FREERTOS
2025-05-27 18:24:04,726 [INFO] ApiDbMcu:508 - Load IP Config File for USBPD
2025-05-27 18:24:04,734 [INFO] ApiDbMcu:508 - Load IP Config File for USB_DEVICE
2025-05-27 18:24:06,720 [INFO] ProjectBuilder:5154 - Time for Generating toolchain IDE Files: 2118mS.
2025-05-27 18:24:06,721 [INFO] ProjectBuilder:3146 - Time for Copy CMSIS : 1mS.
2025-05-27 18:24:06,727 [INFO] ProjectBuilder:3146 - Time for Copy CMSIS : 0mS.
2025-05-27 18:32:12,029 [INFO] I2cTimingTraitement:330 - 0x40B285C2
2025-05-27 18:35:54,095 [INFO] NvicIntPanel:101 - NVIC parent = com.st.microxplorer.plugins.ip.nvic.MultiNvicIntPanel[,0,0,450x217,layout=javax.swing.BoxLayout,alignmentX=0.0,alignmentY=0.0,border=,flags=9,maximumSize=,minimumSize=,preferredSize=]
2025-05-27 18:36:02,718 [INFO] NvicIntPanel:101 - NVIC parent = com.st.microxplorer.plugins.ip.nvic.MultiNvicIntPanel[,0,0,0x0,invalid,layout=javax.swing.BoxLayout,alignmentX=0.0,alignmentY=0.0,border=,flags=9,maximumSize=,minimumSize=,preferredSize=]
2025-05-27 18:36:04,542 [INFO] NvicIntPanel:101 - NVIC parent = com.st.microxplorer.plugins.ip.nvic.MultiNvicIntPanel[,0,0,0x0,invalid,layout=javax.swing.BoxLayout,alignmentX=0.0,alignmentY=0.0,border=,flags=9,maximumSize=,minimumSize=,preferredSize=]
2025-05-27 18:39:16,374 [INFO] NvicIntPanel:101 - NVIC parent = com.st.microxplorer.plugins.ip.nvic.MultiNvicIntPanel[,0,0,0x0,invalid,layout=javax.swing.BoxLayout,alignmentX=0.0,alignmentY=0.0,border=,flags=9,maximumSize=,minimumSize=,preferredSize=]
2025-05-27 18:39:24,119 [INFO] NvicIntPanel:101 - NVIC parent = com.st.microxplorer.plugins.ip.nvic.MultiNvicIntPanel[,0,0,0x0,invalid,layout=javax.swing.BoxLayout,alignmentX=0.0,alignmentY=0.0,border=,flags=9,maximumSize=,minimumSize=,preferredSize=]
2025-05-27 18:52:57,815 [INFO] UtilMem:75 - End SaveConfig() Used Memory: 907001392 Bytes (1073741824)
2025-05-27 18:52:58,632 [ERROR] IocParser:95 - Exception caught: Cannot invoke "java.lang.CharSequence.length()" because "this.text" is null
2025-05-27 18:52:59,972 [INFO] UtilMem:75 - End SaveConfig() Used Memory: 934264368 Bytes (1073741824)
2025-05-27 18:53:00,323 [ERROR] IocParser:95 - Exception caught: Cannot invoke "java.lang.CharSequence.length()" because "this.text" is null
2025-05-27 18:53:02,210 [INFO] UtilMem:75 - End SaveConfig() Used Memory: 985644560 Bytes (1073741824)
2025-05-27 18:53:02,520 [ERROR] IocParser:95 - Exception caught: Cannot invoke "java.lang.CharSequence.length()" because "this.text" is null
2025-05-27 18:53:02,739 [INFO] BlockDiagram:2766 - set Specific Code input for plugin: TIM1_8G4
2025-05-27 18:53:02,739 [INFO] BlockDiagram:2766 - set Specific Code input for plugin: TIM1_8G4
2025-05-27 18:53:02,739 [INFO] BlockDiagram:2766 - set Specific Code input for plugin: TIM1_8G4
2025-05-27 18:53:02,739 [INFO] BlockDiagram:2766 - set Specific Code input for plugin: TIM1_8G4
2025-05-27 18:53:02,739 [INFO] BlockDiagram:2766 - set Specific Code input for plugin: SYS
2025-05-27 18:53:02,739 [INFO] BlockDiagram:2766 - set Specific Code input for plugin: RCC
2025-05-27 18:53:02,739 [INFO] BlockDiagram:2766 - set Specific Code input for plugin: I2C
2025-05-27 18:53:02,739 [INFO] BlockDiagram:2766 - set Specific Code input for plugin: NVIC
2025-05-27 18:53:02,740 [INFO] BlockDiagram:2766 - set Specific Code input for plugin: USART
2025-05-27 18:53:02,740 [INFO] BlockDiagram:2766 - set Specific Code input for plugin: TIM1_8G4
2025-05-27 18:53:02,740 [INFO] BlockDiagram:2766 - set Specific Code input for plugin: TIM1_8G4
2025-05-27 18:53:02,740 [INFO] BlockDiagram:2766 - set Specific Code input for plugin: TIM1_8G4
2025-05-27 18:53:02,740 [INFO] BlockDiagram:2766 - set Specific Code input for plugin: TIM1_8G4
2025-05-27 18:53:02,740 [INFO] BlockDiagram:2766 - set Specific Code input for plugin: GPIO
2025-05-27 18:53:02,740 [INFO] BlockDiagram:2766 - set Specific Code input for plugin: NUCLEO-G431RB
2025-05-27 18:53:02,742 [INFO] CodeGenerator:896 - code generatio: config db path: C:\ST\STM32CubeIDE_1.17.0\STM32CubeIDE\plugins\com.st.stm32cube.common.mx_6.13.0.202411220809\\db\
2025-05-27 18:53:03,039 [INFO] CodeEngine:255 - oldGeneratedFile, C:\Users\thepd\STM32CubeIDE\to_stm_base_proj_added_i2c\test\MXTmpFiles\license.tmp_save
2025-05-27 18:53:03,468 [INFO] CodeEngine:279 - Generated code: C:\Users\thepd\STM32CubeIDE\to_stm_base_proj_added_i2c\test\MXTmpFiles\license.tmp
2025-05-27 18:53:03,636 [INFO] CodeEngine:255 - oldGeneratedFile, C:\Users\thepd\STM32CubeIDE\to_stm_base_proj_added_i2c\test\Core\Src\gpio.c_save
2025-05-27 18:53:03,831 [INFO] CodeEngine:279 - Generated code: C:\Users\thepd\STM32CubeIDE\to_stm_base_proj_added_i2c\test\Core\Src\gpio.c
2025-05-27 18:53:03,861 [INFO] CodeEngine:255 - oldGeneratedFile, C:\Users\thepd\STM32CubeIDE\to_stm_base_proj_added_i2c\test\Core\Inc\gpio.h_save
2025-05-27 18:53:04,027 [INFO] CodeEngine:279 - Generated code: C:\Users\thepd\STM32CubeIDE\to_stm_base_proj_added_i2c\test\Core\Inc\gpio.h
2025-05-27 18:53:05,086 [INFO] CodeEngine:255 - oldGeneratedFile, C:\Users\thepd\STM32CubeIDE\to_stm_base_proj_added_i2c\test\Core\Src\i2c.c_save
2025-05-27 18:53:05,351 [INFO] CodeEngine:279 - Generated code: C:\Users\thepd\STM32CubeIDE\to_stm_base_proj_added_i2c\test\Core\Src\i2c.c
2025-05-27 18:53:05,362 [INFO] CodeEngine:255 - oldGeneratedFile, C:\Users\thepd\STM32CubeIDE\to_stm_base_proj_added_i2c\test\Core\Inc\i2c.h_save
2025-05-27 18:53:05,502 [INFO] CodeEngine:279 - Generated code: C:\Users\thepd\STM32CubeIDE\to_stm_base_proj_added_i2c\test\Core\Inc\i2c.h
2025-05-27 18:53:05,543 [INFO] CodeEngine:255 - oldGeneratedFile, C:\Users\thepd\STM32CubeIDE\to_stm_base_proj_added_i2c\test\Core\Inc\stm32g4xx_nucleo_conf.h_save
2025-05-27 18:53:05,661 [INFO] CodeEngine:279 - Generated code: C:\Users\thepd\STM32CubeIDE\to_stm_base_proj_added_i2c\test\Core\Inc\stm32g4xx_nucleo_conf.h
2025-05-27 18:53:05,669 [INFO] CodeEngine:255 - oldGeneratedFile, C:\Users\thepd\STM32CubeIDE\to_stm_base_proj_added_i2c\test\MXTmpFiles\bsp_inc.tmp_save
2025-05-27 18:53:05,772 [INFO] CodeEngine:279 - Generated code: C:\Users\thepd\STM32CubeIDE\to_stm_base_proj_added_i2c\test\MXTmpFiles\bsp_inc.tmp
2025-05-27 18:53:05,783 [INFO] CodeEngine:255 - oldGeneratedFile, C:\Users\thepd\STM32CubeIDE\to_stm_base_proj_added_i2c\test\MXTmpFiles\bsp_common_vars.tmp_save
2025-05-27 18:53:05,891 [INFO] CodeEngine:279 - Generated code: C:\Users\thepd\STM32CubeIDE\to_stm_base_proj_added_i2c\test\MXTmpFiles\bsp_common_vars.tmp
2025-05-27 18:53:05,901 [INFO] CodeEngine:255 - oldGeneratedFile, C:\Users\thepd\STM32CubeIDE\to_stm_base_proj_added_i2c\test\MXTmpFiles\bsp_common_init.tmp_save
2025-05-27 18:53:06,023 [INFO] CodeEngine:279 - Generated code: C:\Users\thepd\STM32CubeIDE\to_stm_base_proj_added_i2c\test\MXTmpFiles\bsp_common_init.tmp
2025-05-27 18:53:06,032 [INFO] CodeEngine:255 - oldGeneratedFile, C:\Users\thepd\STM32CubeIDE\to_stm_base_proj_added_i2c\test\MXTmpFiles\bsp_common_demo_before_while.tmp_save
2025-05-27 18:53:06,124 [INFO] CodeEngine:279 - Generated code: C:\Users\thepd\STM32CubeIDE\to_stm_base_proj_added_i2c\test\MXTmpFiles\bsp_common_demo_before_while.tmp
2025-05-27 18:53:06,145 [INFO] CodeEngine:255 - oldGeneratedFile, C:\Users\thepd\STM32CubeIDE\to_stm_base_proj_added_i2c\test\MXTmpFiles\bsp_common_demo_inside_while.tmp_save
2025-05-27 18:53:06,256 [INFO] CodeEngine:279 - Generated code: C:\Users\thepd\STM32CubeIDE\to_stm_base_proj_added_i2c\test\MXTmpFiles\bsp_common_demo_inside_while.tmp
2025-05-27 18:53:06,276 [INFO] CodeEngine:255 - oldGeneratedFile, C:\Users\thepd\STM32CubeIDE\to_stm_base_proj_added_i2c\test\MXTmpFiles\bsp_common_demo_fct.tmp_save
2025-05-27 18:53:06,398 [INFO] CodeEngine:279 - Generated code: C:\Users\thepd\STM32CubeIDE\to_stm_base_proj_added_i2c\test\MXTmpFiles\bsp_common_demo_fct.tmp
2025-05-27 18:53:06,465 [INFO] CodeEngine:255 - oldGeneratedFile, C:\Users\thepd\STM32CubeIDE\to_stm_base_proj_added_i2c\test\Core\Src\tim.c_save
2025-05-27 18:53:06,892 [INFO] CodeEngine:279 - Generated code: C:\Users\thepd\STM32CubeIDE\to_stm_base_proj_added_i2c\test\Core\Src\tim.c
2025-05-27 18:53:06,924 [INFO] CodeEngine:255 - oldGeneratedFile, C:\Users\thepd\STM32CubeIDE\to_stm_base_proj_added_i2c\test\Core\Inc\tim.h_save
2025-05-27 18:53:07,076 [INFO] CodeEngine:279 - Generated code: C:\Users\thepd\STM32CubeIDE\to_stm_base_proj_added_i2c\test\Core\Inc\tim.h
2025-05-27 18:53:07,120 [INFO] CodeEngine:255 - oldGeneratedFile, C:\Users\thepd\STM32CubeIDE\to_stm_base_proj_added_i2c\test\Core\Src\usart.c_save
2025-05-27 18:53:07,260 [INFO] CodeEngine:279 - Generated code: C:\Users\thepd\STM32CubeIDE\to_stm_base_proj_added_i2c\test\Core\Src\usart.c
2025-05-27 18:53:07,273 [INFO] CodeEngine:255 - oldGeneratedFile, C:\Users\thepd\STM32CubeIDE\to_stm_base_proj_added_i2c\test\Core\Inc\usart.h_save
2025-05-27 18:53:07,390 [INFO] CodeEngine:279 - Generated code: C:\Users\thepd\STM32CubeIDE\to_stm_base_proj_added_i2c\test\Core\Inc\usart.h
2025-05-27 18:53:07,451 [INFO] CodeEngine:255 - oldGeneratedFile, C:\Users\thepd\STM32CubeIDE\to_stm_base_proj_added_i2c\test\Core\Src\stm32g4xx_it.c_save
2025-05-27 18:53:07,737 [INFO] CodeEngine:279 - Generated code: C:\Users\thepd\STM32CubeIDE\to_stm_base_proj_added_i2c\test\Core\Src\stm32g4xx_it.c
2025-05-27 18:53:07,747 [INFO] CodeEngine:255 - oldGeneratedFile, C:\Users\thepd\STM32CubeIDE\to_stm_base_proj_added_i2c\test\Core\Inc\stm32g4xx_it.h_save
2025-05-27 18:53:07,844 [INFO] CodeEngine:279 - Generated code: C:\Users\thepd\STM32CubeIDE\to_stm_base_proj_added_i2c\test\Core\Inc\stm32g4xx_it.h
2025-05-27 18:53:07,887 [INFO] CodeEngine:255 - oldGeneratedFile, C:\Users\thepd\STM32CubeIDE\to_stm_base_proj_added_i2c\test\Core\Src\stm32g4xx_hal_msp.c_save
2025-05-27 18:53:08,037 [INFO] CodeEngine:279 - Generated code: C:\Users\thepd\STM32CubeIDE\to_stm_base_proj_added_i2c\test\Core\Src\stm32g4xx_hal_msp.c
2025-05-27 18:53:08,044 [INFO] CodeEngine:255 - oldGeneratedFile, C:\Users\thepd\STM32CubeIDE\to_stm_base_proj_added_i2c\test\MXTmpFiles\system.tmp_save
2025-05-27 18:53:08,131 [INFO] CodeEngine:279 - Generated code: C:\Users\thepd\STM32CubeIDE\to_stm_base_proj_added_i2c\test\MXTmpFiles\system.tmp
2025-05-27 18:53:08,167 [INFO] CodeEngine:311 - oldGeneratedFile, C:\Users\thepd\STM32CubeIDE\to_stm_base_proj_added_i2c\test\Core\Inc\stm32g4xx_hal_conf.h_save
2025-05-27 18:53:08,323 [INFO] CodeEngine:335 - Generated code: C:\Users\thepd\STM32CubeIDE\to_stm_base_proj_added_i2c\test\Core\Inc\stm32g4xx_hal_conf.h
2025-05-27 18:53:08,385 [WARN] IPConfigManager:3034 - Warning: the RefConfig RCC_CommonPeriphClockConfig is not available in your config.xml file
2025-05-27 18:53:08,425 [INFO] ApiDbMcu:508 - Load IP Config File for TIM1
2025-05-27 18:53:08,453 [INFO] ApiDbMcu:508 - Load IP Config File for TIM15
2025-05-27 18:53:08,488 [INFO] CodeEngine:255 - oldGeneratedFile, C:\Users\thepd\STM32CubeIDE\to_stm_base_proj_added_i2c\test\Core\Inc\main.h_save
2025-05-27 18:53:08,618 [INFO] CodeEngine:279 - Generated code: C:\Users\thepd\STM32CubeIDE\to_stm_base_proj_added_i2c\test\Core\Inc\main.h
2025-05-27 18:53:08,635 [INFO] CodeEngine:255 - oldGeneratedFile, C:\Users\thepd\STM32CubeIDE\to_stm_base_proj_added_i2c\test\Core\Src\main.c_save
2025-05-27 18:53:08,796 [INFO] CodeEngine:279 - Generated code: C:\Users\thepd\STM32CubeIDE\to_stm_base_proj_added_i2c\test\Core\Src\main.c
2025-05-27 18:53:09,328 [INFO] ProjectBuilder:3289 - Time for Copy HAL[1] : 276mS.
2025-05-27 18:53:09,335 [INFO] ProjectBuilder:4876 - Project Generator version: 4.5.0-RC5
2025-05-27 18:53:09,429 [INFO] ConfigFileManager:1579 - The Die is : DIE468
2025-05-27 18:53:11,975 [INFO] ProjectBuilder:5154 - Time for Generating toolchain IDE Files: 2639mS.
2025-05-27 18:53:11,977 [INFO] ProjectBuilder:3146 - Time for Copy CMSIS : 1mS.
2025-05-27 18:53:11,984 [INFO] ProjectBuilder:3146 - Time for Copy CMSIS : 0mS.
2025-05-27 19:04:35,303 [INFO] MainUpdater:2872 - connection check result : 10
2025-05-27 19:04:35,303 [INFO] MainUpdater:2872 - connection check result : 10
2025-05-27 19:04:35,319 [ERROR] IocParser:95 - Exception caught: Cannot invoke "java.lang.CharSequence.length()" because "this.text" is null
2025-05-27 19:04:35,500 [INFO] I2cTimingTraitement:330 - 0x40B285C2
2025-05-27 19:04:35,506 [INFO] MicroXplorer:468 - Change Database Path : 
2025-05-27 19:04:35,506 [INFO] MicroXplorer:498 - Change Database Version : DB.6.0.130
2025-05-27 19:04:35,541 [ERROR] ProjectManagerView:394 - 
java.lang.NullPointerException: Cannot invoke "javax.swing.JTextField.getText()" because the return value of "java.util.List.get(int)" is null
	at com.st.microxplorer.plugins.projectmanager.gui.ProjectChoiceTab$9.caretUpdate(ProjectChoiceTab.java:2616) ~[filemanager.jar:?]
	at javax.swing.text.JTextComponent.fireCaretUpdate(JTextComponent.java:408) ~[?:?]
	at javax.swing.text.JTextComponent$MutableCaretEvent.fire(JTextComponent.java:4484) ~[?:?]
	at javax.swing.text.JTextComponent$MutableCaretEvent.stateChanged(JTextComponent.java:4506) ~[?:?]
	at javax.swing.text.DefaultCaret.fireStateChanged(DefaultCaret.java:857) ~[?:?]
	at javax.swing.text.DefaultCaret.changeCaretPosition(DefaultCaret.java:1343) ~[?:?]
	at javax.swing.text.DefaultCaret.handleSetDot(DefaultCaret.java:1242) ~[?:?]
	at javax.swing.text.DefaultCaret.setDot(DefaultCaret.java:1223) ~[?:?]
	at javax.swing.text.DefaultCaret$Handler.insertUpdate(DefaultCaret.java:1819) ~[?:?]
	at javax.swing.text.AbstractDocument.fireInsertUpdate(AbstractDocument.java:227) ~[?:?]
	at javax.swing.text.AbstractDocument.handleInsertString(AbstractDocument.java:781) ~[?:?]
	at javax.swing.text.AbstractDocument.insertString(AbstractDocument.java:740) ~[?:?]
	at javax.swing.text.PlainDocument.insertString(PlainDocument.java:131) ~[?:?]
	at javax.swing.text.AbstractDocument.replace(AbstractDocument.java:699) ~[?:?]
	at javax.swing.text.JTextComponent.setText(JTextComponent.java:1725) ~[?:?]
	at com.st.microxplorer.plugins.projectmanager.gui.ProjectChoiceTab.createHeapStackFields(ProjectChoiceTab.java:975) ~[filemanager.jar:?]
	at com.st.microxplorer.plugins.projectmanager.gui.ProjectChoiceTab.buildLinkSettingsPanel(ProjectChoiceTab.java:3666) ~[filemanager.jar:?]
	at com.st.microxplorer.plugins.projectmanager.gui.ProjectChoiceTab.defineWindowsFields(ProjectChoiceTab.java:1934) ~[filemanager.jar:?]
	at com.st.microxplorer.plugins.projectmanager.gui.ProjectChoiceTab.updateSettings(ProjectChoiceTab.java:553) ~[filemanager.jar:?]
	at com.st.microxplorer.plugins.projectmanager.gui.ProjectSettingsPanel.UpdateDialog(ProjectSettingsPanel.java:245) ~[filemanager.jar:?]
	at com.st.microxplorer.plugins.projectmanager.ProjectManagerView.propertyChange(ProjectManagerView.java:391) ~[filemanager.jar:?]
	at java.beans.PropertyChangeSupport.fire(PropertyChangeSupport.java:343) ~[?:?]
	at java.beans.PropertyChangeSupport.firePropertyChange(PropertyChangeSupport.java:335) ~[?:?]
	at java.beans.PropertyChangeSupport.firePropertyChange(PropertyChangeSupport.java:268) ~[?:?]
	at com.st.microxplorer.util.MXPropertyChangeSupport.firePropertyChange(MXPropertyChangeSupport.java:54) ~[STM32CubeMX.jar:?]
	at com.st.microxplorer.mxsystem.MxSystem.closeConfig(MxSystem.java:899) ~[STM32CubeMX.jar:?]
	at com.st.microxplorer.maingui.MainPanel.closeConfig(MainPanel.java:789) ~[STM32CubeMX.jar:?]
	at com.st.microxplorer.plugins.filemanager.engine.OpenFileManager.loadConfigurationFile(OpenFileManager.java:265) ~[filemanager.jar:?]
	at com.st.microxplorer.plugins.filemanager.engine.MainFileManager.userLoadConfig(MainFileManager.java:340) ~[filemanager.jar:?]
	at com.st.microxplorer.plugins.filemanager.engine.MainFileManager.userLoadConfig(MainFileManager.java:318) ~[filemanager.jar:?]
	at com.st.microxplorer.plugins.filemanager.FileManagerView.getSpecificTask(FileManagerView.java:246) ~[filemanager.jar:?]
	at com.st.stm32cube.common.mx.editor.CubeMxEditor.getMxTabbedPaneInstance(CubeMxEditor.java:1198) ~[com.st.stm32cube.common.mx_6.13.0.202411220809/:?]
	at com.st.stm32cube.common.mx.editor.CubeMxEditor$12$1.createSwingComponent(CubeMxEditor.java:1068) ~[com.st.stm32cube.common.mx_6.13.0.202411220809/:?]
	at com.st.stm32cube.common.mx.oss.core.awtswtbridge.EmbeddedSwingComposite.doComponentCreation(EmbeddedSwingComposite.java:492) ~[com.st.stm32cube.common.mx.oss_6.13.0.202411220809/:?]
	at com.st.stm32cube.common.mx.oss.core.awtswtbridge.EmbeddedSwingComposite$4.run(EmbeddedSwingComposite.java:291) ~[com.st.stm32cube.common.mx.oss_6.13.0.202411220809/:?]
	at com.st.stm32cube.common.mx.oss.core.awtswtbridge.AwtEnvironment$2.run(AwtEnvironment.java:166) ~[com.st.stm32cube.common.mx.oss_6.13.0.202411220809/:?]
	at java.awt.event.InvocationEvent.dispatch(InvocationEvent.java:318) ~[?:?]
	at java.awt.EventQueue.dispatchEventImpl(EventQueue.java:773) ~[?:?]
	at java.awt.EventQueue$4.run(EventQueue.java:720) ~[?:?]
	at java.awt.EventQueue$4.run(EventQueue.java:714) ~[?:?]
	at java.security.AccessController.doPrivileged(AccessController.java:400) ~[?:?]
	at java.security.ProtectionDomain$JavaSecurityAccessImpl.doIntersectionPrivilege(ProtectionDomain.java:87) ~[?:?]
	at java.awt.EventQueue.dispatchEvent(EventQueue.java:742) ~[?:?]
	at java.awt.EventDispatchThread.pumpOneEventForFilters(EventDispatchThread.java:203) ~[?:?]
	at java.awt.EventDispatchThread.pumpEventsForFilter(EventDispatchThread.java:124) ~[?:?]
	at java.awt.EventDispatchThread.pumpEventsForHierarchy(EventDispatchThread.java:113) ~[?:?]
	at java.awt.EventDispatchThread.pumpEvents(EventDispatchThread.java:109) ~[?:?]
	at java.awt.EventDispatchThread.pumpEvents(EventDispatchThread.java:101) ~[?:?]
	at java.awt.EventDispatchThread.run(EventDispatchThread.java:90) ~[?:?]
2025-05-27 19:04:35,543 [WARN] ThirdParty:871 - waiting for thirdparty lock release [close project]
2025-05-27 19:04:35,543 [INFO] ThirdParty:873 - entering critical section [close project]
2025-05-27 19:04:35,543 [INFO] ThirdParty:883 - exiting critical section [close project]
2025-05-27 19:04:35,545 [INFO] PinOutPanel:1589 - setPackage(No Configuration,No Configuration)
2025-05-27 19:04:35,550 [INFO] UtilMem:75 - Begin LoadConfig() Used Memory: 840786208 Bytes (1073741824)
2025-05-27 19:04:35,551 [INFO] MicroXplorer:468 - Change Database Path : 
2025-05-27 19:04:35,552 [INFO] MicroXplorer:498 - Change Database Version : DB.6.0.130
2025-05-27 19:04:35,552 [INFO] OpenFileManager:332 - Change cursor
2025-05-27 19:04:35,592 [INFO] RulesReader:64 - Compatibility file has been processed (297 Rules)
2025-05-27 19:04:35,606 [INFO] Mcu:2035 - Initializing MCU STM32G431R(6-8-B)Tx STM32G431RBTx STM32G431RBT6
2025-05-27 19:04:39,103 [INFO] Context:748 - Trying to add GPIOservice into a context  which must be forbidden
2025-05-27 19:04:40,145 [INFO] ApiDbMcu:508 - Load IP Config File for NUCLEO-G431RB
2025-05-27 19:04:40,252 [INFO] ImportTextPane:218 - (OptionalMessage_ERROR) Unable to find key (Mcu.IP15) in loaded IOC file
2025-05-27 19:04:40,252 [INFO] ImportTextPane:218 - (OptionalMessage_ERROR) Unknown IP (dummy)
2025-05-27 19:04:40,476 [INFO] RtosManager:555 - Registered RTOS mode: class=CMSIS, group=RTOS, mode=CMSIS_V1, owner=FREERTOS
2025-05-27 19:04:40,476 [INFO] RtosManager:555 - Registered RTOS mode: class=CMSIS, group=RTOS2, mode=CMSIS_V2, owner=FREERTOS
2025-05-27 19:04:40,476 [INFO] RtosManager:555 - Registered RTOS mode: class=RTOS, group=Core, mode=CMSIS_V1, owner=FREERTOS
2025-05-27 19:04:40,476 [INFO] RtosManager:555 - Registered RTOS mode: class=RTOS, group=Core, mode=CMSIS_V2, owner=FREERTOS
2025-05-27 19:04:40,477 [WARN] ModelIntegratedComponent:184 - Missing modes for component STMicroelectronics:FreeRTOS:0.0.1:STMicroelectronics:RTOS:FreeRTOS:Core:::10.2.0:
2025-05-27 19:04:40,488 [WARN] ModelIntegratedComponent:63 - No mode defined for component null
2025-05-27 19:04:40,488 [WARN] ModelIntegratedComponent:63 - No mode defined for component null
2025-05-27 19:04:40,488 [WARN] ModelIntegratedComponent:63 - No mode defined for component null
2025-05-27 19:04:40,488 [WARN] ModelIntegratedComponent:63 - No mode defined for component null
2025-05-27 19:04:40,488 [WARN] ModelIntegratedComponent:63 - No mode defined for component null
2025-05-27 19:04:40,488 [WARN] ModelIntegratedComponent:63 - No mode defined for component null
2025-05-27 19:04:40,488 [WARN] ModelIntegratedComponent:63 - No mode defined for component null
2025-05-27 19:04:40,489 [WARN] ModelIntegratedComponent:63 - No mode defined for component null
2025-05-27 19:04:40,489 [WARN] ModelIntegratedComponent:63 - No mode defined for component null
2025-05-27 19:04:40,489 [WARN] ModelIntegratedComponent:63 - No mode defined for component null
2025-05-27 19:04:40,489 [WARN] ModelIntegratedComponent:63 - No mode defined for component null
2025-05-27 19:04:40,489 [WARN] ModelIntegratedComponent:63 - No mode defined for component null
2025-05-27 19:04:40,489 [WARN] ModelIntegratedComponent:63 - No mode defined for component null
2025-05-27 19:04:40,489 [WARN] ModelIntegratedComponent:63 - No mode defined for component null
2025-05-27 19:04:40,489 [WARN] ModelIntegratedComponent:63 - No mode defined for component null
2025-05-27 19:04:40,489 [WARN] ModelIntegratedComponent:63 - No mode defined for component null
2025-05-27 19:04:40,489 [WARN] ModelIntegratedComponent:63 - No mode defined for component null
2025-05-27 19:04:40,489 [WARN] ModelIntegratedComponent:63 - No mode defined for component null
2025-05-27 19:04:40,489 [WARN] ModelIntegratedComponent:63 - No mode defined for component null
2025-05-27 19:04:40,489 [WARN] ModelIntegratedComponent:63 - No mode defined for component null
2025-05-27 19:04:40,489 [WARN] ModelIntegratedComponent:63 - No mode defined for component null
2025-05-27 19:04:40,489 [WARN] ModelIntegratedComponent:63 - No mode defined for component null
2025-05-27 19:04:40,490 [WARN] ModelIntegratedComponent:63 - No mode defined for component null
2025-05-27 19:04:40,490 [WARN] ModelIntegratedComponent:63 - No mode defined for component null
2025-05-27 19:04:40,490 [WARN] ModelIntegratedComponent:63 - No mode defined for component null
2025-05-27 19:04:40,490 [WARN] ModelIntegratedComponent:63 - No mode defined for component null
2025-05-27 19:04:40,490 [WARN] ModelIntegratedComponent:63 - No mode defined for component null
2025-05-27 19:04:40,490 [WARN] ModelIntegratedComponent:63 - No mode defined for component null
2025-05-27 19:04:40,490 [WARN] ModelIntegratedComponent:63 - No mode defined for component null
2025-05-27 19:04:40,490 [WARN] ModelIntegratedComponent:63 - No mode defined for component null
2025-05-27 19:04:40,490 [WARN] ModelIntegratedComponent:63 - No mode defined for component null
2025-05-27 19:04:40,490 [WARN] ModelIntegratedComponent:63 - No mode defined for component null
2025-05-27 19:04:40,490 [WARN] ModelIntegratedComponent:63 - No mode defined for component null
2025-05-27 19:04:40,491 [WARN] ModelIntegratedComponent:63 - No mode defined for component null
2025-05-27 19:04:40,491 [WARN] ModelIntegratedComponent:63 - No mode defined for component null
2025-05-27 19:04:40,491 [WARN] ModelPack:524 - Component already loaded: STMicroelectronics:HAL Drivers:0.0.0:STMicroelectronics:Device:STMicro_Driver:XSPI:HAL::0.0.1:HAL_XSPI
2025-05-27 19:04:40,577 [INFO] ThirdPartyModel:298 - Start build external matchings
2025-05-27 19:04:41,158 [INFO] ThirdPartyModel:316 - End build external matchings
2025-05-27 19:04:41,802 [INFO] UtilMem:75 - End LoadConfig() Used Memory: 873804752 Bytes (1073741824)
2025-05-27 19:04:41,862 [WARN] ThirdParty:833 - waiting for thirdparty lock release [change project]
2025-05-27 19:04:41,863 [INFO] ThirdParty:835 - entering critical section [change project]
2025-05-27 19:04:41,863 [INFO] ThirdParty:1030 - CMSIS Pack Vendor :STMicroelectronics USBPD 4.1
2025-05-27 19:04:41,863 [INFO] ThirdParty:1030 - CMSIS Pack Vendor :STMicroelectronics X-CUBE-AZRTOS-H7 3.3.0
2025-05-27 19:04:41,863 [INFO] ThirdParty:1030 - CMSIS Pack Vendor :STMicroelectronics X-CUBE-NFC9 1.0.0
2025-05-27 19:04:41,864 [INFO] ThirdParty:1030 - CMSIS Pack Vendor :STMicroelectronics USB_HOST 2.0.0
2025-05-27 19:04:41,864 [INFO] ThirdParty:1030 - CMSIS Pack Vendor :STMicroelectronics FP-SNS-MOTENVWB1 1.4.0
2025-05-27 19:04:41,864 [INFO] ThirdParty:1030 - CMSIS Pack Vendor :STMicroelectronics X-CUBE-AZRTOS-F4 1.1.0
2025-05-27 19:04:41,864 [INFO] ThirdParty:1030 - CMSIS Pack Vendor :STMicroelectronics LIBJPEG 8.0.0
2025-05-27 19:04:41,864 [INFO] ThirdParty:1030 - CMSIS Pack Vendor :STMicroelectronics FP-ATR-ASTRA1 2.0.2
2025-05-27 19:04:41,864 [INFO] ThirdParty:1030 - CMSIS Pack Vendor :STMicroelectronics FP-ATR-ASTRA1 2.0.1
2025-05-27 19:04:41,864 [INFO] ThirdParty:1030 - CMSIS Pack Vendor :STMicroelectronics X-CUBE-BLE1 7.1.0
2025-05-27 19:04:41,864 [INFO] ThirdParty:1030 - CMSIS Pack Vendor :Avnet-IotConnect X-CUBE-IoTC-DA16k-PMOD 1.0.0
2025-05-27 19:04:41,864 [INFO] ThirdParty:1030 - CMSIS Pack Vendor :STMicroelectronics X-CUBE-SMBUS 2.1.0
2025-05-27 19:04:41,865 [INFO] ThirdParty:1030 - CMSIS Pack Vendor :STMicroelectronics X-CUBE-WB05N 1.1.0
2025-05-27 19:04:41,865 [INFO] ThirdParty:1030 - CMSIS Pack Vendor :STMicroelectronics USB_DEVICE 3.0.0
2025-05-27 19:04:41,865 [INFO] ThirdParty:1030 - CMSIS Pack Vendor :STMicroelectronics X-CUBE-ISPU 2.1.0
2025-05-27 19:04:41,865 [INFO] ThirdParty:1030 - CMSIS Pack Vendor :STMicroelectronics X-CUBE-AZRTOS-WB 2.0.0
2025-05-27 19:04:41,865 [INFO] ThirdParty:1030 - CMSIS Pack Vendor :STMicroelectronics X-CUBE-ST60 1.0.0
2025-05-27 19:04:41,865 [INFO] ThirdParty:1030 - CMSIS Pack Vendor :STMicroelectronics X-CUBE-GNSS1 7.0.1
2025-05-27 19:04:41,865 [INFO] ThirdParty:1030 - CMSIS Pack Vendor :STMicroelectronics X-CUBE-AZRTOS-F7 1.1.0
2025-05-27 19:04:41,865 [INFO] ThirdParty:1030 - CMSIS Pack Vendor :STMicroelectronics X-CUBE-AZRTOS-L5 2.0.0
2025-05-27 19:04:41,865 [INFO] ThirdParty:1030 - CMSIS Pack Vendor :STMicroelectronics X-CUBE-TOUCHGFX 4.25.0
2025-05-27 19:04:41,866 [INFO] ThirdParty:1030 - CMSIS Pack Vendor :STMicroelectronics USB_DEVICE 2.0.0
2025-05-27 19:04:41,866 [INFO] ThirdParty:1030 - CMSIS Pack Vendor :STMicroelectronics X-CUBE-NFC6 3.1.0
2025-05-27 19:04:41,866 [INFO] ThirdParty:1030 - CMSIS Pack Vendor :STMicroelectronics FP-SNS-STBOX1 2.0.0
2025-05-27 19:04:41,866 [INFO] ThirdParty:1030 - CMSIS Pack Vendor :STMicroelectronics X-CUBE-MEMS1 11.2.0
2025-05-27 19:04:41,866 [INFO] ThirdParty:1030 - CMSIS Pack Vendor :STMicroelectronics FreeRTOS 0.0.1
2025-05-27 19:04:41,866 [INFO] ThirdParty:1030 - CMSIS Pack Vendor :STMicroelectronics X-CUBE-AZRTOS-G0 1.1.0
2025-05-27 19:04:41,866 [INFO] ThirdParty:1030 - CMSIS Pack Vendor :STMicroelectronics X-CUBE-SAFEA1 1.2.2
2025-05-27 19:04:41,866 [INFO] ThirdParty:1030 - CMSIS Pack Vendor :STMicroelectronics X-CUBE-NFC4 3.0.0
2025-05-27 19:04:41,866 [INFO] ThirdParty:1030 - CMSIS Pack Vendor :STMicroelectronics X-CUBE-DPower 1.2.0
2025-05-27 19:04:41,867 [INFO] ThirdParty:1030 - CMSIS Pack Vendor :STMicroelectronics X-CUBE-SUBG2 5.0.0
2025-05-27 19:04:41,867 [INFO] ThirdParty:1030 - CMSIS Pack Vendor :STMicroelectronics X-CUBE-AZRTOS-H7RS 1.1.0
2025-05-27 19:04:41,868 [INFO] ThirdParty:1030 - CMSIS Pack Vendor :STMicroelectronics STM32_WPAN 1.0.0
2025-05-27 19:04:41,868 [INFO] ThirdParty:1030 - CMSIS Pack Vendor :EmbeddedOffice I-CUBE-FS-RTOS 1.0.1
2025-05-27 19:04:41,868 [INFO] ThirdParty:1030 - CMSIS Pack Vendor :STMicroelectronics lwIP 2.0.3
2025-05-27 19:04:41,868 [INFO] ThirdParty:1030 - CMSIS Pack Vendor :STMicroelectronics FP-SNS-FLIGHT1 5.0.2
2025-05-27 19:04:41,868 [INFO] ThirdParty:1030 - CMSIS Pack Vendor :Cesanta I-CUBE-Mongoose 7.13.0
2025-05-27 19:04:41,868 [INFO] ThirdParty:1030 - CMSIS Pack Vendor :STMicroelectronics USB_HOST 1.0.0
2025-05-27 19:04:41,869 [INFO] ThirdParty:1030 - CMSIS Pack Vendor :Infineon AIROC-Wi-Fi-Bluetooth-STM32 1.7.0
2025-05-27 19:04:41,869 [INFO] ThirdParty:1030 - CMSIS Pack Vendor :STMicroelectronics X-CUBE-AZRTOS-G4 2.0.0
2025-05-27 19:04:41,869 [INFO] ThirdParty:1030 - CMSIS Pack Vendor :STMicroelectronics X-CUBE-WB05N 2.0.0
2025-05-27 19:04:41,869 [INFO] ThirdParty:1030 - CMSIS Pack Vendor :STMicroelectronics PDM2PCM 3.1.0
2025-05-27 19:04:41,869 [INFO] ThirdParty:1030 - CMSIS Pack Vendor :STMicroelectronics PDM2PCM 3.3.0
2025-05-27 19:04:41,869 [INFO] ThirdParty:1030 - CMSIS Pack Vendor :STMicroelectronics X-CUBE-DISPLAY 3.0.0
2025-05-27 19:04:41,871 [INFO] ThirdParty:1030 - CMSIS Pack Vendor :STMicroelectronics X-CUBE-NFC7 2.0.0
2025-05-27 19:04:41,871 [INFO] ThirdParty:1030 - CMSIS Pack Vendor :STMicroelectronics X-CUBE-TCPP 4.2.0
2025-05-27 19:04:41,871 [INFO] ThirdParty:1030 - CMSIS Pack Vendor :RealThread X-CUBE-RT-Thread_Nano 4.1.1
2025-05-27 19:04:41,872 [INFO] ThirdParty:1030 - CMSIS Pack Vendor :STMicroelectronics X-CUBE-BLE1 7.0.0
2025-05-27 19:04:41,872 [INFO] ThirdParty:1030 - CMSIS Pack Vendor :STMicroelectronics FP-ATR-SIGFOX1 3.2.0
2025-05-27 19:04:41,872 [INFO] ThirdParty:1030 - CMSIS Pack Vendor :STMicroelectronics X-CUBE-NFC10 1.0.0
2025-05-27 19:04:41,872 [INFO] ThirdParty:1030 - CMSIS Pack Vendor :quantropi X-CUBE-qispace-sdk-base 1.9.3
2025-05-27 19:04:41,872 [INFO] ThirdParty:1030 - CMSIS Pack Vendor :STMicroelectronics X-CUBE-BLEMGR 4.0.0
2025-05-27 19:04:41,872 [INFO] ThirdParty:1030 - CMSIS Pack Vendor :STMicroelectronics X-CUBE-EEPRMA1 5.1.0
2025-05-27 19:04:41,872 [INFO] ThirdParty:1030 - CMSIS Pack Vendor :STMicroelectronics X-CUBE-FREERTOS 1.3.1
2025-05-27 19:04:41,872 [INFO] ThirdParty:1030 - CMSIS Pack Vendor :STMicroelectronics HAL Drivers 0.0.0
2025-05-27 19:04:41,872 [INFO] ThirdParty:1030 - CMSIS Pack Vendor :STMicroelectronics MBEDTLS 2.16.2
2025-05-27 19:04:41,872 [INFO] ThirdParty:1030 - CMSIS Pack Vendor :STMicroelectronics X-CUBE-IPS 3.1.0
2025-05-27 19:04:41,872 [INFO] ThirdParty:1030 - CMSIS Pack Vendor :STMicroelectronics X-CUBE-ALS 1.0.2
2025-05-27 19:04:41,872 [INFO] ThirdParty:1030 - CMSIS Pack Vendor :emotas I-CUBE-CANOPEN 1.3.0
2025-05-27 19:04:41,872 [INFO] ThirdParty:1030 - CMSIS Pack Vendor :STMicroelectronics X-CUBE-FREERTOS 1.3.0
2025-05-27 19:04:41,872 [INFO] ThirdParty:1030 - CMSIS Pack Vendor :STMicroelectronics X-CUBE-NFC7 1.0.1
2025-05-27 19:04:41,874 [INFO] ThirdParty:1030 - CMSIS Pack Vendor :STMicroelectronics MBEDTLS 2.14.1
2025-05-27 19:04:41,874 [INFO] ThirdParty:1030 - CMSIS Pack Vendor :wolfSSL I-CUBE-wolfSSL 5.7.6
2025-05-27 19:04:41,874 [INFO] ThirdParty:1030 - CMSIS Pack Vendor :ITTIA_DB I-CUBE-ITTIADB 8.9.0
2025-05-27 19:04:41,874 [INFO] ThirdParty:1030 - CMSIS Pack Vendor :STMicroelectronics X-CUBE-TOUCHGFX 4.24.2
2025-05-27 19:04:41,874 [INFO] ThirdParty:1030 - CMSIS Pack Vendor :wolfSSL I-CUBE-wolfTPM 3.4.0
2025-05-27 19:04:41,874 [INFO] ThirdParty:1030 - CMSIS Pack Vendor :portGmbH I-Cube-SoM-uGOAL 1.1.0
2025-05-27 19:04:41,874 [INFO] ThirdParty:1030 - CMSIS Pack Vendor :STMicroelectronics X-CUBE-AI 10.0.0
2025-05-27 19:04:41,874 [INFO] ThirdParty:1030 - CMSIS Pack Vendor :STMicroelectronics ThreadX 1.0.0
2025-05-27 19:04:41,874 [INFO] ThirdParty:1030 - CMSIS Pack Vendor :STMicroelectronics FP-SNS-SMARTAG2 1.2.0
2025-05-27 19:04:41,874 [INFO] ThirdParty:1030 - CMSIS Pack Vendor :STMicroelectronics FP-SNS-FLIGHT1 5.1.0
2025-05-27 19:04:41,874 [INFO] ThirdParty:1030 - CMSIS Pack Vendor :STMicroelectronics X-CUBE-MEMS1 11.1.0
2025-05-27 19:04:41,874 [INFO] ThirdParty:1030 - CMSIS Pack Vendor :STMicroelectronics X-CUBE-AZRTOS-WL 2.0.0
2025-05-27 19:04:41,874 [INFO] ThirdParty:1030 - CMSIS Pack Vendor :SEGGER I-CUBE-embOS 1.3.1
2025-05-27 19:04:41,874 [INFO] ThirdParty:1030 - CMSIS Pack Vendor :STMicroelectronics X-CUBE-ALGOBUILD 1.4.0
2025-05-27 19:04:41,874 [INFO] ThirdParty:1030 - CMSIS Pack Vendor :STMicroelectronics X-CUBE-DPower 1.3.0
2025-05-27 19:04:41,874 [INFO] ThirdParty:1030 - CMSIS Pack Vendor :STMicroelectronics FP-SNS-MOTENV1 5.0.0
2025-05-27 19:04:41,875 [INFO] ThirdParty:1030 - CMSIS Pack Vendor :STMicroelectronics USB_DEVICE 1.0.0
2025-05-27 19:04:41,875 [INFO] ThirdParty:1030 - CMSIS Pack Vendor :STMicroelectronics X-CUBE-AZRTOS-H7RS 1.0.0
2025-05-27 19:04:41,875 [INFO] ThirdParty:1030 - CMSIS Pack Vendor :wolfSSL I-CUBE-wolfMQTT 1.19.0
2025-05-27 19:04:41,875 [INFO] ThirdParty:1030 - CMSIS Pack Vendor :STMicroelectronics X-CUBE-AZRTOS-L4 2.0.0
2025-05-27 19:04:41,875 [INFO] ThirdParty:1030 - CMSIS Pack Vendor :STMicroelectronics ThreadX 0.0.2
2025-05-27 19:04:41,875 [INFO] ThirdParty:1030 - CMSIS Pack Vendor :WES I-CUBE-Cesium 1.3.0
2025-05-27 19:04:41,875 [INFO] ThirdParty:1030 - CMSIS Pack Vendor :STMicroelectronics lwIP 2.1.2
2025-05-27 19:04:41,875 [INFO] ThirdParty:1030 - CMSIS Pack Vendor :STMicroelectronics X-CUBE-SFXS2LP1 4.0.0
2025-05-27 19:04:41,875 [INFO] ThirdParty:1030 - CMSIS Pack Vendor :STMicroelectronics X-CUBE-BLE2 3.3.0
2025-05-27 19:04:41,875 [INFO] ThirdParty:1030 - CMSIS Pack Vendor :STMicroelectronics X-CUBE-TOF1 3.4.2
2025-05-27 19:04:41,875 [INFO] ThirdParty:1030 - CMSIS Pack Vendor :STMicroelectronics X-CUBE-TOF1 3.4.3
2025-05-27 19:04:41,875 [INFO] ThirdParty:1030 - CMSIS Pack Vendor :STMicroelectronics PDM2PCM 3.2.0
2025-05-27 19:04:41,875 [INFO] ThirdParty:1030 - CMSIS Pack Vendor :wolfSSL I-CUBE-wolfSSH 1.4.17
2025-05-27 19:04:41,876 [INFO] ThirdParty:841 - exiting critical section [change project]
2025-05-27 19:04:42,334 [INFO] PinOutPanel:1589 - setPackage(No Configuration,No Configuration)
2025-05-27 19:04:42,336 [INFO] PinOutPanel:1589 - setPackage(STM32G431RBTx,LQFP64)
2025-05-27 19:04:42,664 [INFO] UtilMem:75 - Before build in PCC Used Memory: 817367040 Bytes (1073741824)
2025-05-27 19:04:43,136 [INFO] UtilMem:75 - After build in PCC Used Memory: 910166016 Bytes (1073741824)
2025-05-27 19:04:43,164 [INFO] IPUIPlugin:80 - create IPUIPlugin
2025-05-27 19:04:43,164 [INFO] IPUIPlugin:80 - create IPUIPlugin
2025-05-27 19:04:43,164 [INFO] IPUIPlugin:80 - create IPUIPlugin
2025-05-27 19:04:43,164 [INFO] IPUIPlugin:80 - create IPUIPlugin
2025-05-27 19:04:43,165 [INFO] IPUIPlugin:80 - create IPUIPlugin
2025-05-27 19:04:43,165 [INFO] IPUIPlugin:80 - create IPUIPlugin
2025-05-27 19:04:43,165 [INFO] IPUIPlugin:80 - create IPUIPlugin
2025-05-27 19:04:43,166 [INFO] IPUIPlugin:80 - create IPUIPlugin
2025-05-27 19:04:43,167 [INFO] IPUIPlugin:80 - create IPUIPlugin
2025-05-27 19:04:43,167 [INFO] IPUIPlugin:80 - create IPUIPlugin
2025-05-27 19:04:43,167 [INFO] IPUIPlugin:80 - create IPUIPlugin
2025-05-27 19:04:43,167 [INFO] IPUIPlugin:80 - create IPUIPlugin
2025-05-27 19:04:43,168 [INFO] IPUIPlugin:80 - create IPUIPlugin
2025-05-27 19:04:43,168 [INFO] IPUIPlugin:80 - create IPUIPlugin
2025-05-27 19:04:43,168 [INFO] IPUIPlugin:80 - create IPUIPlugin
2025-05-27 19:04:43,168 [INFO] IPUIPlugin:80 - create IPUIPlugin
2025-05-27 19:04:43,168 [INFO] IPUIPlugin:80 - create IPUIPlugin
2025-05-27 19:04:43,168 [INFO] IPUIPlugin:80 - create IPUIPlugin
2025-05-27 19:04:43,169 [INFO] IPUIPlugin:80 - create IPUIPlugin
2025-05-27 19:04:43,169 [INFO] IPUIPlugin:80 - create IPUIPlugin
2025-05-27 19:04:43,169 [INFO] IPUIPlugin:80 - create IPUIPlugin
2025-05-27 19:04:43,169 [INFO] IPUIPlugin:80 - create IPUIPlugin
2025-05-27 19:04:43,169 [INFO] IPUIPlugin:80 - create IPUIPlugin
2025-05-27 19:04:43,170 [INFO] IPUIPlugin:80 - create IPUIPlugin
2025-05-27 19:04:43,170 [INFO] IPUIPlugin:80 - create IPUIPlugin
2025-05-27 19:04:43,170 [INFO] IPUIPlugin:80 - create IPUIPlugin
2025-05-27 19:04:43,170 [INFO] IPUIPlugin:80 - create IPUIPlugin
2025-05-27 19:04:43,171 [INFO] IPUIPlugin:80 - create IPUIPlugin
2025-05-27 19:04:43,171 [INFO] IPUIPlugin:80 - create IPUIPlugin
2025-05-27 19:04:43,171 [INFO] IPUIPlugin:80 - create IPUIPlugin
2025-05-27 19:04:43,171 [INFO] IPUIPlugin:80 - create IPUIPlugin
2025-05-27 19:04:43,171 [INFO] IPUIPlugin:80 - create IPUIPlugin
2025-05-27 19:04:43,172 [INFO] IPUIPlugin:80 - create IPUIPlugin
2025-05-27 19:04:43,172 [INFO] IPUIPlugin:80 - create IPUIPlugin
2025-05-27 19:04:43,172 [INFO] IPUIPlugin:80 - create IPUIPlugin
2025-05-27 19:04:43,172 [INFO] IPUIPlugin:80 - create IPUIPlugin
2025-05-27 19:04:43,172 [INFO] IPUIPlugin:80 - create IPUIPlugin
2025-05-27 19:04:43,173 [INFO] IPUIPlugin:80 - create IPUIPlugin
2025-05-27 19:04:43,173 [INFO] IPUIPlugin:80 - create IPUIPlugin
2025-05-27 19:04:43,173 [INFO] IPUIPlugin:80 - create IPUIPlugin
2025-05-27 19:04:43,173 [INFO] IPUIPlugin:80 - create IPUIPlugin
2025-05-27 19:04:43,174 [INFO] IPUIPlugin:80 - create IPUIPlugin
2025-05-27 19:04:43,174 [INFO] IPUIPlugin:80 - create IPUIPlugin
2025-05-27 19:04:43,174 [INFO] IPUIPlugin:80 - create IPUIPlugin
2025-05-27 19:04:43,174 [INFO] IPUIPlugin:80 - create IPUIPlugin
2025-05-27 19:04:43,174 [INFO] IPUIPlugin:80 - create IPUIPlugin
2025-05-27 19:04:43,175 [INFO] IPUIPlugin:80 - create IPUIPlugin
2025-05-27 19:04:43,175 [INFO] IPUIPlugin:80 - create IPUIPlugin
2025-05-27 19:04:43,176 [INFO] IPUIPlugin:80 - create IPUIPlugin
2025-05-27 19:04:43,176 [INFO] IPUIPlugin:80 - create IPUIPlugin
2025-05-27 19:04:43,176 [INFO] IPUIPlugin:80 - create IPUIPlugin
2025-05-27 19:04:43,177 [INFO] IPUIPlugin:80 - create IPUIPlugin
2025-05-27 19:04:43,177 [INFO] IPUIPlugin:80 - create IPUIPlugin
2025-05-27 19:04:43,178 [INFO] IPUIPlugin:80 - create IPUIPlugin
2025-05-27 19:04:43,178 [INFO] IPUIPlugin:80 - create IPUIPlugin
2025-05-27 19:04:43,178 [INFO] IPUIPlugin:80 - create IPUIPlugin
2025-05-27 19:04:43,180 [INFO] IPUIPlugin:80 - create IPUIPlugin
2025-05-27 19:04:43,180 [INFO] IPUIPlugin:80 - create IPUIPlugin
2025-05-27 19:04:43,180 [INFO] IPUIPlugin:80 - create IPUIPlugin
2025-05-27 19:04:43,254 [INFO] CADModel:165 - CPN selected for project levelSTM32G431RBT6
2025-05-27 19:04:43,255 [INFO] CADModel:114 - Register for checkConnection events
2025-05-27 19:04:43,324 [INFO] OpenFileManager:363 - Restore cursor
2025-05-27 19:10:47,170 [INFO] NvicIntPanel:101 - NVIC parent = com.st.microxplorer.plugins.ip.nvic.MultiNvicIntPanel[,0,0,590x188,layout=javax.swing.BoxLayout,alignmentX=0.0,alignmentY=0.0,border=,flags=9,maximumSize=,minimumSize=,preferredSize=]
2025-05-27 19:11:11,586 [INFO] NvicIntPanel:101 - NVIC parent = com.st.microxplorer.plugins.ip.nvic.MultiNvicIntPanel[,0,0,456x167,layout=javax.swing.BoxLayout,alignmentX=0.0,alignmentY=0.0,border=,flags=9,maximumSize=,minimumSize=,preferredSize=]
2025-05-27 19:16:05,249 [INFO] NvicIntPanel:101 - NVIC parent = com.st.microxplorer.plugins.ip.nvic.MultiNvicIntPanel[,0,0,456x180,layout=javax.swing.BoxLayout,alignmentX=0.0,alignmentY=0.0,border=,flags=9,maximumSize=,minimumSize=,preferredSize=]
2025-05-27 19:18:12,708 [INFO] I2cTimingTraitement:330 - 0x40B285C2
2025-05-27 19:19:47,458 [INFO] UtilMem:75 - End SaveConfig() Used Memory: 891559096 Bytes (1073741824)
2025-05-27 19:19:48,093 [ERROR] IocParser:95 - Exception caught: null
2025-05-27 19:19:51,049 [INFO] UtilMem:75 - End SaveConfig() Used Memory: 918822072 Bytes (1073741824)
2025-05-27 19:19:51,330 [ERROR] IocParser:95 - Exception caught: null
2025-05-27 19:19:52,590 [INFO] UtilMem:75 - End SaveConfig() Used Memory: 967416464 Bytes (1073741824)
2025-05-27 19:19:52,849 [INFO] BlockDiagram:2766 - set Specific Code input for plugin: TIM1_8G4
2025-05-27 19:19:52,849 [INFO] BlockDiagram:2766 - set Specific Code input for plugin: TIM1_8G4
2025-05-27 19:19:52,849 [INFO] BlockDiagram:2766 - set Specific Code input for plugin: TIM1_8G4
2025-05-27 19:19:52,849 [INFO] BlockDiagram:2766 - set Specific Code input for plugin: TIM1_8G4
2025-05-27 19:19:52,849 [INFO] BlockDiagram:2766 - set Specific Code input for plugin: SYS
2025-05-27 19:19:52,849 [INFO] BlockDiagram:2766 - set Specific Code input for plugin: RCC
2025-05-27 19:19:52,849 [INFO] BlockDiagram:2766 - set Specific Code input for plugin: I2C
2025-05-27 19:19:52,850 [INFO] BlockDiagram:2766 - set Specific Code input for plugin: NVIC
2025-05-27 19:19:52,850 [INFO] BlockDiagram:2766 - set Specific Code input for plugin: USART
2025-05-27 19:19:52,850 [INFO] BlockDiagram:2766 - set Specific Code input for plugin: TIM1_8G4
2025-05-27 19:19:52,850 [INFO] BlockDiagram:2766 - set Specific Code input for plugin: GPIO
2025-05-27 19:19:52,850 [INFO] BlockDiagram:2766 - set Specific Code input for plugin: NUCLEO-G431RB
2025-05-27 19:19:52,852 [INFO] CodeGenerator:896 - code generatio: config db path: C:\ST\STM32CubeIDE_1.17.0\STM32CubeIDE\plugins\com.st.stm32cube.common.mx_6.13.0.202411220809\\db\
2025-05-27 19:19:53,151 [INFO] CodeEngine:255 - oldGeneratedFile, C:\Users\thepd\STM32CubeIDE\to_stm_base_proj_added_i2c\test\MXTmpFiles\license.tmp_save
2025-05-27 19:19:53,500 [INFO] CodeEngine:279 - Generated code: C:\Users\thepd\STM32CubeIDE\to_stm_base_proj_added_i2c\test\MXTmpFiles\license.tmp
2025-05-27 19:19:53,668 [INFO] CodeEngine:255 - oldGeneratedFile, C:\Users\thepd\STM32CubeIDE\to_stm_base_proj_added_i2c\test\Core\Src\gpio.c_save
2025-05-27 19:19:53,841 [INFO] CodeEngine:279 - Generated code: C:\Users\thepd\STM32CubeIDE\to_stm_base_proj_added_i2c\test\Core\Src\gpio.c
2025-05-27 19:19:53,850 [INFO] CodeEngine:255 - oldGeneratedFile, C:\Users\thepd\STM32CubeIDE\to_stm_base_proj_added_i2c\test\Core\Inc\gpio.h_save
2025-05-27 19:19:53,952 [INFO] CodeEngine:279 - Generated code: C:\Users\thepd\STM32CubeIDE\to_stm_base_proj_added_i2c\test\Core\Inc\gpio.h
2025-05-27 19:19:54,652 [INFO] CodeEngine:255 - oldGeneratedFile, C:\Users\thepd\STM32CubeIDE\to_stm_base_proj_added_i2c\test\Core\Src\i2c.c_save
2025-05-27 19:19:54,830 [INFO] CodeEngine:279 - Generated code: C:\Users\thepd\STM32CubeIDE\to_stm_base_proj_added_i2c\test\Core\Src\i2c.c
2025-05-27 19:19:54,841 [INFO] CodeEngine:255 - oldGeneratedFile, C:\Users\thepd\STM32CubeIDE\to_stm_base_proj_added_i2c\test\Core\Inc\i2c.h_save
2025-05-27 19:19:54,957 [INFO] CodeEngine:279 - Generated code: C:\Users\thepd\STM32CubeIDE\to_stm_base_proj_added_i2c\test\Core\Inc\i2c.h
2025-05-27 19:19:54,986 [INFO] CodeEngine:255 - oldGeneratedFile, C:\Users\thepd\STM32CubeIDE\to_stm_base_proj_added_i2c\test\Core\Inc\stm32g4xx_nucleo_conf.h_save
2025-05-27 19:19:55,100 [INFO] CodeEngine:279 - Generated code: C:\Users\thepd\STM32CubeIDE\to_stm_base_proj_added_i2c\test\Core\Inc\stm32g4xx_nucleo_conf.h
2025-05-27 19:19:55,109 [INFO] CodeEngine:255 - oldGeneratedFile, C:\Users\thepd\STM32CubeIDE\to_stm_base_proj_added_i2c\test\MXTmpFiles\bsp_inc.tmp_save
2025-05-27 19:19:55,195 [INFO] CodeEngine:279 - Generated code: C:\Users\thepd\STM32CubeIDE\to_stm_base_proj_added_i2c\test\MXTmpFiles\bsp_inc.tmp
2025-05-27 19:19:55,200 [INFO] CodeEngine:255 - oldGeneratedFile, C:\Users\thepd\STM32CubeIDE\to_stm_base_proj_added_i2c\test\MXTmpFiles\bsp_common_vars.tmp_save
2025-05-27 19:19:55,283 [INFO] CodeEngine:279 - Generated code: C:\Users\thepd\STM32CubeIDE\to_stm_base_proj_added_i2c\test\MXTmpFiles\bsp_common_vars.tmp
2025-05-27 19:19:55,290 [INFO] CodeEngine:255 - oldGeneratedFile, C:\Users\thepd\STM32CubeIDE\to_stm_base_proj_added_i2c\test\MXTmpFiles\bsp_common_init.tmp_save
2025-05-27 19:19:55,374 [INFO] CodeEngine:279 - Generated code: C:\Users\thepd\STM32CubeIDE\to_stm_base_proj_added_i2c\test\MXTmpFiles\bsp_common_init.tmp
2025-05-27 19:19:55,379 [INFO] CodeEngine:255 - oldGeneratedFile, C:\Users\thepd\STM32CubeIDE\to_stm_base_proj_added_i2c\test\MXTmpFiles\bsp_common_demo_before_while.tmp_save
2025-05-27 19:19:55,447 [INFO] CodeEngine:279 - Generated code: C:\Users\thepd\STM32CubeIDE\to_stm_base_proj_added_i2c\test\MXTmpFiles\bsp_common_demo_before_while.tmp
2025-05-27 19:19:55,452 [INFO] CodeEngine:255 - oldGeneratedFile, C:\Users\thepd\STM32CubeIDE\to_stm_base_proj_added_i2c\test\MXTmpFiles\bsp_common_demo_inside_while.tmp_save
2025-05-27 19:19:55,521 [INFO] CodeEngine:279 - Generated code: C:\Users\thepd\STM32CubeIDE\to_stm_base_proj_added_i2c\test\MXTmpFiles\bsp_common_demo_inside_while.tmp
2025-05-27 19:19:55,527 [INFO] CodeEngine:255 - oldGeneratedFile, C:\Users\thepd\STM32CubeIDE\to_stm_base_proj_added_i2c\test\MXTmpFiles\bsp_common_demo_fct.tmp_save
2025-05-27 19:19:55,596 [INFO] CodeEngine:279 - Generated code: C:\Users\thepd\STM32CubeIDE\to_stm_base_proj_added_i2c\test\MXTmpFiles\bsp_common_demo_fct.tmp
2025-05-27 19:19:55,633 [INFO] CodeEngine:255 - oldGeneratedFile, C:\Users\thepd\STM32CubeIDE\to_stm_base_proj_added_i2c\test\Core\Src\tim.c_save
2025-05-27 19:19:55,896 [INFO] CodeEngine:279 - Generated code: C:\Users\thepd\STM32CubeIDE\to_stm_base_proj_added_i2c\test\Core\Src\tim.c
2025-05-27 19:19:55,918 [INFO] CodeEngine:255 - oldGeneratedFile, C:\Users\thepd\STM32CubeIDE\to_stm_base_proj_added_i2c\test\Core\Inc\tim.h_save
2025-05-27 19:19:56,074 [INFO] CodeEngine:279 - Generated code: C:\Users\thepd\STM32CubeIDE\to_stm_base_proj_added_i2c\test\Core\Inc\tim.h
2025-05-27 19:19:56,113 [INFO] CodeEngine:255 - oldGeneratedFile, C:\Users\thepd\STM32CubeIDE\to_stm_base_proj_added_i2c\test\Core\Src\usart.c_save
2025-05-27 19:19:56,246 [INFO] CodeEngine:279 - Generated code: C:\Users\thepd\STM32CubeIDE\to_stm_base_proj_added_i2c\test\Core\Src\usart.c
2025-05-27 19:19:56,257 [INFO] CodeEngine:255 - oldGeneratedFile, C:\Users\thepd\STM32CubeIDE\to_stm_base_proj_added_i2c\test\Core\Inc\usart.h_save
2025-05-27 19:19:56,350 [INFO] CodeEngine:279 - Generated code: C:\Users\thepd\STM32CubeIDE\to_stm_base_proj_added_i2c\test\Core\Inc\usart.h
2025-05-27 19:19:56,394 [INFO] CodeEngine:255 - oldGeneratedFile, C:\Users\thepd\STM32CubeIDE\to_stm_base_proj_added_i2c\test\Core\Src\stm32g4xx_it.c_save
2025-05-27 19:19:56,660 [INFO] CodeEngine:279 - Generated code: C:\Users\thepd\STM32CubeIDE\to_stm_base_proj_added_i2c\test\Core\Src\stm32g4xx_it.c
2025-05-27 19:19:56,669 [INFO] CodeEngine:255 - oldGeneratedFile, C:\Users\thepd\STM32CubeIDE\to_stm_base_proj_added_i2c\test\Core\Inc\stm32g4xx_it.h_save
2025-05-27 19:19:56,762 [INFO] CodeEngine:279 - Generated code: C:\Users\thepd\STM32CubeIDE\to_stm_base_proj_added_i2c\test\Core\Inc\stm32g4xx_it.h
2025-05-27 19:19:56,808 [INFO] CodeEngine:255 - oldGeneratedFile, C:\Users\thepd\STM32CubeIDE\to_stm_base_proj_added_i2c\test\Core\Src\stm32g4xx_hal_msp.c_save
2025-05-27 19:19:56,931 [INFO] CodeEngine:279 - Generated code: C:\Users\thepd\STM32CubeIDE\to_stm_base_proj_added_i2c\test\Core\Src\stm32g4xx_hal_msp.c
2025-05-27 19:19:56,939 [INFO] CodeEngine:255 - oldGeneratedFile, C:\Users\thepd\STM32CubeIDE\to_stm_base_proj_added_i2c\test\MXTmpFiles\system.tmp_save
2025-05-27 19:19:57,018 [INFO] CodeEngine:279 - Generated code: C:\Users\thepd\STM32CubeIDE\to_stm_base_proj_added_i2c\test\MXTmpFiles\system.tmp
2025-05-27 19:19:57,054 [INFO] CodeEngine:311 - oldGeneratedFile, C:\Users\thepd\STM32CubeIDE\to_stm_base_proj_added_i2c\test\Core\Inc\stm32g4xx_hal_conf.h_save
2025-05-27 19:19:57,197 [INFO] CodeEngine:335 - Generated code: C:\Users\thepd\STM32CubeIDE\to_stm_base_proj_added_i2c\test\Core\Inc\stm32g4xx_hal_conf.h
2025-05-27 19:19:57,234 [WARN] IPConfigManager:3034 - Warning: the RefConfig RCC_CommonPeriphClockConfig is not available in your config.xml file
2025-05-27 19:19:57,241 [INFO] ApiDbMcu:508 - Load IP Config File for I2C1
2025-05-27 19:19:57,260 [INFO] ApiDbMcu:508 - Load IP Config File for TIM1
2025-05-27 19:19:57,278 [INFO] ApiDbMcu:508 - Load IP Config File for TIM2
2025-05-27 19:19:57,296 [INFO] ApiDbMcu:508 - Load IP Config File for TIM3
2025-05-27 19:19:57,314 [INFO] ApiDbMcu:508 - Load IP Config File for TIM4
2025-05-27 19:19:57,332 [INFO] ApiDbMcu:508 - Load IP Config File for TIM8
2025-05-27 19:19:57,346 [INFO] ApiDbMcu:508 - Load IP Config File for USART1
2025-05-27 19:19:57,349 [INFO] ApiDbMcu:508 - Load IP Config File for RCC
2025-05-27 19:19:57,382 [INFO] CodeEngine:255 - oldGeneratedFile, C:\Users\thepd\STM32CubeIDE\to_stm_base_proj_added_i2c\test\Core\Inc\main.h_save
2025-05-27 19:19:57,501 [INFO] CodeEngine:279 - Generated code: C:\Users\thepd\STM32CubeIDE\to_stm_base_proj_added_i2c\test\Core\Inc\main.h
2025-05-27 19:19:57,527 [INFO] CodeEngine:255 - oldGeneratedFile, C:\Users\thepd\STM32CubeIDE\to_stm_base_proj_added_i2c\test\Core\Src\main.c_save
2025-05-27 19:19:57,686 [INFO] CodeEngine:279 - Generated code: C:\Users\thepd\STM32CubeIDE\to_stm_base_proj_added_i2c\test\Core\Src\main.c
2025-05-27 19:19:58,116 [INFO] ProjectBuilder:3289 - Time for Copy HAL[1] : 271mS.
2025-05-27 19:19:58,122 [INFO] ProjectBuilder:4876 - Project Generator version: 4.5.0-RC5
2025-05-27 19:19:58,194 [INFO] ConfigFileManager:1579 - The Die is : DIE468
2025-05-27 19:19:58,196 [INFO] ApiDbMcu:508 - Load IP Config File for FATFS
2025-05-27 19:19:58,200 [INFO] ApiDbMcu:508 - Load IP Config File for FREERTOS
2025-05-27 19:19:58,205 [INFO] ApiDbMcu:508 - Load IP Config File for USBPD
2025-05-27 19:19:58,208 [INFO] ApiDbMcu:508 - Load IP Config File for USB_DEVICE
2025-05-27 19:20:00,151 [INFO] ProjectBuilder:5154 - Time for Generating toolchain IDE Files: 2029mS.
2025-05-27 19:20:00,153 [INFO] ProjectBuilder:3146 - Time for Copy CMSIS : 1mS.
2025-05-27 19:20:00,163 [INFO] ProjectBuilder:3146 - Time for Copy CMSIS : 0mS.
2025-05-27 19:45:23,638 [INFO] MainUpdater:2872 - connection check result : 10
2025-05-27 19:45:23,638 [INFO] MainUpdater:2872 - connection check result : 10
2025-05-27 19:45:23,649 [ERROR] IocParser:95 - Exception caught: null
2025-05-27 19:45:23,779 [INFO] I2cTimingTraitement:330 - 0x40B285C2
2025-05-27 19:45:23,796 [INFO] MicroXplorer:468 - Change Database Path : 
2025-05-27 19:45:23,796 [INFO] MicroXplorer:498 - Change Database Version : DB.6.0.130
2025-05-27 19:45:23,831 [ERROR] ProjectManagerView:394 - 
java.lang.NullPointerException: Cannot invoke "javax.swing.JTextField.getText()" because the return value of "java.util.List.get(int)" is null
	at com.st.microxplorer.plugins.projectmanager.gui.ProjectChoiceTab$9.caretUpdate(ProjectChoiceTab.java:2616) ~[filemanager.jar:?]
	at javax.swing.text.JTextComponent.fireCaretUpdate(JTextComponent.java:408) ~[?:?]
	at javax.swing.text.JTextComponent$MutableCaretEvent.fire(JTextComponent.java:4484) ~[?:?]
	at javax.swing.text.JTextComponent$MutableCaretEvent.stateChanged(JTextComponent.java:4506) ~[?:?]
	at javax.swing.text.DefaultCaret.fireStateChanged(DefaultCaret.java:857) ~[?:?]
	at javax.swing.text.DefaultCaret.changeCaretPosition(DefaultCaret.java:1343) ~[?:?]
	at javax.swing.text.DefaultCaret.handleSetDot(DefaultCaret.java:1242) ~[?:?]
	at javax.swing.text.DefaultCaret.setDot(DefaultCaret.java:1223) ~[?:?]
	at javax.swing.text.DefaultCaret$Handler.insertUpdate(DefaultCaret.java:1819) ~[?:?]
	at javax.swing.text.AbstractDocument.fireInsertUpdate(AbstractDocument.java:227) ~[?:?]
	at javax.swing.text.AbstractDocument.handleInsertString(AbstractDocument.java:781) ~[?:?]
	at javax.swing.text.AbstractDocument.insertString(AbstractDocument.java:740) ~[?:?]
	at javax.swing.text.PlainDocument.insertString(PlainDocument.java:131) ~[?:?]
	at javax.swing.text.AbstractDocument.replace(AbstractDocument.java:699) ~[?:?]
	at javax.swing.text.JTextComponent.setText(JTextComponent.java:1725) ~[?:?]
	at com.st.microxplorer.plugins.projectmanager.gui.ProjectChoiceTab.createHeapStackFields(ProjectChoiceTab.java:975) ~[filemanager.jar:?]
	at com.st.microxplorer.plugins.projectmanager.gui.ProjectChoiceTab.buildLinkSettingsPanel(ProjectChoiceTab.java:3666) ~[filemanager.jar:?]
	at com.st.microxplorer.plugins.projectmanager.gui.ProjectChoiceTab.defineWindowsFields(ProjectChoiceTab.java:1934) ~[filemanager.jar:?]
	at com.st.microxplorer.plugins.projectmanager.gui.ProjectChoiceTab.updateSettings(ProjectChoiceTab.java:553) ~[filemanager.jar:?]
	at com.st.microxplorer.plugins.projectmanager.gui.ProjectSettingsPanel.UpdateDialog(ProjectSettingsPanel.java:245) ~[filemanager.jar:?]
	at com.st.microxplorer.plugins.projectmanager.ProjectManagerView.propertyChange(ProjectManagerView.java:391) ~[filemanager.jar:?]
	at java.beans.PropertyChangeSupport.fire(PropertyChangeSupport.java:343) ~[?:?]
	at java.beans.PropertyChangeSupport.firePropertyChange(PropertyChangeSupport.java:335) ~[?:?]
	at java.beans.PropertyChangeSupport.firePropertyChange(PropertyChangeSupport.java:268) ~[?:?]
	at com.st.microxplorer.util.MXPropertyChangeSupport.firePropertyChange(MXPropertyChangeSupport.java:54) ~[STM32CubeMX.jar:?]
	at com.st.microxplorer.mxsystem.MxSystem.closeConfig(MxSystem.java:899) ~[STM32CubeMX.jar:?]
	at com.st.microxplorer.maingui.MainPanel.closeConfig(MainPanel.java:789) ~[STM32CubeMX.jar:?]
	at com.st.microxplorer.plugins.filemanager.engine.OpenFileManager.loadConfigurationFile(OpenFileManager.java:265) ~[filemanager.jar:?]
	at com.st.microxplorer.plugins.filemanager.engine.MainFileManager.userLoadConfig(MainFileManager.java:340) ~[filemanager.jar:?]
	at com.st.microxplorer.plugins.filemanager.engine.MainFileManager.userLoadConfig(MainFileManager.java:318) ~[filemanager.jar:?]
	at com.st.microxplorer.plugins.filemanager.FileManagerView.getSpecificTask(FileManagerView.java:246) ~[filemanager.jar:?]
	at com.st.stm32cube.common.mx.editor.CubeMxEditor.getMxTabbedPaneInstance(CubeMxEditor.java:1198) ~[com.st.stm32cube.common.mx_6.13.0.202411220809/:?]
	at com.st.stm32cube.common.mx.editor.CubeMxEditor$12$1.createSwingComponent(CubeMxEditor.java:1068) ~[com.st.stm32cube.common.mx_6.13.0.202411220809/:?]
	at com.st.stm32cube.common.mx.oss.core.awtswtbridge.EmbeddedSwingComposite.doComponentCreation(EmbeddedSwingComposite.java:492) ~[com.st.stm32cube.common.mx.oss_6.13.0.202411220809/:?]
	at com.st.stm32cube.common.mx.oss.core.awtswtbridge.EmbeddedSwingComposite$4.run(EmbeddedSwingComposite.java:291) ~[com.st.stm32cube.common.mx.oss_6.13.0.202411220809/:?]
	at com.st.stm32cube.common.mx.oss.core.awtswtbridge.AwtEnvironment$2.run(AwtEnvironment.java:166) ~[com.st.stm32cube.common.mx.oss_6.13.0.202411220809/:?]
	at java.awt.event.InvocationEvent.dispatch(InvocationEvent.java:318) ~[?:?]
	at java.awt.EventQueue.dispatchEventImpl(EventQueue.java:773) ~[?:?]
	at java.awt.EventQueue$4.run(EventQueue.java:720) ~[?:?]
	at java.awt.EventQueue$4.run(EventQueue.java:714) ~[?:?]
	at java.security.AccessController.doPrivileged(AccessController.java:400) ~[?:?]
	at java.security.ProtectionDomain$JavaSecurityAccessImpl.doIntersectionPrivilege(ProtectionDomain.java:87) ~[?:?]
	at java.awt.EventQueue.dispatchEvent(EventQueue.java:742) ~[?:?]
	at java.awt.EventDispatchThread.pumpOneEventForFilters(EventDispatchThread.java:203) ~[?:?]
	at java.awt.EventDispatchThread.pumpEventsForFilter(EventDispatchThread.java:124) ~[?:?]
	at java.awt.EventDispatchThread.pumpEventsForHierarchy(EventDispatchThread.java:113) ~[?:?]
	at java.awt.EventDispatchThread.pumpEvents(EventDispatchThread.java:109) ~[?:?]
	at java.awt.EventDispatchThread.pumpEvents(EventDispatchThread.java:101) ~[?:?]
	at java.awt.EventDispatchThread.run(EventDispatchThread.java:90) ~[?:?]
2025-05-27 19:45:23,832 [WARN] ThirdParty:871 - waiting for thirdparty lock release [close project]
2025-05-27 19:45:23,833 [INFO] ThirdParty:873 - entering critical section [close project]
2025-05-27 19:45:23,833 [INFO] ThirdParty:883 - exiting critical section [close project]
2025-05-27 19:45:23,835 [INFO] PinOutPanel:1589 - setPackage(No Configuration,No Configuration)
2025-05-27 19:45:23,841 [INFO] UtilMem:75 - Begin LoadConfig() Used Memory: 912289272 Bytes (1073741824)
2025-05-27 19:45:23,842 [INFO] MicroXplorer:468 - Change Database Path : 
2025-05-27 19:45:23,842 [INFO] MicroXplorer:498 - Change Database Version : DB.6.0.130
2025-05-27 19:45:23,842 [INFO] OpenFileManager:332 - Change cursor
2025-05-27 19:45:23,906 [INFO] RulesReader:64 - Compatibility file has been processed (297 Rules)
2025-05-27 19:45:23,932 [INFO] Mcu:2035 - Initializing MCU STM32G431R(6-8-B)Tx STM32G431RBTx STM32G431RBT6
2025-05-27 19:45:27,832 [INFO] Context:748 - Trying to add GPIOservice into a context  which must be forbidden
2025-05-27 19:45:28,840 [INFO] ApiDbMcu:508 - Load IP Config File for NUCLEO-G431RB
2025-05-27 19:45:28,955 [INFO] ImportTextPane:218 - (OptionalMessage_ERROR) Unable to find key (Mcu.IP12) in loaded IOC file
2025-05-27 19:45:28,956 [INFO] ImportTextPane:218 - (OptionalMessage_ERROR) Unknown IP (dummy)
2025-05-27 19:45:29,180 [INFO] RtosManager:555 - Registered RTOS mode: class=CMSIS, group=RTOS, mode=CMSIS_V1, owner=FREERTOS
2025-05-27 19:45:29,181 [INFO] RtosManager:555 - Registered RTOS mode: class=CMSIS, group=RTOS2, mode=CMSIS_V2, owner=FREERTOS
2025-05-27 19:45:29,181 [INFO] RtosManager:555 - Registered RTOS mode: class=RTOS, group=Core, mode=CMSIS_V1, owner=FREERTOS
2025-05-27 19:45:29,181 [INFO] RtosManager:555 - Registered RTOS mode: class=RTOS, group=Core, mode=CMSIS_V2, owner=FREERTOS
2025-05-27 19:45:29,181 [WARN] ModelIntegratedComponent:184 - Missing modes for component STMicroelectronics:FreeRTOS:0.0.1:STMicroelectronics:RTOS:FreeRTOS:Core:::10.2.0:
2025-05-27 19:45:29,192 [WARN] ModelIntegratedComponent:63 - No mode defined for component null
2025-05-27 19:45:29,192 [WARN] ModelIntegratedComponent:63 - No mode defined for component null
2025-05-27 19:45:29,192 [WARN] ModelIntegratedComponent:63 - No mode defined for component null
2025-05-27 19:45:29,192 [WARN] ModelIntegratedComponent:63 - No mode defined for component null
2025-05-27 19:45:29,192 [WARN] ModelIntegratedComponent:63 - No mode defined for component null
2025-05-27 19:45:29,192 [WARN] ModelIntegratedComponent:63 - No mode defined for component null
2025-05-27 19:45:29,192 [WARN] ModelIntegratedComponent:63 - No mode defined for component null
2025-05-27 19:45:29,192 [WARN] ModelIntegratedComponent:63 - No mode defined for component null
2025-05-27 19:45:29,192 [WARN] ModelIntegratedComponent:63 - No mode defined for component null
2025-05-27 19:45:29,193 [WARN] ModelIntegratedComponent:63 - No mode defined for component null
2025-05-27 19:45:29,193 [WARN] ModelIntegratedComponent:63 - No mode defined for component null
2025-05-27 19:45:29,194 [WARN] ModelIntegratedComponent:63 - No mode defined for component null
2025-05-27 19:45:29,194 [WARN] ModelIntegratedComponent:63 - No mode defined for component null
2025-05-27 19:45:29,194 [WARN] ModelIntegratedComponent:63 - No mode defined for component null
2025-05-27 19:45:29,194 [WARN] ModelIntegratedComponent:63 - No mode defined for component null
2025-05-27 19:45:29,194 [WARN] ModelIntegratedComponent:63 - No mode defined for component null
2025-05-27 19:45:29,194 [WARN] ModelIntegratedComponent:63 - No mode defined for component null
2025-05-27 19:45:29,194 [WARN] ModelIntegratedComponent:63 - No mode defined for component null
2025-05-27 19:45:29,194 [WARN] ModelIntegratedComponent:63 - No mode defined for component null
2025-05-27 19:45:29,194 [WARN] ModelIntegratedComponent:63 - No mode defined for component null
2025-05-27 19:45:29,194 [WARN] ModelIntegratedComponent:63 - No mode defined for component null
2025-05-27 19:45:29,194 [WARN] ModelIntegratedComponent:63 - No mode defined for component null
2025-05-27 19:45:29,194 [WARN] ModelIntegratedComponent:63 - No mode defined for component null
2025-05-27 19:45:29,194 [WARN] ModelIntegratedComponent:63 - No mode defined for component null
2025-05-27 19:45:29,194 [WARN] ModelIntegratedComponent:63 - No mode defined for component null
2025-05-27 19:45:29,195 [WARN] ModelIntegratedComponent:63 - No mode defined for component null
2025-05-27 19:45:29,195 [WARN] ModelIntegratedComponent:63 - No mode defined for component null
2025-05-27 19:45:29,195 [WARN] ModelIntegratedComponent:63 - No mode defined for component null
2025-05-27 19:45:29,195 [WARN] ModelIntegratedComponent:63 - No mode defined for component null
2025-05-27 19:45:29,195 [WARN] ModelIntegratedComponent:63 - No mode defined for component null
2025-05-27 19:45:29,195 [WARN] ModelIntegratedComponent:63 - No mode defined for component null
2025-05-27 19:45:29,195 [WARN] ModelIntegratedComponent:63 - No mode defined for component null
2025-05-27 19:45:29,195 [WARN] ModelIntegratedComponent:63 - No mode defined for component null
2025-05-27 19:45:29,195 [WARN] ModelIntegratedComponent:63 - No mode defined for component null
2025-05-27 19:45:29,195 [WARN] ModelIntegratedComponent:63 - No mode defined for component null
2025-05-27 19:45:29,195 [WARN] ModelPack:524 - Component already loaded: STMicroelectronics:HAL Drivers:0.0.0:STMicroelectronics:Device:STMicro_Driver:XSPI:HAL::0.0.1:HAL_XSPI
2025-05-27 19:45:29,285 [INFO] ThirdPartyModel:298 - Start build external matchings
2025-05-27 19:45:30,086 [INFO] ThirdPartyModel:316 - End build external matchings
2025-05-27 19:45:30,630 [INFO] UtilMem:75 - End LoadConfig() Used Memory: 835473128 Bytes (1073741824)
2025-05-27 19:45:30,686 [WARN] ThirdParty:833 - waiting for thirdparty lock release [change project]
2025-05-27 19:45:30,686 [INFO] ThirdParty:835 - entering critical section [change project]
2025-05-27 19:45:30,686 [INFO] ThirdParty:1030 - CMSIS Pack Vendor :STMicroelectronics USBPD 4.1
2025-05-27 19:45:30,686 [INFO] ThirdParty:1030 - CMSIS Pack Vendor :STMicroelectronics X-CUBE-AZRTOS-H7 3.3.0
2025-05-27 19:45:30,686 [INFO] ThirdParty:1030 - CMSIS Pack Vendor :STMicroelectronics X-CUBE-NFC9 1.0.0
2025-05-27 19:45:30,687 [INFO] ThirdParty:1030 - CMSIS Pack Vendor :STMicroelectronics USB_HOST 2.0.0
2025-05-27 19:45:30,687 [INFO] ThirdParty:1030 - CMSIS Pack Vendor :STMicroelectronics FP-SNS-MOTENVWB1 1.4.0
2025-05-27 19:45:30,687 [INFO] ThirdParty:1030 - CMSIS Pack Vendor :STMicroelectronics X-CUBE-AZRTOS-F4 1.1.0
2025-05-27 19:45:30,687 [INFO] ThirdParty:1030 - CMSIS Pack Vendor :STMicroelectronics LIBJPEG 8.0.0
2025-05-27 19:45:30,687 [INFO] ThirdParty:1030 - CMSIS Pack Vendor :STMicroelectronics FP-ATR-ASTRA1 2.0.2
2025-05-27 19:45:30,687 [INFO] ThirdParty:1030 - CMSIS Pack Vendor :STMicroelectronics FP-ATR-ASTRA1 2.0.1
2025-05-27 19:45:30,687 [INFO] ThirdParty:1030 - CMSIS Pack Vendor :STMicroelectronics X-CUBE-BLE1 7.1.0
2025-05-27 19:45:30,687 [INFO] ThirdParty:1030 - CMSIS Pack Vendor :Avnet-IotConnect X-CUBE-IoTC-DA16k-PMOD 1.0.0
2025-05-27 19:45:30,687 [INFO] ThirdParty:1030 - CMSIS Pack Vendor :STMicroelectronics X-CUBE-SMBUS 2.1.0
2025-05-27 19:45:30,687 [INFO] ThirdParty:1030 - CMSIS Pack Vendor :STMicroelectronics X-CUBE-WB05N 1.1.0
2025-05-27 19:45:30,687 [INFO] ThirdParty:1030 - CMSIS Pack Vendor :STMicroelectronics USB_DEVICE 3.0.0
2025-05-27 19:45:30,687 [INFO] ThirdParty:1030 - CMSIS Pack Vendor :STMicroelectronics X-CUBE-ISPU 2.1.0
2025-05-27 19:45:30,687 [INFO] ThirdParty:1030 - CMSIS Pack Vendor :STMicroelectronics X-CUBE-AZRTOS-WB 2.0.0
2025-05-27 19:45:30,687 [INFO] ThirdParty:1030 - CMSIS Pack Vendor :STMicroelectronics X-CUBE-ST60 1.0.0
2025-05-27 19:45:30,687 [INFO] ThirdParty:1030 - CMSIS Pack Vendor :STMicroelectronics X-CUBE-GNSS1 7.0.1
2025-05-27 19:45:30,687 [INFO] ThirdParty:1030 - CMSIS Pack Vendor :STMicroelectronics X-CUBE-AZRTOS-F7 1.1.0
2025-05-27 19:45:30,687 [INFO] ThirdParty:1030 - CMSIS Pack Vendor :STMicroelectronics X-CUBE-AZRTOS-L5 2.0.0
2025-05-27 19:45:30,687 [INFO] ThirdParty:1030 - CMSIS Pack Vendor :STMicroelectronics X-CUBE-TOUCHGFX 4.25.0
2025-05-27 19:45:30,687 [INFO] ThirdParty:1030 - CMSIS Pack Vendor :STMicroelectronics USB_DEVICE 2.0.0
2025-05-27 19:45:30,687 [INFO] ThirdParty:1030 - CMSIS Pack Vendor :STMicroelectronics X-CUBE-NFC6 3.1.0
2025-05-27 19:45:30,687 [INFO] ThirdParty:1030 - CMSIS Pack Vendor :STMicroelectronics FP-SNS-STBOX1 2.0.0
2025-05-27 19:45:30,688 [INFO] ThirdParty:1030 - CMSIS Pack Vendor :STMicroelectronics X-CUBE-MEMS1 11.2.0
2025-05-27 19:45:30,688 [INFO] ThirdParty:1030 - CMSIS Pack Vendor :STMicroelectronics FreeRTOS 0.0.1
2025-05-27 19:45:30,688 [INFO] ThirdParty:1030 - CMSIS Pack Vendor :STMicroelectronics X-CUBE-AZRTOS-G0 1.1.0
2025-05-27 19:45:30,688 [INFO] ThirdParty:1030 - CMSIS Pack Vendor :STMicroelectronics X-CUBE-SAFEA1 1.2.2
2025-05-27 19:45:30,688 [INFO] ThirdParty:1030 - CMSIS Pack Vendor :STMicroelectronics X-CUBE-NFC4 3.0.0
2025-05-27 19:45:30,688 [INFO] ThirdParty:1030 - CMSIS Pack Vendor :STMicroelectronics X-CUBE-DPower 1.2.0
2025-05-27 19:45:30,688 [INFO] ThirdParty:1030 - CMSIS Pack Vendor :STMicroelectronics X-CUBE-SUBG2 5.0.0
2025-05-27 19:45:30,688 [INFO] ThirdParty:1030 - CMSIS Pack Vendor :STMicroelectronics X-CUBE-AZRTOS-H7RS 1.1.0
2025-05-27 19:45:30,688 [INFO] ThirdParty:1030 - CMSIS Pack Vendor :STMicroelectronics STM32_WPAN 1.0.0
2025-05-27 19:45:30,688 [INFO] ThirdParty:1030 - CMSIS Pack Vendor :EmbeddedOffice I-CUBE-FS-RTOS 1.0.1
2025-05-27 19:45:30,688 [INFO] ThirdParty:1030 - CMSIS Pack Vendor :STMicroelectronics lwIP 2.0.3
2025-05-27 19:45:30,688 [INFO] ThirdParty:1030 - CMSIS Pack Vendor :STMicroelectronics FP-SNS-FLIGHT1 5.0.2
2025-05-27 19:45:30,688 [INFO] ThirdParty:1030 - CMSIS Pack Vendor :Cesanta I-CUBE-Mongoose 7.13.0
2025-05-27 19:45:30,688 [INFO] ThirdParty:1030 - CMSIS Pack Vendor :STMicroelectronics USB_HOST 1.0.0
2025-05-27 19:45:30,688 [INFO] ThirdParty:1030 - CMSIS Pack Vendor :Infineon AIROC-Wi-Fi-Bluetooth-STM32 1.7.0
2025-05-27 19:45:30,688 [INFO] ThirdParty:1030 - CMSIS Pack Vendor :STMicroelectronics X-CUBE-AZRTOS-G4 2.0.0
2025-05-27 19:45:30,688 [INFO] ThirdParty:1030 - CMSIS Pack Vendor :STMicroelectronics X-CUBE-WB05N 2.0.0
2025-05-27 19:45:30,688 [INFO] ThirdParty:1030 - CMSIS Pack Vendor :STMicroelectronics PDM2PCM 3.1.0
2025-05-27 19:45:30,688 [INFO] ThirdParty:1030 - CMSIS Pack Vendor :STMicroelectronics PDM2PCM 3.3.0
2025-05-27 19:45:30,688 [INFO] ThirdParty:1030 - CMSIS Pack Vendor :STMicroelectronics X-CUBE-DISPLAY 3.0.0
2025-05-27 19:45:30,689 [INFO] ThirdParty:1030 - CMSIS Pack Vendor :STMicroelectronics X-CUBE-NFC7 2.0.0
2025-05-27 19:45:30,689 [INFO] ThirdParty:1030 - CMSIS Pack Vendor :STMicroelectronics X-CUBE-TCPP 4.2.0
2025-05-27 19:45:30,689 [INFO] ThirdParty:1030 - CMSIS Pack Vendor :RealThread X-CUBE-RT-Thread_Nano 4.1.1
2025-05-27 19:45:30,689 [INFO] ThirdParty:1030 - CMSIS Pack Vendor :STMicroelectronics X-CUBE-BLE1 7.0.0
2025-05-27 19:45:30,689 [INFO] ThirdParty:1030 - CMSIS Pack Vendor :STMicroelectronics FP-ATR-SIGFOX1 3.2.0
2025-05-27 19:45:30,689 [INFO] ThirdParty:1030 - CMSIS Pack Vendor :STMicroelectronics X-CUBE-NFC10 1.0.0
2025-05-27 19:45:30,689 [INFO] ThirdParty:1030 - CMSIS Pack Vendor :quantropi X-CUBE-qispace-sdk-base 1.9.3
2025-05-27 19:45:30,689 [INFO] ThirdParty:1030 - CMSIS Pack Vendor :STMicroelectronics X-CUBE-BLEMGR 4.0.0
2025-05-27 19:45:30,689 [INFO] ThirdParty:1030 - CMSIS Pack Vendor :STMicroelectronics X-CUBE-EEPRMA1 5.1.0
2025-05-27 19:45:30,689 [INFO] ThirdParty:1030 - CMSIS Pack Vendor :STMicroelectronics X-CUBE-FREERTOS 1.3.1
2025-05-27 19:45:30,689 [INFO] ThirdParty:1030 - CMSIS Pack Vendor :STMicroelectronics HAL Drivers 0.0.0
2025-05-27 19:45:30,689 [INFO] ThirdParty:1030 - CMSIS Pack Vendor :STMicroelectronics MBEDTLS 2.16.2
2025-05-27 19:45:30,690 [INFO] ThirdParty:1030 - CMSIS Pack Vendor :STMicroelectronics X-CUBE-IPS 3.1.0
2025-05-27 19:45:30,690 [INFO] ThirdParty:1030 - CMSIS Pack Vendor :STMicroelectronics X-CUBE-ALS 1.0.2
2025-05-27 19:45:30,690 [INFO] ThirdParty:1030 - CMSIS Pack Vendor :emotas I-CUBE-CANOPEN 1.3.0
2025-05-27 19:45:30,690 [INFO] ThirdParty:1030 - CMSIS Pack Vendor :STMicroelectronics X-CUBE-FREERTOS 1.3.0
2025-05-27 19:45:30,690 [INFO] ThirdParty:1030 - CMSIS Pack Vendor :STMicroelectronics X-CUBE-NFC7 1.0.1
2025-05-27 19:45:30,690 [INFO] ThirdParty:1030 - CMSIS Pack Vendor :STMicroelectronics MBEDTLS 2.14.1
2025-05-27 19:45:30,690 [INFO] ThirdParty:1030 - CMSIS Pack Vendor :wolfSSL I-CUBE-wolfSSL 5.7.6
2025-05-27 19:45:30,690 [INFO] ThirdParty:1030 - CMSIS Pack Vendor :ITTIA_DB I-CUBE-ITTIADB 8.9.0
2025-05-27 19:45:30,690 [INFO] ThirdParty:1030 - CMSIS Pack Vendor :STMicroelectronics X-CUBE-TOUCHGFX 4.24.2
2025-05-27 19:45:30,690 [INFO] ThirdParty:1030 - CMSIS Pack Vendor :wolfSSL I-CUBE-wolfTPM 3.4.0
2025-05-27 19:45:30,690 [INFO] ThirdParty:1030 - CMSIS Pack Vendor :portGmbH I-Cube-SoM-uGOAL 1.1.0
2025-05-27 19:45:30,690 [INFO] ThirdParty:1030 - CMSIS Pack Vendor :STMicroelectronics X-CUBE-AI 10.0.0
2025-05-27 19:45:30,690 [INFO] ThirdParty:1030 - CMSIS Pack Vendor :STMicroelectronics ThreadX 1.0.0
2025-05-27 19:45:30,691 [INFO] ThirdParty:1030 - CMSIS Pack Vendor :STMicroelectronics FP-SNS-SMARTAG2 1.2.0
2025-05-27 19:45:30,691 [INFO] ThirdParty:1030 - CMSIS Pack Vendor :STMicroelectronics FP-SNS-FLIGHT1 5.1.0
2025-05-27 19:45:30,691 [INFO] ThirdParty:1030 - CMSIS Pack Vendor :STMicroelectronics X-CUBE-MEMS1 11.1.0
2025-05-27 19:45:30,691 [INFO] ThirdParty:1030 - CMSIS Pack Vendor :STMicroelectronics X-CUBE-AZRTOS-WL 2.0.0
2025-05-27 19:45:30,691 [INFO] ThirdParty:1030 - CMSIS Pack Vendor :SEGGER I-CUBE-embOS 1.3.1
2025-05-27 19:45:30,691 [INFO] ThirdParty:1030 - CMSIS Pack Vendor :STMicroelectronics X-CUBE-ALGOBUILD 1.4.0
2025-05-27 19:45:30,691 [INFO] ThirdParty:1030 - CMSIS Pack Vendor :STMicroelectronics X-CUBE-DPower 1.3.0
2025-05-27 19:45:30,692 [INFO] ThirdParty:1030 - CMSIS Pack Vendor :STMicroelectronics FP-SNS-MOTENV1 5.0.0
2025-05-27 19:45:30,693 [INFO] ThirdParty:1030 - CMSIS Pack Vendor :STMicroelectronics USB_DEVICE 1.0.0
2025-05-27 19:45:30,693 [INFO] ThirdParty:1030 - CMSIS Pack Vendor :STMicroelectronics X-CUBE-AZRTOS-H7RS 1.0.0
2025-05-27 19:45:30,693 [INFO] ThirdParty:1030 - CMSIS Pack Vendor :wolfSSL I-CUBE-wolfMQTT 1.19.0
2025-05-27 19:45:30,693 [INFO] ThirdParty:1030 - CMSIS Pack Vendor :STMicroelectronics X-CUBE-AZRTOS-L4 2.0.0
2025-05-27 19:45:30,694 [INFO] ThirdParty:1030 - CMSIS Pack Vendor :STMicroelectronics ThreadX 0.0.2
2025-05-27 19:45:30,695 [INFO] ThirdParty:1030 - CMSIS Pack Vendor :WES I-CUBE-Cesium 1.3.0
2025-05-27 19:45:30,695 [INFO] ThirdParty:1030 - CMSIS Pack Vendor :STMicroelectronics lwIP 2.1.2
2025-05-27 19:45:30,695 [INFO] ThirdParty:1030 - CMSIS Pack Vendor :STMicroelectronics X-CUBE-SFXS2LP1 4.0.0
2025-05-27 19:45:30,695 [INFO] ThirdParty:1030 - CMSIS Pack Vendor :STMicroelectronics X-CUBE-BLE2 3.3.0
2025-05-27 19:45:30,695 [INFO] ThirdParty:1030 - CMSIS Pack Vendor :STMicroelectronics X-CUBE-TOF1 3.4.2
2025-05-27 19:45:30,695 [INFO] ThirdParty:1030 - CMSIS Pack Vendor :STMicroelectronics X-CUBE-TOF1 3.4.3
2025-05-27 19:45:30,695 [INFO] ThirdParty:1030 - CMSIS Pack Vendor :STMicroelectronics PDM2PCM 3.2.0
2025-05-27 19:45:30,695 [INFO] ThirdParty:1030 - CMSIS Pack Vendor :wolfSSL I-CUBE-wolfSSH 1.4.17
2025-05-27 19:45:30,695 [INFO] ThirdParty:841 - exiting critical section [change project]
2025-05-27 19:45:31,006 [INFO] PinOutPanel:1589 - setPackage(No Configuration,No Configuration)
2025-05-27 19:45:31,007 [INFO] PinOutPanel:1589 - setPackage(STM32G431RBTx,LQFP64)
2025-05-27 19:45:31,229 [INFO] UtilMem:75 - Before build in PCC Used Memory: 815179792 Bytes (1073741824)
2025-05-27 19:45:31,802 [INFO] UtilMem:75 - After build in PCC Used Memory: 909025296 Bytes (1073741824)
2025-05-27 19:45:31,835 [INFO] IPUIPlugin:80 - create IPUIPlugin
2025-05-27 19:45:31,835 [INFO] IPUIPlugin:80 - create IPUIPlugin
2025-05-27 19:45:31,835 [INFO] IPUIPlugin:80 - create IPUIPlugin
2025-05-27 19:45:31,835 [INFO] IPUIPlugin:80 - create IPUIPlugin
2025-05-27 19:45:31,835 [INFO] IPUIPlugin:80 - create IPUIPlugin
2025-05-27 19:45:31,835 [INFO] IPUIPlugin:80 - create IPUIPlugin
2025-05-27 19:45:31,835 [INFO] IPUIPlugin:80 - create IPUIPlugin
2025-05-27 19:45:31,836 [INFO] IPUIPlugin:80 - create IPUIPlugin
2025-05-27 19:45:31,836 [INFO] IPUIPlugin:80 - create IPUIPlugin
2025-05-27 19:45:31,836 [INFO] IPUIPlugin:80 - create IPUIPlugin
2025-05-27 19:45:31,836 [INFO] IPUIPlugin:80 - create IPUIPlugin
2025-05-27 19:45:31,836 [INFO] IPUIPlugin:80 - create IPUIPlugin
2025-05-27 19:45:31,836 [INFO] IPUIPlugin:80 - create IPUIPlugin
2025-05-27 19:45:31,837 [INFO] IPUIPlugin:80 - create IPUIPlugin
2025-05-27 19:45:31,837 [INFO] IPUIPlugin:80 - create IPUIPlugin
2025-05-27 19:45:31,837 [INFO] IPUIPlugin:80 - create IPUIPlugin
2025-05-27 19:45:31,837 [INFO] IPUIPlugin:80 - create IPUIPlugin
2025-05-27 19:45:31,837 [INFO] IPUIPlugin:80 - create IPUIPlugin
2025-05-27 19:45:31,838 [INFO] IPUIPlugin:80 - create IPUIPlugin
2025-05-27 19:45:31,838 [INFO] IPUIPlugin:80 - create IPUIPlugin
2025-05-27 19:45:31,838 [INFO] IPUIPlugin:80 - create IPUIPlugin
2025-05-27 19:45:31,838 [INFO] IPUIPlugin:80 - create IPUIPlugin
2025-05-27 19:45:31,838 [INFO] IPUIPlugin:80 - create IPUIPlugin
2025-05-27 19:45:31,838 [INFO] IPUIPlugin:80 - create IPUIPlugin
2025-05-27 19:45:31,839 [INFO] IPUIPlugin:80 - create IPUIPlugin
2025-05-27 19:45:31,839 [INFO] IPUIPlugin:80 - create IPUIPlugin
2025-05-27 19:45:31,840 [INFO] IPUIPlugin:80 - create IPUIPlugin
2025-05-27 19:45:31,840 [INFO] IPUIPlugin:80 - create IPUIPlugin
2025-05-27 19:45:31,840 [INFO] IPUIPlugin:80 - create IPUIPlugin
2025-05-27 19:45:31,840 [INFO] IPUIPlugin:80 - create IPUIPlugin
2025-05-27 19:45:31,840 [INFO] IPUIPlugin:80 - create IPUIPlugin
2025-05-27 19:45:31,840 [INFO] IPUIPlugin:80 - create IPUIPlugin
2025-05-27 19:45:31,841 [INFO] IPUIPlugin:80 - create IPUIPlugin
2025-05-27 19:45:31,841 [INFO] IPUIPlugin:80 - create IPUIPlugin
2025-05-27 19:45:31,841 [INFO] IPUIPlugin:80 - create IPUIPlugin
2025-05-27 19:45:31,841 [INFO] IPUIPlugin:80 - create IPUIPlugin
2025-05-27 19:45:31,843 [INFO] IPUIPlugin:80 - create IPUIPlugin
2025-05-27 19:45:31,844 [INFO] IPUIPlugin:80 - create IPUIPlugin
2025-05-27 19:45:31,844 [INFO] IPUIPlugin:80 - create IPUIPlugin
2025-05-27 19:45:31,845 [INFO] IPUIPlugin:80 - create IPUIPlugin
2025-05-27 19:45:31,845 [INFO] IPUIPlugin:80 - create IPUIPlugin
2025-05-27 19:45:31,845 [INFO] IPUIPlugin:80 - create IPUIPlugin
2025-05-27 19:45:31,845 [INFO] IPUIPlugin:80 - create IPUIPlugin
2025-05-27 19:45:31,846 [INFO] IPUIPlugin:80 - create IPUIPlugin
2025-05-27 19:45:31,846 [INFO] IPUIPlugin:80 - create IPUIPlugin
2025-05-27 19:45:31,846 [INFO] IPUIPlugin:80 - create IPUIPlugin
2025-05-27 19:45:31,846 [INFO] IPUIPlugin:80 - create IPUIPlugin
2025-05-27 19:45:31,846 [INFO] IPUIPlugin:80 - create IPUIPlugin
2025-05-27 19:45:31,847 [INFO] IPUIPlugin:80 - create IPUIPlugin
2025-05-27 19:45:31,847 [INFO] IPUIPlugin:80 - create IPUIPlugin
2025-05-27 19:45:31,847 [INFO] IPUIPlugin:80 - create IPUIPlugin
2025-05-27 19:45:31,847 [INFO] IPUIPlugin:80 - create IPUIPlugin
2025-05-27 19:45:31,848 [INFO] IPUIPlugin:80 - create IPUIPlugin
2025-05-27 19:45:31,848 [INFO] IPUIPlugin:80 - create IPUIPlugin
2025-05-27 19:45:31,849 [INFO] IPUIPlugin:80 - create IPUIPlugin
2025-05-27 19:45:31,849 [INFO] IPUIPlugin:80 - create IPUIPlugin
2025-05-27 19:45:31,849 [INFO] IPUIPlugin:80 - create IPUIPlugin
2025-05-27 19:45:31,850 [INFO] IPUIPlugin:80 - create IPUIPlugin
2025-05-27 19:45:31,850 [INFO] IPUIPlugin:80 - create IPUIPlugin
2025-05-27 19:45:32,036 [INFO] CADModel:165 - CPN selected for project levelSTM32G431RBT6
2025-05-27 19:45:32,036 [INFO] CADModel:114 - Register for checkConnection events
2025-05-27 19:45:32,106 [INFO] OpenFileManager:363 - Restore cursor
2025-05-27 19:52:47,794 [INFO] NvicIntPanel:101 - NVIC parent = com.st.microxplorer.plugins.ip.nvic.MultiNvicIntPanel[,0,0,0x0,invalid,layout=javax.swing.BoxLayout,alignmentX=0.0,alignmentY=0.0,border=,flags=9,maximumSize=,minimumSize=,preferredSize=]
2025-05-27 19:52:58,053 [INFO] NvicIntPanel:101 - NVIC parent = com.st.microxplorer.plugins.ip.nvic.MultiNvicIntPanel[,0,0,0x0,invalid,layout=javax.swing.BoxLayout,alignmentX=0.0,alignmentY=0.0,border=,flags=9,maximumSize=,minimumSize=,preferredSize=]
2025-05-27 19:53:34,881 [INFO] NvicIntPanel:101 - NVIC parent = com.st.microxplorer.plugins.ip.nvic.MultiNvicIntPanel[,0,0,530x184,layout=javax.swing.BoxLayout,alignmentX=0.0,alignmentY=0.0,border=,flags=9,maximumSize=,minimumSize=,preferredSize=]
2025-05-27 19:53:57,239 [INFO] UtilMem:75 - End SaveConfig() Used Memory: 995218792 Bytes (1073741824)
2025-05-27 19:53:58,114 [ERROR] IocParser:95 - Exception caught: null
2025-05-27 19:54:00,212 [INFO] UtilMem:75 - End SaveConfig() Used Memory: 800537512 Bytes (1073741824)
2025-05-27 19:54:00,567 [ERROR] IocParser:95 - Exception caught: null
2025-05-27 19:54:01,819 [INFO] UtilMem:75 - End SaveConfig() Used Memory: 843082536 Bytes (1073741824)
2025-05-27 19:54:02,042 [INFO] BlockDiagram:2766 - set Specific Code input for plugin: TIM1_8G4
2025-05-27 19:54:02,042 [INFO] BlockDiagram:2766 - set Specific Code input for plugin: TIM1_8G4
2025-05-27 19:54:02,042 [INFO] BlockDiagram:2766 - set Specific Code input for plugin: TIM1_8G4
2025-05-27 19:54:02,042 [INFO] BlockDiagram:2766 - set Specific Code input for plugin: TIM1_8G4
2025-05-27 19:54:02,042 [INFO] BlockDiagram:2766 - set Specific Code input for plugin: SYS
2025-05-27 19:54:02,043 [INFO] BlockDiagram:2766 - set Specific Code input for plugin: RCC
2025-05-27 19:54:02,043 [INFO] BlockDiagram:2766 - set Specific Code input for plugin: I2C
2025-05-27 19:54:02,043 [INFO] BlockDiagram:2766 - set Specific Code input for plugin: NVIC
2025-05-27 19:54:02,043 [INFO] BlockDiagram:2766 - set Specific Code input for plugin: USART
2025-05-27 19:54:02,043 [INFO] BlockDiagram:2766 - set Specific Code input for plugin: TIM1_8G4
2025-05-27 19:54:02,043 [INFO] BlockDiagram:2766 - set Specific Code input for plugin: TIM1_8G4
2025-05-27 19:54:02,043 [INFO] BlockDiagram:2766 - set Specific Code input for plugin: GPIO
2025-05-27 19:54:02,043 [INFO] BlockDiagram:2766 - set Specific Code input for plugin: NUCLEO-G431RB
2025-05-27 19:54:02,045 [INFO] CodeGenerator:896 - code generatio: config db path: C:\ST\STM32CubeIDE_1.17.0\STM32CubeIDE\plugins\com.st.stm32cube.common.mx_6.13.0.202411220809\\db\
2025-05-27 19:54:02,381 [INFO] CodeEngine:255 - oldGeneratedFile, C:\Users\thepd\STM32CubeIDE\to_stm_base_proj_added_i2c\test\MXTmpFiles\license.tmp_save
2025-05-27 19:54:02,639 [INFO] CodeEngine:279 - Generated code: C:\Users\thepd\STM32CubeIDE\to_stm_base_proj_added_i2c\test\MXTmpFiles\license.tmp
2025-05-27 19:54:02,785 [INFO] CodeEngine:255 - oldGeneratedFile, C:\Users\thepd\STM32CubeIDE\to_stm_base_proj_added_i2c\test\Core\Src\gpio.c_save
2025-05-27 19:54:02,942 [INFO] CodeEngine:279 - Generated code: C:\Users\thepd\STM32CubeIDE\to_stm_base_proj_added_i2c\test\Core\Src\gpio.c
2025-05-27 19:54:02,963 [INFO] CodeEngine:255 - oldGeneratedFile, C:\Users\thepd\STM32CubeIDE\to_stm_base_proj_added_i2c\test\Core\Inc\gpio.h_save
2025-05-27 19:54:03,083 [INFO] CodeEngine:279 - Generated code: C:\Users\thepd\STM32CubeIDE\to_stm_base_proj_added_i2c\test\Core\Inc\gpio.h
2025-05-27 19:54:04,107 [INFO] CodeEngine:255 - oldGeneratedFile, C:\Users\thepd\STM32CubeIDE\to_stm_base_proj_added_i2c\test\Core\Src\i2c.c_save
2025-05-27 19:54:04,380 [INFO] CodeEngine:279 - Generated code: C:\Users\thepd\STM32CubeIDE\to_stm_base_proj_added_i2c\test\Core\Src\i2c.c
2025-05-27 19:54:04,394 [INFO] CodeEngine:255 - oldGeneratedFile, C:\Users\thepd\STM32CubeIDE\to_stm_base_proj_added_i2c\test\Core\Inc\i2c.h_save
2025-05-27 19:54:04,538 [INFO] CodeEngine:279 - Generated code: C:\Users\thepd\STM32CubeIDE\to_stm_base_proj_added_i2c\test\Core\Inc\i2c.h
2025-05-27 19:54:04,582 [INFO] CodeEngine:255 - oldGeneratedFile, C:\Users\thepd\STM32CubeIDE\to_stm_base_proj_added_i2c\test\Core\Inc\stm32g4xx_nucleo_conf.h_save
2025-05-27 19:54:04,685 [INFO] CodeEngine:279 - Generated code: C:\Users\thepd\STM32CubeIDE\to_stm_base_proj_added_i2c\test\Core\Inc\stm32g4xx_nucleo_conf.h
2025-05-27 19:54:04,704 [INFO] CodeEngine:255 - oldGeneratedFile, C:\Users\thepd\STM32CubeIDE\to_stm_base_proj_added_i2c\test\MXTmpFiles\bsp_inc.tmp_save
2025-05-27 19:54:04,788 [INFO] CodeEngine:279 - Generated code: C:\Users\thepd\STM32CubeIDE\to_stm_base_proj_added_i2c\test\MXTmpFiles\bsp_inc.tmp
2025-05-27 19:54:04,805 [INFO] CodeEngine:255 - oldGeneratedFile, C:\Users\thepd\STM32CubeIDE\to_stm_base_proj_added_i2c\test\MXTmpFiles\bsp_common_vars.tmp_save
2025-05-27 19:54:04,877 [INFO] CodeEngine:279 - Generated code: C:\Users\thepd\STM32CubeIDE\to_stm_base_proj_added_i2c\test\MXTmpFiles\bsp_common_vars.tmp
2025-05-27 19:54:04,894 [INFO] CodeEngine:255 - oldGeneratedFile, C:\Users\thepd\STM32CubeIDE\to_stm_base_proj_added_i2c\test\MXTmpFiles\bsp_common_init.tmp_save
2025-05-27 19:54:04,984 [INFO] CodeEngine:279 - Generated code: C:\Users\thepd\STM32CubeIDE\to_stm_base_proj_added_i2c\test\MXTmpFiles\bsp_common_init.tmp
2025-05-27 19:54:05,002 [INFO] CodeEngine:255 - oldGeneratedFile, C:\Users\thepd\STM32CubeIDE\to_stm_base_proj_added_i2c\test\MXTmpFiles\bsp_common_demo_before_while.tmp_save
2025-05-27 19:54:05,079 [INFO] CodeEngine:279 - Generated code: C:\Users\thepd\STM32CubeIDE\to_stm_base_proj_added_i2c\test\MXTmpFiles\bsp_common_demo_before_while.tmp
2025-05-27 19:54:05,087 [INFO] CodeEngine:255 - oldGeneratedFile, C:\Users\thepd\STM32CubeIDE\to_stm_base_proj_added_i2c\test\MXTmpFiles\bsp_common_demo_inside_while.tmp_save
2025-05-27 19:54:05,161 [INFO] CodeEngine:279 - Generated code: C:\Users\thepd\STM32CubeIDE\to_stm_base_proj_added_i2c\test\MXTmpFiles\bsp_common_demo_inside_while.tmp
2025-05-27 19:54:05,169 [INFO] CodeEngine:255 - oldGeneratedFile, C:\Users\thepd\STM32CubeIDE\to_stm_base_proj_added_i2c\test\MXTmpFiles\bsp_common_demo_fct.tmp_save
2025-05-27 19:54:05,245 [INFO] CodeEngine:279 - Generated code: C:\Users\thepd\STM32CubeIDE\to_stm_base_proj_added_i2c\test\MXTmpFiles\bsp_common_demo_fct.tmp
2025-05-27 19:54:05,280 [INFO] CodeEngine:255 - oldGeneratedFile, C:\Users\thepd\STM32CubeIDE\to_stm_base_proj_added_i2c\test\Core\Src\tim.c_save
2025-05-27 19:54:05,523 [INFO] CodeEngine:279 - Generated code: C:\Users\thepd\STM32CubeIDE\to_stm_base_proj_added_i2c\test\Core\Src\tim.c
2025-05-27 19:54:05,541 [INFO] CodeEngine:255 - oldGeneratedFile, C:\Users\thepd\STM32CubeIDE\to_stm_base_proj_added_i2c\test\Core\Inc\tim.h_save
2025-05-27 19:54:05,671 [INFO] CodeEngine:279 - Generated code: C:\Users\thepd\STM32CubeIDE\to_stm_base_proj_added_i2c\test\Core\Inc\tim.h
2025-05-27 19:54:05,707 [INFO] CodeEngine:255 - oldGeneratedFile, C:\Users\thepd\STM32CubeIDE\to_stm_base_proj_added_i2c\test\Core\Src\usart.c_save
2025-05-27 19:54:05,807 [INFO] CodeEngine:279 - Generated code: C:\Users\thepd\STM32CubeIDE\to_stm_base_proj_added_i2c\test\Core\Src\usart.c
2025-05-27 19:54:05,814 [INFO] CodeEngine:255 - oldGeneratedFile, C:\Users\thepd\STM32CubeIDE\to_stm_base_proj_added_i2c\test\Core\Inc\usart.h_save
2025-05-27 19:54:05,901 [INFO] CodeEngine:279 - Generated code: C:\Users\thepd\STM32CubeIDE\to_stm_base_proj_added_i2c\test\Core\Inc\usart.h
2025-05-27 19:54:05,951 [INFO] CodeEngine:255 - oldGeneratedFile, C:\Users\thepd\STM32CubeIDE\to_stm_base_proj_added_i2c\test\Core\Src\stm32g4xx_it.c_save
2025-05-27 19:54:06,126 [INFO] CodeEngine:279 - Generated code: C:\Users\thepd\STM32CubeIDE\to_stm_base_proj_added_i2c\test\Core\Src\stm32g4xx_it.c
2025-05-27 19:54:06,137 [INFO] CodeEngine:255 - oldGeneratedFile, C:\Users\thepd\STM32CubeIDE\to_stm_base_proj_added_i2c\test\Core\Inc\stm32g4xx_it.h_save
2025-05-27 19:54:06,220 [INFO] CodeEngine:279 - Generated code: C:\Users\thepd\STM32CubeIDE\to_stm_base_proj_added_i2c\test\Core\Inc\stm32g4xx_it.h
2025-05-27 19:54:06,270 [INFO] CodeEngine:255 - oldGeneratedFile, C:\Users\thepd\STM32CubeIDE\to_stm_base_proj_added_i2c\test\Core\Src\stm32g4xx_hal_msp.c_save
2025-05-27 19:54:06,381 [INFO] CodeEngine:279 - Generated code: C:\Users\thepd\STM32CubeIDE\to_stm_base_proj_added_i2c\test\Core\Src\stm32g4xx_hal_msp.c
2025-05-27 19:54:06,404 [INFO] CodeEngine:255 - oldGeneratedFile, C:\Users\thepd\STM32CubeIDE\to_stm_base_proj_added_i2c\test\MXTmpFiles\system.tmp_save
2025-05-27 19:54:06,477 [INFO] CodeEngine:279 - Generated code: C:\Users\thepd\STM32CubeIDE\to_stm_base_proj_added_i2c\test\MXTmpFiles\system.tmp
2025-05-27 19:54:06,524 [INFO] CodeEngine:311 - oldGeneratedFile, C:\Users\thepd\STM32CubeIDE\to_stm_base_proj_added_i2c\test\Core\Inc\stm32g4xx_hal_conf.h_save
2025-05-27 19:54:06,652 [INFO] CodeEngine:335 - Generated code: C:\Users\thepd\STM32CubeIDE\to_stm_base_proj_added_i2c\test\Core\Inc\stm32g4xx_hal_conf.h
2025-05-27 19:54:06,684 [WARN] IPConfigManager:3034 - Warning: the RefConfig RCC_CommonPeriphClockConfig is not available in your config.xml file
2025-05-27 19:54:06,689 [INFO] ApiDbMcu:508 - Load IP Config File for I2C1
2025-05-27 19:54:06,705 [INFO] ApiDbMcu:508 - Load IP Config File for TIM1
2025-05-27 19:54:06,723 [INFO] ApiDbMcu:508 - Load IP Config File for TIM2
2025-05-27 19:54:06,744 [INFO] ApiDbMcu:508 - Load IP Config File for TIM3
2025-05-27 19:54:06,761 [INFO] ApiDbMcu:508 - Load IP Config File for TIM4
2025-05-27 19:54:06,777 [INFO] ApiDbMcu:508 - Load IP Config File for TIM8
2025-05-27 19:54:06,794 [INFO] ApiDbMcu:508 - Load IP Config File for TIM17
2025-05-27 19:54:06,807 [INFO] ApiDbMcu:508 - Load IP Config File for USART1
2025-05-27 19:54:06,810 [INFO] ApiDbMcu:508 - Load IP Config File for RCC
2025-05-27 19:54:06,847 [INFO] CodeEngine:255 - oldGeneratedFile, C:\Users\thepd\STM32CubeIDE\to_stm_base_proj_added_i2c\test\Core\Inc\main.h_save
2025-05-27 19:54:06,960 [INFO] CodeEngine:279 - Generated code: C:\Users\thepd\STM32CubeIDE\to_stm_base_proj_added_i2c\test\Core\Inc\main.h
2025-05-27 19:54:06,994 [INFO] CodeEngine:255 - oldGeneratedFile, C:\Users\thepd\STM32CubeIDE\to_stm_base_proj_added_i2c\test\Core\Src\main.c_save
2025-05-27 19:54:07,159 [INFO] CodeEngine:279 - Generated code: C:\Users\thepd\STM32CubeIDE\to_stm_base_proj_added_i2c\test\Core\Src\main.c
2025-05-27 19:54:07,630 [INFO] ProjectBuilder:3289 - Time for Copy HAL[1] : 242mS.
2025-05-27 19:54:07,635 [INFO] ProjectBuilder:4876 - Project Generator version: 4.5.0-RC5
2025-05-27 19:54:07,737 [INFO] ConfigFileManager:1579 - The Die is : DIE468
2025-05-27 19:54:07,752 [INFO] ApiDbMcu:508 - Load IP Config File for FATFS
2025-05-27 19:54:07,768 [INFO] ApiDbMcu:508 - Load IP Config File for FREERTOS
2025-05-27 19:54:07,786 [INFO] ApiDbMcu:508 - Load IP Config File for USBPD
2025-05-27 19:54:07,807 [INFO] ApiDbMcu:508 - Load IP Config File for USB_DEVICE
2025-05-27 19:54:11,085 [INFO] ProjectBuilder:5154 - Time for Generating toolchain IDE Files: 3450mS.
2025-05-27 19:54:11,089 [INFO] ProjectBuilder:3146 - Time for Copy CMSIS : 1mS.
2025-05-27 19:54:11,094 [INFO] ProjectBuilder:3146 - Time for Copy CMSIS : 0mS.
2025-05-27 20:12:23,812 [ERROR] LogOutputStream:75 - [STDERR_REDIRECT] 
